Workbook

Sheet IMPORTAÇÃO GENOTIPER
A1: CASO: | C1: (IMPORTANTE: 1º SALVAR) | O1: =(IF((A2=1),"Helder - MS",(IF((A2=2),"Carlos - PR",(IF((A2=3),"Rui - PR",(IF((A2=4),"Helder - PR",(IF((A2=5),"Carlos - MS","Opção Incorreta")))))))))) -> Helder - MS
A2: 1 | B2: =IF(OR(($O$17="ERRO"),($W$17="ERRO"),($AU$17="ERRO"),($BC$17="ERRO")),"VERIFICAR ERRO NA AMELOGENINA","DADOS IMPORTADOS") -> DADOS IMPORTADOS | O2: DADOS AJUSTADOS
A3: STR | B3: M1 | C3: M2 | D3: C1 | E3: C2 | F3: SP1 | G3: SP2 | H3: M1 AJ-1 | I3: M1 AJ-2 | J3: M1 AJ-3 | K3: M1 AJ-4 | L3: M1 AJ-5 | M3: M1 AJ-6 | N3: M1 AJ-7 | O3: M1-FIN | P3: M2 AJ-1 | Q3: M2 AJ-2 | R3: M2 AJ-3 | S3: M2 AJ-4 | T3: M2 AJ-5 | U3: M2 AJ-6 | V3: M2 AJ-7 | W3: M2-FIN | X3: C1 AJ-1 | Y3: C1 AJ-2 | Z3: C1 AJ-3 | AA3: C1 AJ-4 | AB3: C1 AJ-5 | AC3: C1 AJ-6 | AD3: C1 AJ-7 | AE3: C1-FIN | AF3: C2 AJ-1 | AG3: C2 AJ-2 | AH3: C2 AJ-3 | AI3: C2 AJ-4 | AJ3: C2 AJ-5 | AK3: C2 AJ-6 | AL3: C2 AJ-7 | AM3: C2-FIN | AN3: SP1 AJ-1 | AO3: SP1 AJ-2 | AP3: SP1 AJ-3 | AQ3: SP1 AJ-4 | AR3: SP1 AJ-5 | AS3: SP1 AJ-6 | AT3: SP1 AJ-7 | AU3: SP1-FIN | AV3: SP2 AJ-1 | AW3: SP2 AJ-2 | AX3: SP2 AJ-3 | AY3: SP2 AJ-4 | AZ3: SP2 AJ-5 | BA3: SP2 AJ-6 | BB3: SP2 AJ-7 | BC3: SP2-FIN
A4: AMEL | B4: ND | C4: ND | D4: X | E4: X | F4: X | G4: Y | H4: =((IF(($B4=38785),9.3,((IF(($B4=38761),13.2,((IF(($B4="31.2"),31.2,((IF(($B4=38787),11.3,((IF(($B4=38759),11.2,((IF(($B4=38763),15.2,((IF(($B4=38765),17.2,((IF(($B4=38772),24.2,0)))))))))))))))))))))))) -> 0 | I4: =((IF(($B4=38800),24.3,((IF(($B4=38773),25.2,((IF(($B4=38046),29.2,((IF(($B4=38075),29.3,((IF(($B4="32.2"),32.2,((IF(($B4="33.2"),33.2,((IF(($B4="34.2"),34.2,((IF(($B4="35.2"),35.2,0)))))))))))))))))))))))) -> 0 | J4: =((IF(($B4=38767),19.2,((IF(($B4="21.2"),21.2,((IF(($B4="22.2"),22.2,((IF(($B4="22.3"),22.3,((IF(($B4="26.2"),26.2,((IF(($B4="42.2"),42.2,((IF(($B4="44.2"),44.2,((IF(($B4="46.2"),46.2,0)))))))))))))))))))))))) -> 0 | K4: =((IF(($B4="47.2"),47.2,((IF(($B4="50.2"),50.2,((IF(($B4="8.3"),8.3,((IF(($B4="23.2"),23.2,((IF(($B4="43.2"),43.2,((IF(($B4="45.2"),45.2,((IF(($B4="48.2"),48.2,((IF(($B4="51.2"),51.2,0)))))))))))))))))))))))) -> 0 | L4: =((IF(($B4="13.3"),13.3,((IF(($B4=38758),10.2,((IF(($B4=38762),14.2,((IF(($B4=38760),12.2,((IF(($B4=38764),16.2,((IF(($B4=38766),18.2,((IF(($B4=38776),28.2,((IF(($B4="30.2"),30.2,0)))))))))))))))))))))))) -> 0 | M4: =((IF(($B4="34.1"),34.1,((IF(($B4="35.1"),35.1,((IF(($B4=38733),16.1,((IF(($B4=38768),20.2,((IF(($B4=38774),26.2,0))))))))))))))) -> 0 | O4: =(IF((SUM(H4:N4)<>0),(SUM(H4:N4)),$B4)) -> ND | P4: =((IF(($C4=38785),9.3,((IF(($C4=38761),13.2,((IF(($C4="31.2"),31.2,((IF(($C4=38787),11.3,((IF(($C4=38759),11.2,((IF(($C4=38763),15.2,((IF(($C4=38765),4.2,((IF(($C4=38772),24.2,0)))))))))))))))))))))))) -> 0 | Q4: =((IF(($C4=38800),24.3,((IF(($C4=38773),25.2,((IF(($C4=38046),29.2,((IF(($C4=38075),29.3,((IF(($C4="32.2"),32.2,((IF(($C4="33.2"),33.2,((IF(($C4="34.2"),34.2,((IF(($C4="35.2"),35.2,0)))))))))))))))))))))))) -> 0 | R4: =((IF(($C4=38767),19.2,((IF(($C4="21.2"),21.2,((IF(($C4="22.2"),22.2,((IF(($C4="22.3"),22.3,((IF(($C4="26.2"),26.2,((IF(($C4="42.2"),42.2,((IF(($C4="44.2"),44.2,((IF(($C4="46.2"),46.2,0)))))))))))))))))))))))) -> 0 | S4: =((IF(($C4="47.2"),47.2,((IF(($C4="50.2"),50.2,((IF(($C4="8.3"),8.3,((IF(($C4="23.2"),23.2,((IF(($C4="43.2"),43.2,((IF(($C4="45.2"),45.2,((IF(($C4="48.2"),48.2,((IF(($C4="51.2"),51.2,0)))))))))))))))))))))))) -> 0 | T4: =((IF(($C4="13.3"),13.3,((IF(($C4=38758),10.2,((IF(($C4=38762),14.2,((IF(($C4=38760),12.2,((IF(($C4=38764),16.2,((IF(($C4=38766),18.2,((IF(($C4=38776),28.2,((IF(($C4="30.2"),30.2,0)))))))))))))))))))))))) -> 0 | U4: =((IF(($C4="34.1"),34.1,((IF(($C4="35.1"),35.1,((IF(($C4=38733),16.1,((IF(($C4=38768),20.2,((IF(($C4=38774),26.2,((IF(($C4=38771),23.2,0)))))))))))))))))) -> 0 | W4: =(IF((SUM(P4:V4)<>0),(SUM(P4:V4)),$C4)) -> ND | X4: =((IF(($D4=38785),9.3,((IF(($D4=38761),13.2,((IF(($D4="31.2"),31.2,((IF(($D4=38787),11.3,((IF(($D4=38759),11.2,((IF(($D4=38763),15.2,((IF(($D4=38765),4.2,((IF(($D4=38772),24.2,0)))))))))))))))))))))))) -> 0 | Y4: =((IF(($D4=38800),24.3,((IF(($D4=38773),25.2,((IF(($D4=38046),29.2,((IF(($D4=38075),29.3,((IF(($D4="32.2"),32.2,((IF(($D4="33.2"),33.2,((IF(($D4="34.2"),34.2,((IF(($D4="35.2"),35.2,0)))))))))))))))))))))))) -> 0 | Z4: =((IF(($D4=38767),19.2,((IF(($D4="21.2"),21.2,((IF(($D4="22.2"),22.2,((IF(($D4="22.3"),22.3,((IF(($D4="26.2"),26.2,((IF(($D4="42.2"),42.2,((IF(($D4="44.2"),44.2,((IF(($D4="46.2"),46.2,0)))))))))))))))))))))))) -> 0 | AA4: =((IF(($D4="47.2"),47.2,((IF(($D4="50.2"),50.2,((IF(($D4="8.3"),8.3,((IF(($D4="23.2"),23.2,((IF(($D4="43.2"),43.2,((IF(($D4="45.2"),45.2,((IF(($D4="48.2"),48.2,((IF(($D4="51.2"),51.2,0)))))))))))))))))))))))) -> 0 | AB4: =((IF(($D4="13.3"),13.3,((IF(($D4=38758),10.2,((IF(($D4=38762),14.2,((IF(($D4=38760),12.2,((IF(($D4=38764),16.2,((IF(($D4=38766),18.2,((IF(($D4=38776),28.2,((IF(($D4="30.2"),30.2,0)))))))))))))))))))))))) -> 0 | AC4: =((IF(($D4="34.1"),34.1,((IF(($D4="35.1"),35.1,((IF(($D4=38733),16.1,((IF(($D4=38768),20.2,((IF(($D4=38774),26.2,0))))))))))))))) -> 0 | AE4: =(IF((SUM(X4:AD4)<>0),(SUM(X4:AD4)),$D4)) -> X | AF4: =((IF(($E4=38785),9.3,((IF(($E4=38761),13.2,((IF(($E4="31.2"),31.2,((IF(($E4=38787),11.3,((IF(($E4=38759),11.2,((IF(($E4=38763),15.2,((IF(($E4=38765),4.2,((IF(($E4=38772),24.2,0)))))))))))))))))))))))) -> 0 | AG4: =((IF(($E4=38800),24.3,((IF(($E4=38773),25.2,((IF(($E4=38046),29.2,((IF(($E4=38075),29.3,((IF(($E4="32.2"),32.2,((IF(($E4="33.2"),33.2,((IF(($E4="34.2"),34.2,((IF(($E4="35.2"),35.2,0)))))))))))))))))))))))) -> 0 | AH4: =((IF(($E4=38767),19.2,((IF(($E4="21.2"),21.2,((IF(($E4="22.2"),22.2,((IF(($E4="22.3"),22.3,((IF(($E4="26.2"),26.2,((IF(($E4="42.2"),42.2,((IF(($E4="44.2"),44.2,((IF(($E4="46.2"),46.2,0)))))))))))))))))))))))) -> 0 | AI4: =((IF(($E4="47.2"),47.2,((IF(($E4="50.2"),50.2,((IF(($E4="8.3"),8.3,((IF(($E4="23.2"),23.2,((IF(($E4="43.2"),43.2,((IF(($E4="45.2"),45.2,((IF(($E4="48.2"),48.2,((IF(($E4="51.2"),51.2,0)))))))))))))))))))))))) -> 0 | AJ4: =((IF(($E4="13.3"),13.3,((IF(($E4=38758),10.2,((IF(($E4=38762),14.2,((IF(($E4=38760),12.2,((IF(($E4=38764),16.2,((IF(($E4=38766),18.2,((IF(($E4=38776),28.2,((IF(($E4="30.2"),30.2,0)))))))))))))))))))))))) -> 0 | AK4: =((IF(($E4="34.1"),34.1,((IF(($E4="35.1"),35.1,((IF(($E4=38733),16.1,((IF(($E4=38768),20.2,((IF(($E4=38774),26.2,((IF(($E4=38771),23.2,0)))))))))))))))))) -> 0 | AM4: =(IF((SUM(AF4:AL4)<>0),(SUM(AF4:AL4)),$E4)) -> X | AN4: =((IF(($F4=38785),9.3,((IF(($F4=38761),13.2,((IF(($F4="31.2"),31.2,((IF(($F4=38787),11.3,((IF(($F4=38759),11.2,((IF(($F4=38763),15.2,((IF(($F4=38765),4.2,((IF(($F4=38772),24.2,0)))))))))))))))))))))))) -> 0 | AO4: =((IF(($F4=38800),24.3,((IF(($F4=38773),25.2,((IF(($F4=38046),29.2,((IF(($F4=38075),29.3,((IF(($F4="32.2"),32.2,((IF(($F4="33.2"),33.2,((IF(($F4="34.2"),34.2,((IF(($F4="35.2"),35.2,0)))))))))))))))))))))))) -> 0 | AP4: =((IF(($F4=38767),19.2,((IF(($F4="21.2"),21.2,((IF(($F4="22.2"),22.2,((IF(($F4="22.3"),22.3,((IF(($F4="26.2"),26.2,((IF(($F4="42.2"),42.2,((IF(($F4="44.2"),44.2,((IF(($F4="46.2"),46.2,0)))))))))))))))))))))))) -> 0 | AQ4: =((IF(($F4="47.2"),47.2,((IF(($F4="50.2"),50.2,((IF(($F4="8.3"),8.3,((IF(($F4="23.2"),23.2,((IF(($F4="43.2"),43.2,((IF(($F4="45.2"),45.2,((IF(($F4="48.2"),48.2,((IF(($F4="51.2"),51.2,0)))))))))))))))))))))))) -> 0 | AR4: =((IF(($F4="13.3"),13.3,((IF(($F4=38758),10.2,((IF(($F4=38762),14.2,((IF(($F4=38760),12.2,((IF(($F4=38764),16.2,((IF(($F4=38766),18.2,((IF(($F4=38776),28.2,((IF(($F4="30.2"),30.2,0)))))))))))))))))))))))) -> 0 | AS4: =((IF(($F4="34.1"),34.1,((IF(($F4="35.1"),35.1,((IF(($F4=38733),16.1,((IF(($F4=38768),20.2,((IF(($F4=38774),26.2,0))))))))))))))) -> 0 | AU4: =(IF((SUM(AN4:AT4)<>0),(SUM(AN4:AT4)),$F4)) -> X | AV4: =(IF((SUM(AO4:AU4)<>0),(SUM(AO4:AU4)),$E4)) -> X | AW4: =(IF((SUM(AP4:AV4)<>0),(SUM(AP4:AV4)),$E4)) -> X | AX4: =(IF((SUM(AQ4:AW4)<>0),(SUM(AQ4:AW4)),$E4)) -> X | AY4: =(IF((SUM(AR4:AX4)<>0),(SUM(AR4:AX4)),$E4)) -> X | AZ4: =(IF((SUM(AS4:AY4)<>0),(SUM(AS4:AY4)),$E4)) -> X | BA4: =(IF((SUM(AT4:AZ4)<>0),(SUM(AT4:AZ4)),$E4)) -> X | BB4: =(IF((SUM(AU4:BA4)<>0),(SUM(AU4:BA4)),$E4)) -> X | BC4: =(IF((SUM(AV4:BB4)<>0),(SUM(AV4:BB4)),$G4)) -> Y
A5: =FREQUENCIAS!B$1 -> D3S1358 | B5: ND | C5: ND | D5: 15 | E5: 17 | F5: 15 | G5: 16 | H5: =((IF(($B5=38785),9.3,((IF(($B5=38761),13.2,((IF(($B5="31.2"),31.2,((IF(($B5=38787),11.3,((IF(($B5=38759),11.2,((IF(($B5=38763),15.2,((IF(($B5=38765),17.2,((IF(($B5=38772),24.2,0)))))))))))))))))))))))) -> 0 | I5: =((IF(($B5=38800),24.3,((IF(($B5=38773),25.2,((IF(($B5=38046),29.2,((IF(($B5=38075),29.3,((IF(($B5="32.2"),32.2,((IF(($B5="33.2"),33.2,((IF(($B5="34.2"),34.2,((IF(($B5="35.2"),35.2,0)))))))))))))))))))))))) -> 0 | J5: =((IF(($B5=38767),19.2,((IF(($B5="21.2"),21.2,((IF(($B5="22.2"),22.2,((IF(($B5="22.3"),22.3,((IF(($B5="26.2"),26.2,((IF(($B5="42.2"),42.2,((IF(($B5="44.2"),44.2,((IF(($B5="46.2"),46.2,0)))))))))))))))))))))))) -> 0 | K5: =((IF(($B5="47.2"),47.2,((IF(($B5="50.2"),50.2,((IF(($B5="8.3"),8.3,((IF(($B5="23.2"),23.2,((IF(($B5="43.2"),43.2,((IF(($B5="45.2"),45.2,((IF(($B5="48.2"),48.2,((IF(($B5="51.2"),51.2,0)))))))))))))))))))))))) -> 0 | L5: =((IF(($B5="13.3"),13.3,((IF(($B5=38758),10.2,((IF(($B5=38762),14.2,((IF(($B5=38760),12.2,((IF(($B5=38764),16.2,((IF(($B5=38766),18.2,((IF(($B5=38776),28.2,((IF(($B5="30.2"),30.2,0)))))))))))))))))))))))) -> 0 | M5: =((IF(($B5="34.1"),34.1,((IF(($B5="35.1"),35.1,((IF(($B5=38733),16.1,((IF(($B5=38768),20.2,((IF(($B5=38774),26.2,((IF(($B5=38771),23.2,((IF(($B5="29.2"),29.2,0))))))))))))))))))))) -> 0 | O5: =(IF((SUM(H5:N5)<>0),(SUM(H5:N5)),$B5)) -> ND | P5: =((IF(($C5=38785),9.3,((IF(($C5=38761),13.2,((IF(($C5="31.2"),31.2,((IF(($C5=38787),11.3,((IF(($C5=38759),11.2,((IF(($C5=38763),15.2,((IF(($C5=38765),17.2,((IF(($C5=38772),24.2,0)))))))))))))))))))))))) -> 0 | Q5: =((IF(($C5=38800),24.3,((IF(($C5=38773),25.2,((IF(($C5=38046),29.2,((IF(($C5=38075),29.3,((IF(($C5="32.2"),32.2,((IF(($C5="33.2"),33.2,((IF(($C5="34.2"),34.2,((IF(($C5="35.2"),35.2,0)))))))))))))))))))))))) -> 0 | R5: =((IF(($C5=38767),19.2,((IF(($C5="21.2"),21.2,((IF(($C5="22.2"),22.2,((IF(($C5="22.3"),22.3,((IF(($C5="26.2"),26.2,((IF(($C5="42.2"),42.2,((IF(($C5="44.2"),44.2,((IF(($C5="46.2"),46.2,0)))))))))))))))))))))))) -> 0 | S5: =((IF(($C5="47.2"),47.2,((IF(($C5="50.2"),50.2,((IF(($C5="8.3"),8.3,((IF(($C5="23.2"),23.2,((IF(($C5="43.2"),43.2,((IF(($C5="45.2"),45.2,((IF(($C5="48.2"),48.2,((IF(($C5="51.2"),51.2,0)))))))))))))))))))))))) -> 0 | T5: =((IF(($C5="13.3"),13.3,((IF(($C5=38758),10.2,((IF(($C5=38762),14.2,((IF(($C5=38760),12.2,((IF(($C5=38764),16.2,((IF(($C5=38766),18.2,((IF(($C5=38776),28.2,((IF(($C5="30.2"),30.2,0)))))))))))))))))))))))) -> 0 | U5: =((IF(($C5="34.1"),34.1,((IF(($C5="35.1"),35.1,((IF(($C5=38733),16.1,((IF(($C5=38768),20.2,((IF(($C5=38774),26.2,((IF(($C5=38771),23.2,((IF(($C5="29.2"),29.2,0))))))))))))))))))))) -> 0 | W5: =(IF((SUM(P5:V5)<>0),(SUM(P5:V5)),$C5)) -> ND | X5: =((IF(($D5=38785),9.3,((IF(($D5=38761),13.2,((IF(($D5="31.2"),31.2,((IF(($D5=38787),11.3,((IF(($D5=38759),11.2,((IF(($D5=38763),15.2,((IF(($D5=38765),17.2,((IF(($D5=38772),24.2,0)))))))))))))))))))))))) -> 0 | Y5: =((IF(($D5=38800),24.3,((IF(($D5=38773),25.2,((IF(($D5=38046),29.2,((IF(($D5=38075),29.3,((IF(($D5="32.2"),32.2,((IF(($D5="33.2"),33.2,((IF(($D5="34.2"),34.2,((IF(($D5="35.2"),35.2,0)))))))))))))))))))))))) -> 0 | Z5: =((IF(($D5=38767),19.2,((IF(($D5="21.2"),21.2,((IF(($D5="22.2"),22.2,((IF(($D5="22.3"),22.3,((IF(($D5="26.2"),26.2,((IF(($D5="42.2"),42.2,((IF(($D5="44.2"),44.2,((IF(($D5="46.2"),46.2,0)))))))))))))))))))))))) -> 0 | AA5: =((IF(($D5="47.2"),47.2,((IF(($D5="50.2"),50.2,((IF(($D5="8.3"),8.3,((IF(($D5="23.2"),23.2,((IF(($D5="43.2"),43.2,((IF(($D5="45.2"),45.2,((IF(($D5="48.2"),48.2,((IF(($D5="51.2"),51.2,0)))))))))))))))))))))))) -> 0 | AB5: =((IF(($D5="13.3"),13.3,((IF(($D5=38758),10.2,((IF(($D5=38762),14.2,((IF(($D5=38760),12.2,((IF(($D5=38764),16.2,((IF(($D5=38766),18.2,((IF(($D5=38776),28.2,((IF(($D5="30.2"),30.2,0)))))))))))))))))))))))) -> 0 | AC5: =((IF(($D5="34.1"),34.1,((IF(($D5="35.1"),35.1,((IF(($D5=38733),16.1,((IF(($D5=38768),20.2,((IF(($D5=38774),26.2,((IF(($D5=38771),23.2,((IF(($D5="29.2"),29.2,0))))))))))))))))))))) -> 0 | AE5: =(IF((SUM(X5:AD5)<>0),(SUM(X5:AD5)),$D5)) -> 15 | AF5: =((IF(($E5=38785),9.3,((IF(($E5=38761),13.2,((IF(($E5="31.2"),31.2,((IF(($E5=38787),11.3,((IF(($E5=38759),11.2,((IF(($E5=38763),15.2,((IF(($E5=38765),17.2,((IF(($E5=38772),24.2,0)))))))))))))))))))))))) -> 0 | AG5: =((IF(($E5=38800),24.3,((IF(($E5=38773),25.2,((IF(($E5=38046),29.2,((IF(($E5=38075),29.3,((IF(($E5="32.2"),32.2,((IF(($E5="33.2"),33.2,((IF(($E5="34.2"),34.2,((IF(($E5="35.2"),35.2,0)))))))))))))))))))))))) -> 0 | AH5: =((IF(($E5=38767),19.2,((IF(($E5="21.2"),21.2,((IF(($E5="22.2"),22.2,((IF(($E5="22.3"),22.3,((IF(($E5="26.2"),26.2,((IF(($E5="42.2"),42.2,((IF(($E5="44.2"),44.2,((IF(($E5="46.2"),46.2,0)))))))))))))))))))))))) -> 0 | AI5: =((IF(($E5="47.2"),47.2,((IF(($E5="50.2"),50.2,((IF(($E5="8.3"),8.3,((IF(($E5="23.2"),23.2,((IF(($E5="43.2"),43.2,((IF(($E5="45.2"),45.2,((IF(($E5="48.2"),48.2,((IF(($E5="51.2"),51.2,0)))))))))))))))))))))))) -> 0 | AJ5: =((IF(($E5="13.3"),13.3,((IF(($E5=38758),10.2,((IF(($E5=38762),14.2,((IF(($E5=38760),12.2,((IF(($E5=38764),16.2,((IF(($E5=38766),18.2,((IF(($E5=38776),28.2,((IF(($E5="30.2"),30.2,0)))))))))))))))))))))))) -> 0 | AK5: =((IF(($E5="34.1"),34.1,((IF(($E5="35.1"),35.1,((IF(($E5=38733),16.1,((IF(($E5=38768),20.2,((IF(($E5=38774),26.2,((IF(($E5=38771),23.2,((IF(($E5="29.2"),29.2,0))))))))))))))))))))) -> 0 | AM5: =(IF((SUM(AF5:AL5)<>0),(SUM(AF5:AL5)),$E5)) -> 17 | AN5: =((IF(($F5=38785),9.3,((IF(($F5=38761),13.2,((IF(($F5="31.2"),31.2,((IF(($F5=38787),11.3,((IF(($F5=38759),11.2,((IF(($F5=38763),15.2,((IF(($F5=38765),17.2,((IF(($F5=38772),24.2,0)))))))))))))))))))))))) -> 0 | AO5: =((IF(($F5=38800),24.3,((IF(($F5=38773),25.2,((IF(($F5=38046),29.2,((IF(($F5=38075),29.3,((IF(($F5="32.2"),32.2,((IF(($F5="33.2"),33.2,((IF(($F5="34.2"),34.2,((IF(($F5="35.2"),35.2,0)))))))))))))))))))))))) -> 0 | AP5: =((IF(($F5=38767),19.2,((IF(($F5="21.2"),21.2,((IF(($F5="22.2"),22.2,((IF(($F5="22.3"),22.3,((IF(($F5="26.2"),26.2,((IF(($F5="42.2"),42.2,((IF(($F5="44.2"),44.2,((IF(($F5="46.2"),46.2,0)))))))))))))))))))))))) -> 0 | AQ5: =((IF(($F5="47.2"),47.2,((IF(($F5="50.2"),50.2,((IF(($F5="8.3"),8.3,((IF(($F5="23.2"),23.2,((IF(($F5="43.2"),43.2,((IF(($F5="45.2"),45.2,((IF(($F5="48.2"),48.2,((IF(($F5="51.2"),51.2,0)))))))))))))))))))))))) -> 0 | AR5: =((IF(($F5="13.3"),13.3,((IF(($F5=38758),10.2,((IF(($F5=38762),14.2,((IF(($F5=38760),12.2,((IF(($F5=38764),16.2,((IF(($F5=38766),18.2,((IF(($F5=38776),28.2,((IF(($F5="30.2"),30.2,0)))))))))))))))))))))))) -> 0 | AS5: =((IF(($F5="34.1"),34.1,((IF(($F5="35.1"),35.1,((IF(($F5=38733),16.1,((IF(($F5=38768),20.2,((IF(($F5=38774),26.2,((IF(($F5=38771),23.2,((IF(($F5="29.2"),29.2,0))))))))))))))))))))) -> 0 | AU5: =(IF((SUM(AN5:AT5)<>0),(SUM(AN5:AT5)),$F5)) -> 15 | AV5: =((IF(($G5=38785),9.3,((IF(($G5=38761),13.2,((IF(($G5="31.2"),31.2,((IF(($G5=38787),11.3,((IF(($G5=38759),11.2,((IF(($G5=38763),15.2,((IF(($G5=38765),17.2,((IF(($G5=38772),24.2,0)))))))))))))))))))))))) -> 0 | AW5: =((IF(($G5=38800),24.3,((IF(($G5=38773),25.2,((IF(($G5=38046),29.2,((IF(($G5=38075),29.3,((IF(($G5="32.2"),32.2,((IF(($G5="33.2"),33.2,((IF(($G5="34.2"),34.2,((IF(($G5="35.2"),35.2,0)))))))))))))))))))))))) -> 0 | AX5: =((IF(($G5=38767),19.2,((IF(($G5="21.2"),21.2,((IF(($G5="22.2"),22.2,((IF(($G5="22.3"),22.3,((IF(($G5="26.2"),26.2,((IF(($G5="42.2"),42.2,((IF(($G5="44.2"),44.2,((IF(($G5="46.2"),46.2,0)))))))))))))))))))))))) -> 0 | AY5: =((IF(($G5="47.2"),47.2,((IF(($G5="50.2"),50.2,((IF(($G5="8.3"),8.3,((IF(($G5="23.2"),23.2,((IF(($G5="43.2"),43.2,((IF(($G5="45.2"),45.2,((IF(($G5="48.2"),48.2,((IF(($G5="51.2"),51.2,0)))))))))))))))))))))))) -> 0 | AZ5: =((IF(($G5="13.3"),13.3,((IF(($G5=38758),10.2,((IF(($G5=38762),14.2,((IF(($G5=38760),12.2,((IF(($G5=38764),16.2,((IF(($G5=38766),18.2,((IF(($G5=38776),28.2,((IF(($G5="30.2"),30.2,0)))))))))))))))))))))))) -> 0 | BA5: =((IF(($G5="34.1"),34.1,((IF(($G5="35.1"),35.1,((IF(($G5=38733),16.1,((IF(($G5=38768),20.2,((IF(($G5=38774),26.2,((IF(($G5=38771),23.2,((IF(($G5="29.2"),29.2,0))))))))))))))))))))) -> 0 | BC5: =(IF((SUM(AV5:BB5)<>0),(SUM(AV5:BB5)),$G5)) -> 16
A6: =FREQUENCIAS!C$1 -> D1S1656 | B6: ND | C6: ND | D6: 15.3 | E6: 17 | F6: 16 | G6: 17 | H6: =((IF(($B6=38785),9.3,((IF(($B6=38761),13.2,((IF(($B6="31.2"),31.2,((IF(($B6=38787),11.3,((IF(($B6=38759),11.2,((IF(($B6=38763),15.2,((IF(($B6=38765),17.2,((IF(($B6=38772),24.2,0)))))))))))))))))))))))) -> 0 | I6: =((IF(($B6=38800),24.3,((IF(($B6=38773),25.2,((IF(($B6=38046),29.2,((IF(($B6=38075),29.3,((IF(($B6="32.2"),32.2,((IF(($B6="33.2"),33.2,((IF(($B6="34.2"),34.2,((IF(($B6="35.2"),35.2,0)))))))))))))))))))))))) -> 0 | J6: =((IF(($B6=38767),19.2,((IF(($B6="21.2"),21.2,((IF(($B6="22.2"),22.2,((IF(($B6="22.3"),22.3,((IF(($B6="26.2"),26.2,((IF(($B6="42.2"),42.2,((IF(($B6="44.2"),44.2,((IF(($B6="46.2"),46.2,0)))))))))))))))))))))))) -> 0 | K6: =((IF(($B6="47.2"),47.2,((IF(($B6="50.2"),50.2,((IF(($B6="8.3"),8.3,((IF(($B6="23.2"),23.2,((IF(($B6="43.2"),43.2,((IF(($B6="45.2"),45.2,((IF(($B6="48.2"),48.2,((IF(($B6="51.2"),51.2,0)))))))))))))))))))))))) -> 0 | L6: =((IF(($B6="13.3"),13.3,((IF(($B6=38758),10.2,((IF(($B6=38762),14.2,((IF(($B6=38760),12.2,((IF(($B6=38764),16.2,((IF(($B6=38766),18.2,((IF(($B6=38776),28.2,((IF(($B6="30.2"),30.2,0)))))))))))))))))))))))) -> 0 | M6: =((IF(($B6="34.1"),34.1,((IF(($B6="35.1"),35.1,((IF(($B6=38733),16.1,((IF(($B6=38768),20.2,((IF(($B6=38774),26.2,0))))))))))))))) -> 0 | O6: =(IF((SUM(H6:N6)<>0),(SUM(H6:N6)),$B6)) -> ND | P6: =((IF(($C6=38785),9.3,((IF(($C6=38761),13.2,((IF(($C6="31.2"),31.2,((IF(($C6=38787),11.3,((IF(($C6=38759),11.2,((IF(($C6=38763),15.2,((IF(($C6=38765),17.2,((IF(($C6=38772),24.2,0)))))))))))))))))))))))) -> 0 | Q6: =((IF(($C6=38800),24.3,((IF(($C6=38773),25.2,((IF(($C6=38046),29.2,((IF(($C6=38075),29.3,((IF(($C6="32.2"),32.2,((IF(($C6="33.2"),33.2,((IF(($C6="34.2"),34.2,((IF(($C6="35.2"),35.2,0)))))))))))))))))))))))) -> 0 | R6: =((IF(($C6=38767),19.2,((IF(($C6="21.2"),21.2,((IF(($C6="22.2"),22.2,((IF(($C6="22.3"),22.3,((IF(($C6="26.2"),26.2,((IF(($C6="42.2"),42.2,((IF(($C6="44.2"),44.2,((IF(($C6="46.2"),46.2,0)))))))))))))))))))))))) -> 0 | S6: =((IF(($C6="47.2"),47.2,((IF(($C6="50.2"),50.2,((IF(($C6="8.3"),8.3,((IF(($C6="23.2"),23.2,((IF(($C6="43.2"),43.2,((IF(($C6="45.2"),45.2,((IF(($C6="48.2"),48.2,((IF(($C6="51.2"),51.2,0)))))))))))))))))))))))) -> 0 | T6: =((IF(($C6="13.3"),13.3,((IF(($C6=38758),10.2,((IF(($C6=38762),14.2,((IF(($C6=38760),12.2,((IF(($C6=38764),16.2,((IF(($C6=38766),18.2,((IF(($C6=38776),28.2,((IF(($C6="30.2"),30.2,0)))))))))))))))))))))))) -> 0 | U6: =((IF(($C6="34.1"),34.1,((IF(($C6="35.1"),35.1,((IF(($C6=38733),16.1,((IF(($C6=38768),20.2,((IF(($C6=38774),26.2,((IF(($C6=38771),23.2,0)))))))))))))))))) -> 0 | W6: =(IF((SUM(P6:V6)<>0),(SUM(P6:V6)),$C6)) -> ND | X6: =((IF(($D6=38785),9.3,((IF(($D6=38761),13.2,((IF(($D6="31.2"),31.2,((IF(($D6=38787),11.3,((IF(($D6=38759),11.2,((IF(($D6=38763),15.2,((IF(($D6=38765),17.2,((IF(($D6=38772),24.2,0)))))))))))))))))))))))) -> 0 | Y6: =((IF(($D6=38800),24.3,((IF(($D6=38773),25.2,((IF(($D6=38046),29.2,((IF(($D6=38075),29.3,((IF(($D6="32.2"),32.2,((IF(($D6="33.2"),33.2,((IF(($D6="34.2"),34.2,((IF(($D6="35.2"),35.2,0)))))))))))))))))))))))) -> 0 | Z6: =((IF(($D6=38767),19.2,((IF(($D6="21.2"),21.2,((IF(($D6="22.2"),22.2,((IF(($D6="22.3"),22.3,((IF(($D6="26.2"),26.2,((IF(($D6="42.2"),42.2,((IF(($D6="44.2"),44.2,((IF(($D6="46.2"),46.2,0)))))))))))))))))))))))) -> 0 | AA6: =((IF(($D6="47.2"),47.2,((IF(($D6="50.2"),50.2,((IF(($D6="8.3"),8.3,((IF(($D6="23.2"),23.2,((IF(($D6="43.2"),43.2,((IF(($D6="45.2"),45.2,((IF(($D6="48.2"),48.2,((IF(($D6="51.2"),51.2,0)))))))))))))))))))))))) -> 0 | AB6: =((IF(($D6="13.3"),13.3,((IF(($D6=38758),10.2,((IF(($D6=38762),14.2,((IF(($D6=38760),12.2,((IF(($D6=38764),16.2,((IF(($D6=38766),18.2,((IF(($D6=38776),28.2,((IF(($D6="30.2"),30.2,0)))))))))))))))))))))))) -> 0 | AC6: =((IF(($D6="34.1"),34.1,((IF(($D6="35.1"),35.1,((IF(($D6=38733),16.1,((IF(($D6=38768),20.2,((IF(($D6=38774),26.2,0))))))))))))))) -> 0 | AE6: =(IF((SUM(X6:AD6)<>0),(SUM(X6:AD6)),$D6)) -> 15.3 | AF6: =((IF(($E6=38785),9.3,((IF(($E6=38761),13.2,((IF(($E6="31.2"),31.2,((IF(($E6=38787),11.3,((IF(($E6=38759),11.2,((IF(($E6=38763),15.2,((IF(($E6=38765),17.2,((IF(($E6=38772),24.2,0)))))))))))))))))))))))) -> 0 | AG6: =((IF(($E6=38800),24.3,((IF(($E6=38773),25.2,((IF(($E6=38046),29.2,((IF(($E6=38075),29.3,((IF(($E6="32.2"),32.2,((IF(($E6="33.2"),33.2,((IF(($E6="34.2"),34.2,((IF(($E6="35.2"),35.2,0)))))))))))))))))))))))) -> 0 | AH6: =((IF(($E6=38767),19.2,((IF(($E6="21.2"),21.2,((IF(($E6="22.2"),22.2,((IF(($E6="22.3"),22.3,((IF(($E6="26.2"),26.2,((IF(($E6="42.2"),42.2,((IF(($E6="44.2"),44.2,((IF(($E6="46.2"),46.2,0)))))))))))))))))))))))) -> 0 | AI6: =((IF(($E6="47.2"),47.2,((IF(($E6="50.2"),50.2,((IF(($E6="8.3"),8.3,((IF(($E6="23.2"),23.2,((IF(($E6="43.2"),43.2,((IF(($E6="45.2"),45.2,((IF(($E6="48.2"),48.2,((IF(($E6="51.2"),51.2,0)))))))))))))))))))))))) -> 0 | AJ6: =((IF(($E6="13.3"),13.3,((IF(($E6=38758),10.2,((IF(($E6=38762),14.2,((IF(($E6=38760),12.2,((IF(($E6=38764),16.2,((IF(($E6=38766),18.2,((IF(($E6=38776),28.2,((IF(($E6="30.2"),30.2,0)))))))))))))))))))))))) -> 0 | AK6: =((IF(($E6="34.1"),34.1,((IF(($E6="35.1"),35.1,((IF(($E6=38733),16.1,((IF(($E6=38768),20.2,((IF(($E6=38774),26.2,((IF(($E6=38771),23.2,0)))))))))))))))))) -> 0 | AM6: =(IF((SUM(AF6:AL6)<>0),(SUM(AF6:AL6)),$E6)) -> 17 | AN6: =((IF(($F6=38785),9.3,((IF(($F6=38761),13.2,((IF(($F6="31.2"),31.2,((IF(($F6=38787),11.3,((IF(($F6=38759),11.2,((IF(($F6=38763),15.2,((IF(($F6=38765),17.2,((IF(($F6=38772),24.2,0)))))))))))))))))))))))) -> 0 | AO6: =((IF(($F6=38800),24.3,((IF(($F6=38773),25.2,((IF(($F6=38046),29.2,((IF(($F6=38075),29.3,((IF(($F6="32.2"),32.2,((IF(($F6="33.2"),33.2,((IF(($F6="34.2"),34.2,((IF(($F6="35.2"),35.2,0)))))))))))))))))))))))) -> 0 | AP6: =((IF(($F6=38767),19.2,((IF(($F6="21.2"),21.2,((IF(($F6="22.2"),22.2,((IF(($F6="22.3"),22.3,((IF(($F6="26.2"),26.2,((IF(($F6="42.2"),42.2,((IF(($F6="44.2"),44.2,((IF(($F6="46.2"),46.2,0)))))))))))))))))))))))) -> 0 | AQ6: =((IF(($F6="47.2"),47.2,((IF(($F6="50.2"),50.2,((IF(($F6="8.3"),8.3,((IF(($F6="23.2"),23.2,((IF(($F6="43.2"),43.2,((IF(($F6="45.2"),45.2,((IF(($F6="48.2"),48.2,((IF(($F6="51.2"),51.2,0)))))))))))))))))))))))) -> 0 | AR6: =((IF(($F6="13.3"),13.3,((IF(($F6=38758),10.2,((IF(($F6=38762),14.2,((IF(($F6=38760),12.2,((IF(($F6=38764),16.2,((IF(($F6=38766),18.2,((IF(($F6=38776),28.2,((IF(($F6="30.2"),30.2,0)))))))))))))))))))))))) -> 0 | AS6: =((IF(($F6="34.1"),34.1,((IF(($F6="35.1"),35.1,((IF(($F6=38733),16.1,((IF(($F6=38768),20.2,((IF(($F6=38774),26.2,0))))))))))))))) -> 0 | AU6: =(IF((SUM(AN6:AT6)<>0),(SUM(AN6:AT6)),$F6)) -> 16 | AV6: =((IF(($G6=38785),9.3,((IF(($G6=38761),13.2,((IF(($G6="31.2"),31.2,((IF(($G6=38787),11.3,((IF(($G6=38759),11.2,((IF(($G6=38763),15.2,((IF(($G6=38765),17.2,((IF(($G6=38772),24.2,0)))))))))))))))))))))))) -> 0 | AW6: =((IF(($G6=38800),24.3,((IF(($G6=38773),25.2,((IF(($G6=38046),29.2,((IF(($G6=38075),29.3,((IF(($G6="32.2"),32.2,((IF(($G6="33.2"),33.2,((IF(($G6="34.2"),34.2,((IF(($G6="35.2"),35.2,0)))))))))))))))))))))))) -> 0 | AX6: =((IF(($G6=38767),19.2,((IF(($G6="21.2"),21.2,((IF(($G6="22.2"),22.2,((IF(($G6="22.3"),22.3,((IF(($G6="26.2"),26.2,((IF(($G6="42.2"),42.2,((IF(($G6="44.2"),44.2,((IF(($G6="46.2"),46.2,0)))))))))))))))))))))))) -> 0 | AY6: =((IF(($G6="47.2"),47.2,((IF(($G6="50.2"),50.2,((IF(($G6="8.3"),8.3,((IF(($G6="23.2"),23.2,((IF(($G6="43.2"),43.2,((IF(($G6="45.2"),45.2,((IF(($G6="48.2"),48.2,((IF(($G6="51.2"),51.2,0)))))))))))))))))))))))) -> 0 | AZ6: =((IF(($G6="13.3"),13.3,((IF(($G6=38758),10.2,((IF(($G6=38762),14.2,((IF(($G6=38760),12.2,((IF(($G6=38764),16.2,((IF(($G6=38766),18.2,((IF(($G6=38776),28.2,((IF(($G6="30.2"),30.2,0)))))))))))))))))))))))) -> 0 | BA6: =((IF(($G6="34.1"),34.1,((IF(($G6="35.1"),35.1,((IF(($G6=38733),16.1,((IF(($G6=38768),20.2,((IF(($G6=38774),26.2,((IF(($G6=38771),23.2,0)))))))))))))))))) -> 0 | BC6: =(IF((SUM(AV6:BB6)<>0),(SUM(AV6:BB6)),$G6)) -> 17
A7: =FREQUENCIAS!D$1 -> D2S441 | B7: ND | C7: ND | D7: 10 | E7: 11 | F7: 10 | G7: 11 | H7: =((IF(($B7=38785),9.3,((IF(($B7=38761),13.2,((IF(($B7="31.2"),31.2,((IF(($B7=38787),11.3,((IF(($B7=38759),11.2,((IF(($B7=38763),15.2,((IF(($B7=38765),17.2,((IF(($B7=38772),24.2,0)))))))))))))))))))))))) -> 0 | I7: =((IF(($B7=38800),24.3,((IF(($B7=38773),25.2,((IF(($B7=38046),29.2,((IF(($B7=38075),29.3,((IF(($B7="32.2"),32.2,((IF(($B7="33.2"),33.2,((IF(($B7="34.2"),34.2,((IF(($B7="35.2"),35.2,0)))))))))))))))))))))))) -> 0 | J7: =((IF(($B7=38767),19.2,((IF(($B7="21.2"),21.2,((IF(($B7="22.2"),22.2,((IF(($B7="22.3"),22.3,((IF(($B7="26.2"),26.2,((IF(($B7="42.2"),42.2,((IF(($B7="44.2"),44.2,((IF(($B7="46.2"),46.2,0)))))))))))))))))))))))) -> 0 | K7: =((IF(($B7="47.2"),47.2,((IF(($B7="50.2"),50.2,((IF(($B7="8.3"),8.3,((IF(($B7="23.2"),23.2,((IF(($B7="43.2"),43.2,((IF(($B7="45.2"),45.2,((IF(($B7="48.2"),48.2,((IF(($B7="51.2"),51.2,0)))))))))))))))))))))))) -> 0 | L7: =((IF(($B7="13.3"),13.3,((IF(($B7=38758),10.2,((IF(($B7=38762),14.2,((IF(($B7=38760),12.2,((IF(($B7=38764),16.2,((IF(($B7=38766),18.2,((IF(($B7=38776),28.2,((IF(($B7="30.2"),30.2,0)))))))))))))))))))))))) -> 0 | M7: =((IF(($B7="34.1"),34.1,((IF(($B7="35.1"),35.1,((IF(($B7=38733),16.1,((IF(($B7=38768),20.2,((IF(($B7=38774),26.2,0))))))))))))))) -> 0 | O7: =(IF((SUM(H7:N7)<>0),(SUM(H7:N7)),$B7)) -> ND | P7: =((IF(($C7=38785),9.3,((IF(($C7=38761),13.2,((IF(($C7="31.2"),31.2,((IF(($C7=38787),11.3,((IF(($C7=38759),11.2,((IF(($C7=38763),15.2,((IF(($C7=38765),17.2,((IF(($C7=38772),24.2,0)))))))))))))))))))))))) -> 0 | Q7: =((IF(($C7=38800),24.3,((IF(($C7=38773),25.2,((IF(($C7=38046),29.2,((IF(($C7=38075),29.3,((IF(($C7="32.2"),32.2,((IF(($C7="33.2"),33.2,((IF(($C7="34.2"),34.2,((IF(($C7="35.2"),35.2,0)))))))))))))))))))))))) -> 0 | R7: =((IF(($C7=38767),19.2,((IF(($C7="21.2"),21.2,((IF(($C7="22.2"),22.2,((IF(($C7="22.3"),22.3,((IF(($C7="26.2"),26.2,((IF(($C7="42.2"),42.2,((IF(($C7="44.2"),44.2,((IF(($C7="46.2"),46.2,0)))))))))))))))))))))))) -> 0 | S7: =((IF(($C7="47.2"),47.2,((IF(($C7="50.2"),50.2,((IF(($C7="8.3"),8.3,((IF(($C7="23.2"),23.2,((IF(($C7="43.2"),43.2,((IF(($C7="45.2"),45.2,((IF(($C7="48.2"),48.2,((IF(($C7="51.2"),51.2,0)))))))))))))))))))))))) -> 0 | T7: =((IF(($C7="13.3"),13.3,((IF(($C7=38758),10.2,((IF(($C7=38762),14.2,((IF(($C7=38760),12.2,((IF(($C7=38764),16.2,((IF(($C7=38766),18.2,((IF(($C7=38776),28.2,((IF(($C7="30.2"),30.2,0)))))))))))))))))))))))) -> 0 | U7: =((IF(($C7="34.1"),34.1,((IF(($C7="35.1"),35.1,((IF(($C7=38733),16.1,((IF(($C7=38768),20.2,((IF(($C7=38774),26.2,((IF(($C7=38771),23.2,0)))))))))))))))))) -> 0 | W7: =(IF((SUM(P7:V7)<>0),(SUM(P7:V7)),$C7)) -> ND | X7: =((IF(($D7=38785),9.3,((IF(($D7=38761),13.2,((IF(($D7="31.2"),31.2,((IF(($D7=38787),11.3,((IF(($D7=38759),11.2,((IF(($D7=38763),15.2,((IF(($D7=38765),17.2,((IF(($D7=38772),24.2,0)))))))))))))))))))))))) -> 0 | Y7: =((IF(($D7=38800),24.3,((IF(($D7=38773),25.2,((IF(($D7=38046),29.2,((IF(($D7=38075),29.3,((IF(($D7="32.2"),32.2,((IF(($D7="33.2"),33.2,((IF(($D7="34.2"),34.2,((IF(($D7="35.2"),35.2,0)))))))))))))))))))))))) -> 0 | Z7: =((IF(($D7=38767),19.2,((IF(($D7="21.2"),21.2,((IF(($D7="22.2"),22.2,((IF(($D7="22.3"),22.3,((IF(($D7="26.2"),26.2,((IF(($D7="42.2"),42.2,((IF(($D7="44.2"),44.2,((IF(($D7="46.2"),46.2,0)))))))))))))))))))))))) -> 0 | AA7: =((IF(($D7="47.2"),47.2,((IF(($D7="50.2"),50.2,((IF(($D7="8.3"),8.3,((IF(($D7="23.2"),23.2,((IF(($D7="43.2"),43.2,((IF(($D7="45.2"),45.2,((IF(($D7="48.2"),48.2,((IF(($D7="51.2"),51.2,0)))))))))))))))))))))))) -> 0 | AB7: =((IF(($D7="13.3"),13.3,((IF(($D7=38758),10.2,((IF(($D7=38762),14.2,((IF(($D7=38760),12.2,((IF(($D7=38764),16.2,((IF(($D7=38766),18.2,((IF(($D7=38776),28.2,((IF(($D7="30.2"),30.2,0)))))))))))))))))))))))) -> 0 | AC7: =((IF(($D7="34.1"),34.1,((IF(($D7="35.1"),35.1,((IF(($D7=38733),16.1,((IF(($D7=38768),20.2,((IF(($D7=38774),26.2,0))))))))))))))) -> 0 | AE7: =(IF((SUM(X7:AD7)<>0),(SUM(X7:AD7)),$D7)) -> 10 | AF7: =((IF(($E7=38785),9.3,((IF(($E7=38761),13.2,((IF(($E7="31.2"),31.2,((IF(($E7=38787),11.3,((IF(($E7=38759),11.2,((IF(($E7=38763),15.2,((IF(($E7=38765),17.2,((IF(($E7=38772),24.2,0)))))))))))))))))))))))) -> 0 | AG7: =((IF(($E7=38800),24.3,((IF(($E7=38773),25.2,((IF(($E7=38046),29.2,((IF(($E7=38075),29.3,((IF(($E7="32.2"),32.2,((IF(($E7="33.2"),33.2,((IF(($E7="34.2"),34.2,((IF(($E7="35.2"),35.2,0)))))))))))))))))))))))) -> 0 | AH7: =((IF(($E7=38767),19.2,((IF(($E7="21.2"),21.2,((IF(($E7="22.2"),22.2,((IF(($E7="22.3"),22.3,((IF(($E7="26.2"),26.2,((IF(($E7="42.2"),42.2,((IF(($E7="44.2"),44.2,((IF(($E7="46.2"),46.2,0)))))))))))))))))))))))) -> 0 | AI7: =((IF(($E7="47.2"),47.2,((IF(($E7="50.2"),50.2,((IF(($E7="8.3"),8.3,((IF(($E7="23.2"),23.2,((IF(($E7="43.2"),43.2,((IF(($E7="45.2"),45.2,((IF(($E7="48.2"),48.2,((IF(($E7="51.2"),51.2,0)))))))))))))))))))))))) -> 0 | AJ7: =((IF(($E7="13.3"),13.3,((IF(($E7=38758),10.2,((IF(($E7=38762),14.2,((IF(($E7=38760),12.2,((IF(($E7=38764),16.2,((IF(($E7=38766),18.2,((IF(($E7=38776),28.2,((IF(($E7="30.2"),30.2,0)))))))))))))))))))))))) -> 0 | AK7: =((IF(($E7="34.1"),34.1,((IF(($E7="35.1"),35.1,((IF(($E7=38733),16.1,((IF(($E7=38768),20.2,((IF(($E7=38774),26.2,((IF(($E7=38771),23.2,0)))))))))))))))))) -> 0 | AM7: =(IF((SUM(AF7:AL7)<>0),(SUM(AF7:AL7)),$E7)) -> 11 | AN7: =((IF(($F7=38785),9.3,((IF(($F7=38761),13.2,((IF(($F7="31.2"),31.2,((IF(($F7=38787),11.3,((IF(($F7=38759),11.2,((IF(($F7=38763),15.2,((IF(($F7=38765),17.2,((IF(($F7=38772),24.2,0)))))))))))))))))))))))) -> 0 | AO7: =((IF(($F7=38800),24.3,((IF(($F7=38773),25.2,((IF(($F7=38046),29.2,((IF(($F7=38075),29.3,((IF(($F7="32.2"),32.2,((IF(($F7="33.2"),33.2,((IF(($F7="34.2"),34.2,((IF(($F7="35.2"),35.2,0)))))))))))))))))))))))) -> 0 | AP7: =((IF(($F7=38767),19.2,((IF(($F7="21.2"),21.2,((IF(($F7="22.2"),22.2,((IF(($F7="22.3"),22.3,((IF(($F7="26.2"),26.2,((IF(($F7="42.2"),42.2,((IF(($F7="44.2"),44.2,((IF(($F7="46.2"),46.2,0)))))))))))))))))))))))) -> 0 | AQ7: =((IF(($F7="47.2"),47.2,((IF(($F7="50.2"),50.2,((IF(($F7="8.3"),8.3,((IF(($F7="23.2"),23.2,((IF(($F7="43.2"),43.2,((IF(($F7="45.2"),45.2,((IF(($F7="48.2"),48.2,((IF(($F7="51.2"),51.2,0)))))))))))))))))))))))) -> 0 | AR7: =((IF(($F7="13.3"),13.3,((IF(($F7=38758),10.2,((IF(($F7=38762),14.2,((IF(($F7=38760),12.2,((IF(($F7=38764),16.2,((IF(($F7=38766),18.2,((IF(($F7=38776),28.2,((IF(($F7="30.2"),30.2,0)))))))))))))))))))))))) -> 0 | AS7: =((IF(($F7="34.1"),34.1,((IF(($F7="35.1"),35.1,((IF(($F7=38733),16.1,((IF(($F7=38768),20.2,((IF(($F7=38774),26.2,0))))))))))))))) -> 0 | AU7: =(IF((SUM(AN7:AT7)<>0),(SUM(AN7:AT7)),$F7)) -> 10 | AV7: =((IF(($G7=38785),9.3,((IF(($G7=38761),13.2,((IF(($G7="31.2"),31.2,((IF(($G7=38787),11.3,((IF(($G7=38759),11.2,((IF(($G7=38763),15.2,((IF(($G7=38765),17.2,((IF(($G7=38772),24.2,0)))))))))))))))))))))))) -> 0 | AW7: =((IF(($G7=38800),24.3,((IF(($G7=38773),25.2,((IF(($G7=38046),29.2,((IF(($G7=38075),29.3,((IF(($G7="32.2"),32.2,((IF(($G7="33.2"),33.2,((IF(($G7="34.2"),34.2,((IF(($G7="35.2"),35.2,0)))))))))))))))))))))))) -> 0 | AX7: =((IF(($G7=38767),19.2,((IF(($G7="21.2"),21.2,((IF(($G7="22.2"),22.2,((IF(($G7="22.3"),22.3,((IF(($G7="26.2"),26.2,((IF(($G7="42.2"),42.2,((IF(($G7="44.2"),44.2,((IF(($G7="46.2"),46.2,0)))))))))))))))))))))))) -> 0 | AY7: =((IF(($G7="47.2"),47.2,((IF(($G7="50.2"),50.2,((IF(($G7="8.3"),8.3,((IF(($G7="23.2"),23.2,((IF(($G7="43.2"),43.2,((IF(($G7="45.2"),45.2,((IF(($G7="48.2"),48.2,((IF(($G7="51.2"),51.2,0)))))))))))))))))))))))) -> 0 | AZ7: =((IF(($G7="13.3"),13.3,((IF(($G7=38758),10.2,((IF(($G7=38762),14.2,((IF(($G7=38760),12.2,((IF(($G7=38764),16.2,((IF(($G7=38766),18.2,((IF(($G7=38776),28.2,((IF(($G7="30.2"),30.2,0)))))))))))))))))))))))) -> 0 | BA7: =((IF(($G7="34.1"),34.1,((IF(($G7="35.1"),35.1,((IF(($G7=38733),16.1,((IF(($G7=38768),20.2,((IF(($G7=38774),26.2,((IF(($G7=38771),23.2,0)))))))))))))))))) -> 0 | BC7: =(IF((SUM(AV7:BB7)<>0),(SUM(AV7:BB7)),$G7)) -> 11
A8: =FREQUENCIAS!E$1 -> D10S1248 | B8: ND | C8: ND | D8: 14 | E8: 15 | F8: 13 | G8: 14 | H8: =((IF(($B8=38785),9.3,((IF(($B8=38761),13.2,((IF(($B8="31.2"),31.2,((IF(($B8=38787),11.3,((IF(($B8=38759),11.2,((IF(($B8=38763),15.2,((IF(($B8=38765),17.2,((IF(($B8=38772),24.2,0)))))))))))))))))))))))) -> 0 | I8: =((IF(($B8=38800),24.3,((IF(($B8=38773),25.2,((IF(($B8=38046),29.2,((IF(($B8=38075),29.3,((IF(($B8="32.2"),32.2,((IF(($B8="33.2"),33.2,((IF(($B8="34.2"),34.2,((IF(($B8="35.2"),35.2,0)))))))))))))))))))))))) -> 0 | J8: =((IF(($B8=38767),19.2,((IF(($B8="21.2"),21.2,((IF(($B8="22.2"),22.2,((IF(($B8="22.3"),22.3,((IF(($B8="26.2"),26.2,((IF(($B8="42.2"),42.2,((IF(($B8="44.2"),44.2,((IF(($B8="46.2"),46.2,0)))))))))))))))))))))))) -> 0 | K8: =((IF(($B8="47.2"),47.2,((IF(($B8="50.2"),50.2,((IF(($B8="8.3"),8.3,((IF(($B8="23.2"),23.2,((IF(($B8="43.2"),43.2,((IF(($B8="45.2"),45.2,((IF(($B8="48.2"),48.2,((IF(($B8="51.2"),51.2,0)))))))))))))))))))))))) -> 0 | L8: =((IF(($B8="13.3"),13.3,((IF(($B8=38758),10.2,((IF(($B8=38762),14.2,((IF(($B8=38760),12.2,((IF(($B8=38764),16.2,((IF(($B8=38766),18.2,((IF(($B8=38776),28.2,((IF(($B8="30.2"),30.2,0)))))))))))))))))))))))) -> 0 | M8: =((IF(($B8="34.1"),34.1,((IF(($B8="35.1"),35.1,((IF(($B8=38733),16.1,((IF(($B8=38768),20.2,((IF(($B8=38774),26.2,0))))))))))))))) -> 0 | O8: =(IF((SUM(H8:N8)<>0),(SUM(H8:N8)),$B8)) -> ND | P8: =((IF(($C8=38785),9.3,((IF(($C8=38761),13.2,((IF(($C8="31.2"),31.2,((IF(($C8=38787),11.3,((IF(($C8=38759),11.2,((IF(($C8=38763),15.2,((IF(($C8=38765),17.2,((IF(($C8=38772),24.2,0)))))))))))))))))))))))) -> 0 | Q8: =((IF(($C8=38800),24.3,((IF(($C8=38773),25.2,((IF(($C8=38046),29.2,((IF(($C8=38075),29.3,((IF(($C8="32.2"),32.2,((IF(($C8="33.2"),33.2,((IF(($C8="34.2"),34.2,((IF(($C8="35.2"),35.2,0)))))))))))))))))))))))) -> 0 | R8: =((IF(($C8=38767),19.2,((IF(($C8="21.2"),21.2,((IF(($C8="22.2"),22.2,((IF(($C8="22.3"),22.3,((IF(($C8="26.2"),26.2,((IF(($C8="42.2"),42.2,((IF(($C8="44.2"),44.2,((IF(($C8="46.2"),46.2,0)))))))))))))))))))))))) -> 0 | S8: =((IF(($C8="47.2"),47.2,((IF(($C8="50.2"),50.2,((IF(($C8="8.3"),8.3,((IF(($C8="23.2"),23.2,((IF(($C8="43.2"),43.2,((IF(($C8="45.2"),45.2,((IF(($C8="48.2"),48.2,((IF(($C8="51.2"),51.2,0)))))))))))))))))))))))) -> 0 | T8: =((IF(($C8="13.3"),13.3,((IF(($C8=38758),10.2,((IF(($C8=38762),14.2,((IF(($C8=38760),12.2,((IF(($C8=38764),16.2,((IF(($C8=38766),18.2,((IF(($C8=38776),28.2,((IF(($C8="30.2"),30.2,0)))))))))))))))))))))))) -> 0 | U8: =((IF(($C8="34.1"),34.1,((IF(($C8="35.1"),35.1,((IF(($C8=38733),16.1,((IF(($C8=38768),20.2,((IF(($C8=38774),26.2,((IF(($C8=38771),23.2,0)))))))))))))))))) -> 0 | W8: =(IF((SUM(P8:V8)<>0),(SUM(P8:V8)),$C8)) -> ND | X8: =((IF(($D8=38785),9.3,((IF(($D8=38761),13.2,((IF(($D8="31.2"),31.2,((IF(($D8=38787),11.3,((IF(($D8=38759),11.2,((IF(($D8=38763),15.2,((IF(($D8=38765),17.2,((IF(($D8=38772),24.2,0)))))))))))))))))))))))) -> 0 | Y8: =((IF(($D8=38800),24.3,((IF(($D8=38773),25.2,((IF(($D8=38046),29.2,((IF(($D8=38075),29.3,((IF(($D8="32.2"),32.2,((IF(($D8="33.2"),33.2,((IF(($D8="34.2"),34.2,((IF(($D8="35.2"),35.2,0)))))))))))))))))))))))) -> 0 | Z8: =((IF(($D8=38767),19.2,((IF(($D8="21.2"),21.2,((IF(($D8="22.2"),22.2,((IF(($D8="22.3"),22.3,((IF(($D8="26.2"),26.2,((IF(($D8="42.2"),42.2,((IF(($D8="44.2"),44.2,((IF(($D8="46.2"),46.2,0)))))))))))))))))))))))) -> 0 | AA8: =((IF(($D8="47.2"),47.2,((IF(($D8="50.2"),50.2,((IF(($D8="8.3"),8.3,((IF(($D8="23.2"),23.2,((IF(($D8="43.2"),43.2,((IF(($D8="45.2"),45.2,((IF(($D8="48.2"),48.2,((IF(($D8="51.2"),51.2,0)))))))))))))))))))))))) -> 0 | AB8: =((IF(($D8="13.3"),13.3,((IF(($D8=38758),10.2,((IF(($D8=38762),14.2,((IF(($D8=38760),12.2,((IF(($D8=38764),16.2,((IF(($D8=38766),18.2,((IF(($D8=38776),28.2,((IF(($D8="30.2"),30.2,0)))))))))))))))))))))))) -> 0 | AC8: =((IF(($D8="34.1"),34.1,((IF(($D8="35.1"),35.1,((IF(($D8=38733),16.1,((IF(($D8=38768),20.2,((IF(($D8=38774),26.2,0))))))))))))))) -> 0 | AE8: =(IF((SUM(X8:AD8)<>0),(SUM(X8:AD8)),$D8)) -> 14 | AF8: =((IF(($E8=38785),9.3,((IF(($E8=38761),13.2,((IF(($E8="31.2"),31.2,((IF(($E8=38787),11.3,((IF(($E8=38759),11.2,((IF(($E8=38763),15.2,((IF(($E8=38765),17.2,((IF(($E8=38772),24.2,0)))))))))))))))))))))))) -> 0 | AG8: =((IF(($E8=38800),24.3,((IF(($E8=38773),25.2,((IF(($E8=38046),29.2,((IF(($E8=38075),29.3,((IF(($E8="32.2"),32.2,((IF(($E8="33.2"),33.2,((IF(($E8="34.2"),34.2,((IF(($E8="35.2"),35.2,0)))))))))))))))))))))))) -> 0 | AH8: =((IF(($E8=38767),19.2,((IF(($E8="21.2"),21.2,((IF(($E8="22.2"),22.2,((IF(($E8="22.3"),22.3,((IF(($E8="26.2"),26.2,((IF(($E8="42.2"),42.2,((IF(($E8="44.2"),44.2,((IF(($E8="46.2"),46.2,0)))))))))))))))))))))))) -> 0 | AI8: =((IF(($E8="47.2"),47.2,((IF(($E8="50.2"),50.2,((IF(($E8="8.3"),8.3,((IF(($E8="23.2"),23.2,((IF(($E8="43.2"),43.2,((IF(($E8="45.2"),45.2,((IF(($E8="48.2"),48.2,((IF(($E8="51.2"),51.2,0)))))))))))))))))))))))) -> 0 | AJ8: =((IF(($E8="13.3"),13.3,((IF(($E8=38758),10.2,((IF(($E8=38762),14.2,((IF(($E8=38760),12.2,((IF(($E8=38764),16.2,((IF(($E8=38766),18.2,((IF(($E8=38776),28.2,((IF(($E8="30.2"),30.2,0)))))))))))))))))))))))) -> 0 | AK8: =((IF(($E8="34.1"),34.1,((IF(($E8="35.1"),35.1,((IF(($E8=38733),16.1,((IF(($E8=38768),20.2,((IF(($E8=38774),26.2,((IF(($E8=38771),23.2,0)))))))))))))))))) -> 0 | AM8: =(IF((SUM(AF8:AL8)<>0),(SUM(AF8:AL8)),$E8)) -> 15 | AN8: =((IF(($F8=38785),9.3,((IF(($F8=38761),13.2,((IF(($F8="31.2"),31.2,((IF(($F8=38787),11.3,((IF(($F8=38759),11.2,((IF(($F8=38763),15.2,((IF(($F8=38765),17.2,((IF(($F8=38772),24.2,0)))))))))))))))))))))))) -> 0 | AO8: =((IF(($F8=38800),24.3,((IF(($F8=38773),25.2,((IF(($F8=38046),29.2,((IF(($F8=38075),29.3,((IF(($F8="32.2"),32.2,((IF(($F8="33.2"),33.2,((IF(($F8="34.2"),34.2,((IF(($F8="35.2"),35.2,0)))))))))))))))))))))))) -> 0 | AP8: =((IF(($F8=38767),19.2,((IF(($F8="21.2"),21.2,((IF(($F8="22.2"),22.2,((IF(($F8="22.3"),22.3,((IF(($F8="26.2"),26.2,((IF(($F8="42.2"),42.2,((IF(($F8="44.2"),44.2,((IF(($F8="46.2"),46.2,0)))))))))))))))))))))))) -> 0 | AQ8: =((IF(($F8="47.2"),47.2,((IF(($F8="50.2"),50.2,((IF(($F8="8.3"),8.3,((IF(($F8="23.2"),23.2,((IF(($F8="43.2"),43.2,((IF(($F8="45.2"),45.2,((IF(($F8="48.2"),48.2,((IF(($F8="51.2"),51.2,0)))))))))))))))))))))))) -> 0 | AR8: =((IF(($F8="13.3"),13.3,((IF(($F8=38758),10.2,((IF(($F8=38762),14.2,((IF(($F8=38760),12.2,((IF(($F8=38764),16.2,((IF(($F8=38766),18.2,((IF(($F8=38776),28.2,((IF(($F8="30.2"),30.2,0)))))))))))))))))))))))) -> 0 | AS8: =((IF(($F8="34.1"),34.1,((IF(($F8="35.1"),35.1,((IF(($F8=38733),16.1,((IF(($F8=38768),20.2,((IF(($F8=38774),26.2,0))))))))))))))) -> 0 | AU8: =(IF((SUM(AN8:AT8)<>0),(SUM(AN8:AT8)),$F8)) -> 13 | AV8: =((IF(($G8=38785),9.3,((IF(($G8=38761),13.2,((IF(($G8="31.2"),31.2,((IF(($G8=38787),11.3,((IF(($G8=38759),11.2,((IF(($G8=38763),15.2,((IF(($G8=38765),17.2,((IF(($G8=38772),24.2,0)))))))))))))))))))))))) -> 0 | AW8: =((IF(($G8=38800),24.3,((IF(($G8=38773),25.2,((IF(($G8=38046),29.2,((IF(($G8=38075),29.3,((IF(($G8="32.2"),32.2,((IF(($G8="33.2"),33.2,((IF(($G8="34.2"),34.2,((IF(($G8="35.2"),35.2,0)))))))))))))))))))))))) -> 0 | AX8: =((IF(($G8=38767),19.2,((IF(($G8="21.2"),21.2,((IF(($G8="22.2"),22.2,((IF(($G8="22.3"),22.3,((IF(($G8="26.2"),26.2,((IF(($G8="42.2"),42.2,((IF(($G8="44.2"),44.2,((IF(($G8="46.2"),46.2,0)))))))))))))))))))))))) -> 0 | AY8: =((IF(($G8="47.2"),47.2,((IF(($G8="50.2"),50.2,((IF(($G8="8.3"),8.3,((IF(($G8="23.2"),23.2,((IF(($G8="43.2"),43.2,((IF(($G8="45.2"),45.2,((IF(($G8="48.2"),48.2,((IF(($G8="51.2"),51.2,0)))))))))))))))))))))))) -> 0 | AZ8: =((IF(($G8="13.3"),13.3,((IF(($G8=38758),10.2,((IF(($G8=38762),14.2,((IF(($G8=38760),12.2,((IF(($G8=38764),16.2,((IF(($G8=38766),18.2,((IF(($G8=38776),28.2,((IF(($G8="30.2"),30.2,0)))))))))))))))))))))))) -> 0 | BA8: =((IF(($G8="34.1"),34.1,((IF(($G8="35.1"),35.1,((IF(($G8=38733),16.1,((IF(($G8=38768),20.2,((IF(($G8=38774),26.2,((IF(($G8=38771),23.2,0)))))))))))))))))) -> 0 | BC8: =(IF((SUM(AV8:BB8)<>0),(SUM(AV8:BB8)),$G8)) -> 14
A9: =FREQUENCIAS!F$1 -> D13S317 | B9: ND | C9: ND | D9: 12 | E9: 14 | F9: 13 | G9: 14 | H9: =((IF(($B9=38785),9.3,((IF(($B9=38761),13.2,((IF(($B9="31.2"),31.2,((IF(($B9=38787),11.3,((IF(($B9=38759),11.2,((IF(($B9=38763),15.2,((IF(($B9=38765),17.2,((IF(($B9=38772),24.2,0)))))))))))))))))))))))) -> 0 | I9: =((IF(($B9=38800),24.3,((IF(($B9=38773),25.2,((IF(($B9=38046),29.2,((IF(($B9=38075),29.3,((IF(($B9="32.2"),32.2,((IF(($B9="33.2"),33.2,((IF(($B9="34.2"),34.2,((IF(($B9="35.2"),35.2,0)))))))))))))))))))))))) -> 0 | J9: =((IF(($B9=38767),19.2,((IF(($B9="21.2"),21.2,((IF(($B9="22.2"),22.2,((IF(($B9="22.3"),22.3,((IF(($B9="26.2"),26.2,((IF(($B9="42.2"),42.2,((IF(($B9="44.2"),44.2,((IF(($B9="46.2"),46.2,0)))))))))))))))))))))))) -> 0 | K9: =((IF(($B9="47.2"),47.2,((IF(($B9="50.2"),50.2,((IF(($B9="8.3"),8.3,((IF(($B9="23.2"),23.2,((IF(($B9="43.2"),43.2,((IF(($B9="45.2"),45.2,((IF(($B9="48.2"),48.2,((IF(($B9="51.2"),51.2,0)))))))))))))))))))))))) -> 0 | L9: =((IF(($B9="13.3"),13.3,((IF(($B9=38758),10.2,((IF(($B9=38762),14.2,((IF(($B9=38760),12.2,((IF(($B9=38764),16.2,((IF(($B9=38766),18.2,((IF(($B9=38776),28.2,((IF(($B9="30.2"),30.2,0)))))))))))))))))))))))) -> 0 | M9: =((IF(($B9="34.1"),34.1,((IF(($B9="35.1"),35.1,((IF(($B9=38733),16.1,((IF(($B9=38768),20.2,((IF(($B9=38774),26.2,((IF(($B9=38784),8.3,((IF(($B9=38789),13.3,0))))))))))))))))))))) -> 0 | O9: =(IF((SUM(H9:N9)<>0),(SUM(H9:N9)),$B9)) -> ND | P9: =((IF(($C9=38785),9.3,((IF(($C9=38761),13.2,((IF(($C9="31.2"),31.2,((IF(($C9=38787),11.3,((IF(($C9=38759),11.2,((IF(($C9=38763),15.2,((IF(($C9=38765),17.2,((IF(($C9=38772),24.2,0)))))))))))))))))))))))) -> 0 | Q9: =((IF(($C9=38800),24.3,((IF(($C9=38773),25.2,((IF(($C9=38046),29.2,((IF(($C9=38075),29.3,((IF(($C9="32.2"),32.2,((IF(($C9="33.2"),33.2,((IF(($C9="34.2"),34.2,((IF(($C9="35.2"),35.2,0)))))))))))))))))))))))) -> 0 | R9: =((IF(($C9=38767),19.2,((IF(($C9="21.2"),21.2,((IF(($C9="22.2"),22.2,((IF(($C9="22.3"),22.3,((IF(($C9="26.2"),26.2,((IF(($C9="42.2"),42.2,((IF(($C9="44.2"),44.2,((IF(($C9="46.2"),46.2,0)))))))))))))))))))))))) -> 0 | S9: =((IF(($C9="47.2"),47.2,((IF(($C9="50.2"),50.2,((IF(($C9="8.3"),8.3,((IF(($C9="23.2"),23.2,((IF(($C9="43.2"),43.2,((IF(($C9="45.2"),45.2,((IF(($C9="48.2"),48.2,((IF(($C9="51.2"),51.2,0)))))))))))))))))))))))) -> 0 | T9: =((IF(($C9="13.3"),13.3,((IF(($C9=38758),10.2,((IF(($C9=38762),14.2,((IF(($C9=38760),12.2,((IF(($C9=38764),16.2,((IF(($C9=38766),18.2,((IF(($C9=38776),28.2,((IF(($C9="30.2"),30.2,0)))))))))))))))))))))))) -> 0 | U9: =((IF(($C9="34.1"),34.1,((IF(($C9="35.1"),35.1,((IF(($C9=38733),16.1,((IF(($C9=38768),20.2,((IF(($C9=38774),26.2,((IF(($C9=38771),23.2,((IF(($C9=38784),8.3,((IF(($C9=38789),13.3,0)))))))))))))))))))))))) -> 0 | W9: =(IF((SUM(P9:V9)<>0),(SUM(P9:V9)),$C9)) -> ND | X9: =((IF(($D9=38785),9.3,((IF(($D9=38761),13.2,((IF(($D9="31.2"),31.2,((IF(($D9=38787),11.3,((IF(($D9=38759),11.2,((IF(($D9=38763),15.2,((IF(($D9=38765),17.2,((IF(($D9=38772),24.2,0)))))))))))))))))))))))) -> 0 | Y9: =((IF(($D9=38800),24.3,((IF(($D9=38773),25.2,((IF(($D9=38046),29.2,((IF(($D9=38075),29.3,((IF(($D9="32.2"),32.2,((IF(($D9="33.2"),33.2,((IF(($D9="34.2"),34.2,((IF(($D9="35.2"),35.2,0)))))))))))))))))))))))) -> 0 | Z9: =((IF(($D9=38767),19.2,((IF(($D9="21.2"),21.2,((IF(($D9="22.2"),22.2,((IF(($D9="22.3"),22.3,((IF(($D9="26.2"),26.2,((IF(($D9="42.2"),42.2,((IF(($D9="44.2"),44.2,((IF(($D9="46.2"),46.2,0)))))))))))))))))))))))) -> 0 | AA9: =((IF(($D9="47.2"),47.2,((IF(($D9="50.2"),50.2,((IF(($D9="8.3"),8.3,((IF(($D9="23.2"),23.2,((IF(($D9="43.2"),43.2,((IF(($D9="45.2"),45.2,((IF(($D9="48.2"),48.2,((IF(($D9="51.2"),51.2,0)))))))))))))))))))))))) -> 0 | AB9: =((IF(($D9="13.3"),13.3,((IF(($D9=38758),10.2,((IF(($D9=38762),14.2,((IF(($D9=38760),12.2,((IF(($D9=38764),16.2,((IF(($D9=38766),18.2,((IF(($D9=38776),28.2,((IF(($D9="30.2"),30.2,0)))))))))))))))))))))))) -> 0 | AC9: =((IF(($D9="34.1"),34.1,((IF(($D9="35.1"),35.1,((IF(($D9=38733),16.1,((IF(($D9=38768),20.2,((IF(($D9=38774),26.2,((IF(($D9=38784),8.3,((IF(($D9=38789),13.3,0))))))))))))))))))))) -> 0 | AE9: =(IF((SUM(X9:AD9)<>0),(SUM(X9:AD9)),$D9)) -> 12 | AF9: =((IF(($E9=38785),9.3,((IF(($E9=38761),13.2,((IF(($E9="31.2"),31.2,((IF(($E9=38787),11.3,((IF(($E9=38759),11.2,((IF(($E9=38763),15.2,((IF(($E9=38765),17.2,((IF(($E9=38772),24.2,0)))))))))))))))))))))))) -> 0 | AG9: =((IF(($E9=38800),24.3,((IF(($E9=38773),25.2,((IF(($E9=38046),29.2,((IF(($E9=38075),29.3,((IF(($E9="32.2"),32.2,((IF(($E9="33.2"),33.2,((IF(($E9="34.2"),34.2,((IF(($E9="35.2"),35.2,0)))))))))))))))))))))))) -> 0 | AH9: =((IF(($E9=38767),19.2,((IF(($E9="21.2"),21.2,((IF(($E9="22.2"),22.2,((IF(($E9="22.3"),22.3,((IF(($E9="26.2"),26.2,((IF(($E9="42.2"),42.2,((IF(($E9="44.2"),44.2,((IF(($E9="46.2"),46.2,0)))))))))))))))))))))))) -> 0 | AI9: =((IF(($E9="47.2"),47.2,((IF(($E9="50.2"),50.2,((IF(($E9="8.3"),8.3,((IF(($E9="23.2"),23.2,((IF(($E9="43.2"),43.2,((IF(($E9="45.2"),45.2,((IF(($E9="48.2"),48.2,((IF(($E9="51.2"),51.2,0)))))))))))))))))))))))) -> 0 | AJ9: =((IF(($E9="13.3"),13.3,((IF(($E9=38758),10.2,((IF(($E9=38762),14.2,((IF(($E9=38760),12.2,((IF(($E9=38764),16.2,((IF(($E9=38766),18.2,((IF(($E9=38776),28.2,((IF(($E9="30.2"),30.2,0)))))))))))))))))))))))) -> 0 | AK9: =((IF(($E9="34.1"),34.1,((IF(($E9="35.1"),35.1,((IF(($E9=38733),16.1,((IF(($E9=38768),20.2,((IF(($E9=38774),26.2,((IF(($E9=38771),23.2,((IF(($E9=38784),8.3,((IF(($E9=38789),13.3,0)))))))))))))))))))))))) -> 0 | AM9: =(IF((SUM(AF9:AL9)<>0),(SUM(AF9:AL9)),$E9)) -> 14 | AN9: =((IF(($F9=38785),9.3,((IF(($F9=38761),13.2,((IF(($F9="31.2"),31.2,((IF(($F9=38787),11.3,((IF(($F9=38759),11.2,((IF(($F9=38763),15.2,((IF(($F9=38765),17.2,((IF(($F9=38772),24.2,0)))))))))))))))))))))))) -> 0 | AO9: =((IF(($F9=38800),24.3,((IF(($F9=38773),25.2,((IF(($F9=38046),29.2,((IF(($F9=38075),29.3,((IF(($F9="32.2"),32.2,((IF(($F9="33.2"),33.2,((IF(($F9="34.2"),34.2,((IF(($F9="35.2"),35.2,0)))))))))))))))))))))))) -> 0 | AP9: =((IF(($F9=38767),19.2,((IF(($F9="21.2"),21.2,((IF(($F9="22.2"),22.2,((IF(($F9="22.3"),22.3,((IF(($F9="26.2"),26.2,((IF(($F9="42.2"),42.2,((IF(($F9="44.2"),44.2,((IF(($F9="46.2"),46.2,0)))))))))))))))))))))))) -> 0 | AQ9: =((IF(($F9="47.2"),47.2,((IF(($F9="50.2"),50.2,((IF(($F9="8.3"),8.3,((IF(($F9="23.2"),23.2,((IF(($F9="43.2"),43.2,((IF(($F9="45.2"),45.2,((IF(($F9="48.2"),48.2,((IF(($F9="51.2"),51.2,0)))))))))))))))))))))))) -> 0 | AR9: =((IF(($F9="13.3"),13.3,((IF(($F9=38758),10.2,((IF(($F9=38762),14.2,((IF(($F9=38760),12.2,((IF(($F9=38764),16.2,((IF(($F9=38766),18.2,((IF(($F9=38776),28.2,((IF(($F9="30.2"),30.2,0)))))))))))))))))))))))) -> 0 | AS9: =((IF(($F9="34.1"),34.1,((IF(($F9="35.1"),35.1,((IF(($F9=38733),16.1,((IF(($F9=38768),20.2,((IF(($F9=38774),26.2,((IF(($F9=38784),8.3,((IF(($F9=38789),13.3,0))))))))))))))))))))) -> 0 | AU9: =(IF((SUM(AN9:AT9)<>0),(SUM(AN9:AT9)),$F9)) -> 13 | AV9: =((IF(($G9=38785),9.3,((IF(($G9=38761),13.2,((IF(($G9="31.2"),31.2,((IF(($G9=38787),11.3,((IF(($G9=38759),11.2,((IF(($G9=38763),15.2,((IF(($G9=38765),17.2,((IF(($G9=38772),24.2,0)))))))))))))))))))))))) -> 0 | AW9: =((IF(($G9=38800),24.3,((IF(($G9=38773),25.2,((IF(($G9=38046),29.2,((IF(($G9=38075),29.3,((IF(($G9="32.2"),32.2,((IF(($G9="33.2"),33.2,((IF(($G9="34.2"),34.2,((IF(($G9="35.2"),35.2,0)))))))))))))))))))))))) -> 0 | AX9: =((IF(($G9=38767),19.2,((IF(($G9="21.2"),21.2,((IF(($G9="22.2"),22.2,((IF(($G9="22.3"),22.3,((IF(($G9="26.2"),26.2,((IF(($G9="42.2"),42.2,((IF(($G9="44.2"),44.2,((IF(($G9="46.2"),46.2,0)))))))))))))))))))))))) -> 0 | AY9: =((IF(($G9="47.2"),47.2,((IF(($G9="50.2"),50.2,((IF(($G9="8.3"),8.3,((IF(($G9="23.2"),23.2,((IF(($G9="43.2"),43.2,((IF(($G9="45.2"),45.2,((IF(($G9="48.2"),48.2,((IF(($G9="51.2"),51.2,0)))))))))))))))))))))))) -> 0 | AZ9: =((IF(($G9="13.3"),13.3,((IF(($G9=38758),10.2,((IF(($G9=38762),14.2,((IF(($G9=38760),12.2,((IF(($G9=38764),16.2,((IF(($G9=38766),18.2,((IF(($G9=38776),28.2,((IF(($G9="30.2"),30.2,0)))))))))))))))))))))))) -> 0 | BA9: =((IF(($G9="34.1"),34.1,((IF(($G9="35.1"),35.1,((IF(($G9=38733),16.1,((IF(($G9=38768),20.2,((IF(($G9=38774),26.2,((IF(($G9=38771),23.2,((IF(($G9=38784),8.3,((IF(($G9=38789),13.3,0)))))))))))))))))))))))) -> 0 | BC9: =(IF((SUM(AV9:BB9)<>0),(SUM(AV9:BB9)),$G9)) -> 14
A10: =FREQUENCIAS!G$1 -> Penta_E | B10: ND | C10: ND | D10: 12 | E10: 13 | F10: 12 | G10: 13 | H10: =((IF(($B10=38785),9.3,((IF(($B10=38761),13.2,((IF(($B10="31.2"),31.2,((IF(($B10=38787),11.3,((IF(($B10=38759),11.2,((IF(($B10=38763),15.2,((IF(($B10=38765),17.2,((IF(($B10=38772),24.2,0)))))))))))))))))))))))) -> 0 | I10: =((IF(($B10=38800),24.3,((IF(($B10=38773),25.2,((IF(($B10=38046),29.2,((IF(($B10=38075),29.3,((IF(($B10="32.2"),32.2,((IF(($B10="33.2"),33.2,((IF(($B10="34.2"),34.2,((IF(($B10="35.2"),35.2,0)))))))))))))))))))))))) -> 0 | J10: =((IF(($B10=38767),19.2,((IF(($B10="21.2"),21.2,((IF(($B10="22.2"),22.2,((IF(($B10="22.3"),22.3,((IF(($B10="26.2"),26.2,((IF(($B10="42.2"),42.2,((IF(($B10="44.2"),44.2,((IF(($B10="46.2"),46.2,0)))))))))))))))))))))))) -> 0 | K10: =((IF(($B10="47.2"),47.2,((IF(($B10="50.2"),50.2,((IF(($B10="8.3"),8.3,((IF(($B10="23.2"),23.2,((IF(($B10="43.2"),43.2,((IF(($B10="45.2"),45.2,((IF(($B10="48.2"),48.2,((IF(($B10="51.2"),51.2,0)))))))))))))))))))))))) -> 0 | L10: =((IF(($B10="13.3"),13.3,((IF(($B10=38758),10.2,((IF(($B10=38762),14.2,((IF(($B10=38760),12.2,((IF(($B10=38764),16.2,((IF(($B10=38766),18.2,((IF(($B10=38776),28.2,((IF(($B10="30.2"),30.2,0)))))))))))))))))))))))) -> 0 | M10: =((IF(($B10="34.1"),34.1,((IF(($B10="35.1"),35.1,((IF(($B10=38733),16.1,((IF(($B10=38768),20.2,((IF(($B10=38774),26.2,0))))))))))))))) -> 0 | O10: =(IF((SUM(H10:N10)<>0),(SUM(H10:N10)),$B10)) -> ND | P10: =((IF(($C10=38785),9.3,((IF(($C10=38761),13.2,((IF(($C10="31.2"),31.2,((IF(($C10=38787),11.3,((IF(($C10=38759),11.2,((IF(($C10=38763),15.2,((IF(($C10=38765),17.2,((IF(($C10=38772),24.2,0)))))))))))))))))))))))) -> 0 | Q10: =((IF(($C10=38800),24.3,((IF(($C10=38773),25.2,((IF(($C10=38046),29.2,((IF(($C10=38075),29.3,((IF(($C10="32.2"),32.2,((IF(($C10="33.2"),33.2,((IF(($C10="34.2"),34.2,((IF(($C10="35.2"),35.2,0)))))))))))))))))))))))) -> 0 | R10: =((IF(($C10=38767),19.2,((IF(($C10="21.2"),21.2,((IF(($C10="22.2"),22.2,((IF(($C10="22.3"),22.3,((IF(($C10="26.2"),26.2,((IF(($C10="42.2"),42.2,((IF(($C10="44.2"),44.2,((IF(($C10="46.2"),46.2,0)))))))))))))))))))))))) -> 0 | S10: =((IF(($C10="47.2"),47.2,((IF(($C10="50.2"),50.2,((IF(($C10="8.3"),8.3,((IF(($C10="23.2"),23.2,((IF(($C10="43.2"),43.2,((IF(($C10="45.2"),45.2,((IF(($C10="48.2"),48.2,((IF(($C10="51.2"),51.2,0)))))))))))))))))))))))) -> 0 | T10: =((IF(($C10="13.3"),13.3,((IF(($C10=38758),10.2,((IF(($C10=38762),14.2,((IF(($C10=38760),12.2,((IF(($C10=38764),16.2,((IF(($C10=38766),18.2,((IF(($C10=38776),28.2,((IF(($C10="30.2"),30.2,0)))))))))))))))))))))))) -> 0 | U10: =((IF(($C10="34.1"),34.1,((IF(($C10="35.1"),35.1,((IF(($C10=38733),16.1,((IF(($C10=38768),20.2,((IF(($C10=38774),26.2,((IF(($C10=38771),23.2,0)))))))))))))))))) -> 0 | W10: =(IF((SUM(P10:V10)<>0),(SUM(P10:V10)),$C10)) -> ND | X10: =((IF(($D10=38785),9.3,((IF(($D10=38761),13.2,((IF(($D10="31.2"),31.2,((IF(($D10=38787),11.3,((IF(($D10=38759),11.2,((IF(($D10=38763),15.2,((IF(($D10=38765),17.2,((IF(($D10=38772),24.2,0)))))))))))))))))))))))) -> 0 | Y10: =((IF(($D10=38800),24.3,((IF(($D10=38773),25.2,((IF(($D10=38046),29.2,((IF(($D10=38075),29.3,((IF(($D10="32.2"),32.2,((IF(($D10="33.2"),33.2,((IF(($D10="34.2"),34.2,((IF(($D10="35.2"),35.2,0)))))))))))))))))))))))) -> 0 | Z10: =((IF(($D10=38767),19.2,((IF(($D10="21.2"),21.2,((IF(($D10="22.2"),22.2,((IF(($D10="22.3"),22.3,((IF(($D10="26.2"),26.2,((IF(($D10="42.2"),42.2,((IF(($D10="44.2"),44.2,((IF(($D10="46.2"),46.2,0)))))))))))))))))))))))) -> 0 | AA10: =((IF(($D10="47.2"),47.2,((IF(($D10="50.2"),50.2,((IF(($D10="8.3"),8.3,((IF(($D10="23.2"),23.2,((IF(($D10="43.2"),43.2,((IF(($D10="45.2"),45.2,((IF(($D10="48.2"),48.2,((IF(($D10="51.2"),51.2,0)))))))))))))))))))))))) -> 0 | AB10: =((IF(($D10="13.3"),13.3,((IF(($D10=38758),10.2,((IF(($D10=38762),14.2,((IF(($D10=38760),12.2,((IF(($D10=38764),16.2,((IF(($D10=38766),18.2,((IF(($D10=38776),28.2,((IF(($D10="30.2"),30.2,0)))))))))))))))))))))))) -> 0 | AC10: =((IF(($D10="34.1"),34.1,((IF(($D10="35.1"),35.1,((IF(($D10=38733),16.1,((IF(($D10=38768),20.2,((IF(($D10=38774),26.2,0))))))))))))))) -> 0 | AE10: =(IF((SUM(X10:AD10)<>0),(SUM(X10:AD10)),$D10)) -> 12 | AF10: =((IF(($E10=38785),9.3,((IF(($E10=38761),13.2,((IF(($E10="31.2"),31.2,((IF(($E10=38787),11.3,((IF(($E10=38759),11.2,((IF(($E10=38763),15.2,((IF(($E10=38765),17.2,((IF(($E10=38772),24.2,0)))))))))))))))))))))))) -> 0 | AG10: =((IF(($E10=38800),24.3,((IF(($E10=38773),25.2,((IF(($E10=38046),29.2,((IF(($E10=38075),29.3,((IF(($E10="32.2"),32.2,((IF(($E10="33.2"),33.2,((IF(($E10="34.2"),34.2,((IF(($E10="35.2"),35.2,0)))))))))))))))))))))))) -> 0 | AH10: =((IF(($E10=38767),19.2,((IF(($E10="21.2"),21.2,((IF(($E10="22.2"),22.2,((IF(($E10="22.3"),22.3,((IF(($E10="26.2"),26.2,((IF(($E10="42.2"),42.2,((IF(($E10="44.2"),44.2,((IF(($E10="46.2"),46.2,0)))))))))))))))))))))))) -> 0 | AI10: =((IF(($E10="47.2"),47.2,((IF(($E10="50.2"),50.2,((IF(($E10="8.3"),8.3,((IF(($E10="23.2"),23.2,((IF(($E10="43.2"),43.2,((IF(($E10="45.2"),45.2,((IF(($E10="48.2"),48.2,((IF(($E10="51.2"),51.2,0)))))))))))))))))))))))) -> 0 | AJ10: =((IF(($E10="13.3"),13.3,((IF(($E10=38758),10.2,((IF(($E10=38762),14.2,((IF(($E10=38760),12.2,((IF(($E10=38764),16.2,((IF(($E10=38766),18.2,((IF(($E10=38776),28.2,((IF(($E10="30.2"),30.2,0)))))))))))))))))))))))) -> 0 | AK10: =((IF(($E10="34.1"),34.1,((IF(($E10="35.1"),35.1,((IF(($E10=38733),16.1,((IF(($E10=38768),20.2,((IF(($E10=38774),26.2,((IF(($E10=38771),23.2,0)))))))))))))))))) -> 0 | AM10: =(IF((SUM(AF10:AL10)<>0),(SUM(AF10:AL10)),$E10)) -> 13 | AN10: =((IF(($F10=38785),9.3,((IF(($F10=38761),13.2,((IF(($F10="31.2"),31.2,((IF(($F10=38787),11.3,((IF(($F10=38759),11.2,((IF(($F10=38763),15.2,((IF(($F10=38765),17.2,((IF(($F10=38772),24.2,0)))))))))))))))))))))))) -> 0 | AO10: =((IF(($F10=38800),24.3,((IF(($F10=38773),25.2,((IF(($F10=38046),29.2,((IF(($F10=38075),29.3,((IF(($F10="32.2"),32.2,((IF(($F10="33.2"),33.2,((IF(($F10="34.2"),34.2,((IF(($F10="35.2"),35.2,0)))))))))))))))))))))))) -> 0 | AP10: =((IF(($F10=38767),19.2,((IF(($F10="21.2"),21.2,((IF(($F10="22.2"),22.2,((IF(($F10="22.3"),22.3,((IF(($F10="26.2"),26.2,((IF(($F10="42.2"),42.2,((IF(($F10="44.2"),44.2,((IF(($F10="46.2"),46.2,0)))))))))))))))))))))))) -> 0 | AQ10: =((IF(($F10="47.2"),47.2,((IF(($F10="50.2"),50.2,((IF(($F10="8.3"),8.3,((IF(($F10="23.2"),23.2,((IF(($F10="43.2"),43.2,((IF(($F10="45.2"),45.2,((IF(($F10="48.2"),48.2,((IF(($F10="51.2"),51.2,0)))))))))))))))))))))))) -> 0 | AR10: =((IF(($F10="13.3"),13.3,((IF(($F10=38758),10.2,((IF(($F10=38762),14.2,((IF(($F10=38760),12.2,((IF(($F10=38764),16.2,((IF(($F10=38766),18.2,((IF(($F10=38776),28.2,((IF(($F10="30.2"),30.2,0)))))))))))))))))))))))) -> 0 | AS10: =((IF(($F10="34.1"),34.1,((IF(($F10="35.1"),35.1,((IF(($F10=38733),16.1,((IF(($F10=38768),20.2,((IF(($F10=38774),26.2,0))))))))))))))) -> 0 | AU10: =(IF((SUM(AN10:AT10)<>0),(SUM(AN10:AT10)),$F10)) -> 12 | AV10: =((IF(($G10=38785),9.3,((IF(($G10=38761),13.2,((IF(($G10="31.2"),31.2,((IF(($G10=38787),11.3,((IF(($G10=38759),11.2,((IF(($G10=38763),15.2,((IF(($G10=38765),17.2,((IF(($G10=38772),24.2,0)))))))))))))))))))))))) -> 0 | AW10: =((IF(($G10=38800),24.3,((IF(($G10=38773),25.2,((IF(($G10=38046),29.2,((IF(($G10=38075),29.3,((IF(($G10="32.2"),32.2,((IF(($G10="33.2"),33.2,((IF(($G10="34.2"),34.2,((IF(($G10="35.2"),35.2,0)))))))))))))))))))))))) -> 0 | AX10: =((IF(($G10=38767),19.2,((IF(($G10="21.2"),21.2,((IF(($G10="22.2"),22.2,((IF(($G10="22.3"),22.3,((IF(($G10="26.2"),26.2,((IF(($G10="42.2"),42.2,((IF(($G10="44.2"),44.2,((IF(($G10="46.2"),46.2,0)))))))))))))))))))))))) -> 0 | AY10: =((IF(($G10="47.2"),47.2,((IF(($G10="50.2"),50.2,((IF(($G10="8.3"),8.3,((IF(($G10="23.2"),23.2,((IF(($G10="43.2"),43.2,((IF(($G10="45.2"),45.2,((IF(($G10="48.2"),48.2,((IF(($G10="51.2"),51.2,0)))))))))))))))))))))))) -> 0 | AZ10: =((IF(($G10="13.3"),13.3,((IF(($G10=38758),10.2,((IF(($G10=38762),14.2,((IF(($G10=38760),12.2,((IF(($G10=38764),16.2,((IF(($G10=38766),18.2,((IF(($G10=38776),28.2,((IF(($G10="30.2"),30.2,0)))))))))))))))))))))))) -> 0 | BA10: =((IF(($G10="34.1"),34.1,((IF(($G10="35.1"),35.1,((IF(($G10=38733),16.1,((IF(($G10=38768),20.2,((IF(($G10=38774),26.2,((IF(($G10=38771),23.2,0)))))))))))))))))) -> 0 | BC10: =(IF((SUM(AV10:BB10)<>0),(SUM(AV10:BB10)),$G10)) -> 13
A11: =FREQUENCIAS!H$1 -> D16S539 | B11: ND | C11: ND | D11: 10 | E11: 12 | F11: 9 | G11: 12 | H11: =((IF(($B11=38785),9.3,((IF(($B11=38761),13.2,((IF(($B11="31.2"),31.2,((IF(($B11=38787),11.3,((IF(($B11=38759),11.2,((IF(($B11=38763),15.2,((IF(($B11=38765),17.2,((IF(($B11=38772),24.2,0)))))))))))))))))))))))) -> 0 | I11: =((IF(($B11=38800),24.3,((IF(($B11=38773),25.2,((IF(($B11=38046),29.2,((IF(($B11=38075),29.3,((IF(($B11="32.2"),32.2,((IF(($B11="33.2"),33.2,((IF(($B11="34.2"),34.2,((IF(($B11="35.2"),35.2,0)))))))))))))))))))))))) -> 0 | J11: =((IF(($B11=38767),19.2,((IF(($B11="21.2"),21.2,((IF(($B11="22.2"),22.2,((IF(($B11="22.3"),22.3,((IF(($B11="26.2"),26.2,((IF(($B11="42.2"),42.2,((IF(($B11="44.2"),44.2,((IF(($B11="46.2"),46.2,0)))))))))))))))))))))))) -> 0 | K11: =((IF(($B11="47.2"),47.2,((IF(($B11="50.2"),50.2,((IF(($B11="8.3"),8.3,((IF(($B11="23.2"),23.2,((IF(($B11="43.2"),43.2,((IF(($B11="45.2"),45.2,((IF(($B11="48.2"),48.2,((IF(($B11="51.2"),51.2,0)))))))))))))))))))))))) -> 0 | L11: =((IF(($B11="13.3"),13.3,((IF(($B11=38758),10.2,((IF(($B11=38762),14.2,((IF(($B11=38760),12.2,((IF(($B11=38764),16.2,((IF(($B11=38766),18.2,((IF(($B11=38776),28.2,((IF(($B11="30.2"),30.2,0)))))))))))))))))))))))) -> 0 | M11: =((IF(($B11="34.1"),34.1,((IF(($B11="35.1"),35.1,((IF(($B11=38733),16.1,((IF(($B11=38768),20.2,((IF(($B11=38774),26.2,0))))))))))))))) -> 0 | O11: =(IF((SUM(H11:N11)<>0),(SUM(H11:N11)),$B11)) -> ND | P11: =((IF(($C11=38785),9.3,((IF(($C11=38761),13.2,((IF(($C11="31.2"),31.2,((IF(($C11=38787),11.3,((IF(($C11=38759),11.2,((IF(($C11=38763),15.2,((IF(($C11=38765),17.2,((IF(($C11=38772),24.2,0)))))))))))))))))))))))) -> 0 | Q11: =((IF(($C11=38800),24.3,((IF(($C11=38773),25.2,((IF(($C11=38046),29.2,((IF(($C11=38075),29.3,((IF(($C11="32.2"),32.2,((IF(($C11="33.2"),33.2,((IF(($C11="34.2"),34.2,((IF(($C11="35.2"),35.2,0)))))))))))))))))))))))) -> 0 | R11: =((IF(($C11=38767),19.2,((IF(($C11="21.2"),21.2,((IF(($C11="22.2"),22.2,((IF(($C11="22.3"),22.3,((IF(($C11="26.2"),26.2,((IF(($C11="42.2"),42.2,((IF(($C11="44.2"),44.2,((IF(($C11="46.2"),46.2,0)))))))))))))))))))))))) -> 0 | S11: =((IF(($C11="47.2"),47.2,((IF(($C11="50.2"),50.2,((IF(($C11="8.3"),8.3,((IF(($C11="23.2"),23.2,((IF(($C11="43.2"),43.2,((IF(($C11="45.2"),45.2,((IF(($C11="48.2"),48.2,((IF(($C11="51.2"),51.2,0)))))))))))))))))))))))) -> 0 | T11: =((IF(($C11="13.3"),13.3,((IF(($C11=38758),10.2,((IF(($C11=38762),14.2,((IF(($C11=38760),12.2,((IF(($C11=38764),16.2,((IF(($C11=38766),18.2,((IF(($C11=38776),28.2,((IF(($C11="30.2"),30.2,0)))))))))))))))))))))))) -> 0 | U11: =((IF(($C11="34.1"),34.1,((IF(($C11="35.1"),35.1,((IF(($C11=38733),16.1,((IF(($C11=38768),20.2,((IF(($C11=38774),26.2,((IF(($C11=38771),23.2,0)))))))))))))))))) -> 0 | W11: =(IF((SUM(P11:V11)<>0),(SUM(P11:V11)),$C11)) -> ND | X11: =((IF(($D11=38785),9.3,((IF(($D11=38761),13.2,((IF(($D11="31.2"),31.2,((IF(($D11=38787),11.3,((IF(($D11=38759),11.2,((IF(($D11=38763),15.2,((IF(($D11=38765),17.2,((IF(($D11=38772),24.2,0)))))))))))))))))))))))) -> 0 | Y11: =((IF(($D11=38800),24.3,((IF(($D11=38773),25.2,((IF(($D11=38046),29.2,((IF(($D11=38075),29.3,((IF(($D11="32.2"),32.2,((IF(($D11="33.2"),33.2,((IF(($D11="34.2"),34.2,((IF(($D11="35.2"),35.2,0)))))))))))))))))))))))) -> 0 | Z11: =((IF(($D11=38767),19.2,((IF(($D11="21.2"),21.2,((IF(($D11="22.2"),22.2,((IF(($D11="22.3"),22.3,((IF(($D11="26.2"),26.2,((IF(($D11="42.2"),42.2,((IF(($D11="44.2"),44.2,((IF(($D11="46.2"),46.2,0)))))))))))))))))))))))) -> 0 | AA11: =((IF(($D11="47.2"),47.2,((IF(($D11="50.2"),50.2,((IF(($D11="8.3"),8.3,((IF(($D11="23.2"),23.2,((IF(($D11="43.2"),43.2,((IF(($D11="45.2"),45.2,((IF(($D11="48.2"),48.2,((IF(($D11="51.2"),51.2,0)))))))))))))))))))))))) -> 0 | AB11: =((IF(($D11="13.3"),13.3,((IF(($D11=38758),10.2,((IF(($D11=38762),14.2,((IF(($D11=38760),12.2,((IF(($D11=38764),16.2,((IF(($D11=38766),18.2,((IF(($D11=38776),28.2,((IF(($D11="30.2"),30.2,0)))))))))))))))))))))))) -> 0 | AC11: =((IF(($D11="34.1"),34.1,((IF(($D11="35.1"),35.1,((IF(($D11=38733),16.1,((IF(($D11=38768),20.2,((IF(($D11=38774),26.2,0))))))))))))))) -> 0 | AE11: =(IF((SUM(X11:AD11)<>0),(SUM(X11:AD11)),$D11)) -> 10 | AF11: =((IF(($E11=38785),9.3,((IF(($E11=38761),13.2,((IF(($E11="31.2"),31.2,((IF(($E11=38787),11.3,((IF(($E11=38759),11.2,((IF(($E11=38763),15.2,((IF(($E11=38765),17.2,((IF(($E11=38772),24.2,0)))))))))))))))))))))))) -> 0 | AG11: =((IF(($E11=38800),24.3,((IF(($E11=38773),25.2,((IF(($E11=38046),29.2,((IF(($E11=38075),29.3,((IF(($E11="32.2"),32.2,((IF(($E11="33.2"),33.2,((IF(($E11="34.2"),34.2,((IF(($E11="35.2"),35.2,0)))))))))))))))))))))))) -> 0 | AH11: =((IF(($E11=38767),19.2,((IF(($E11="21.2"),21.2,((IF(($E11="22.2"),22.2,((IF(($E11="22.3"),22.3,((IF(($E11="26.2"),26.2,((IF(($E11="42.2"),42.2,((IF(($E11="44.2"),44.2,((IF(($E11="46.2"),46.2,0)))))))))))))))))))))))) -> 0 | AI11: =((IF(($E11="47.2"),47.2,((IF(($E11="50.2"),50.2,((IF(($E11="8.3"),8.3,((IF(($E11="23.2"),23.2,((IF(($E11="43.2"),43.2,((IF(($E11="45.2"),45.2,((IF(($E11="48.2"),48.2,((IF(($E11="51.2"),51.2,0)))))))))))))))))))))))) -> 0 | AJ11: =((IF(($E11="13.3"),13.3,((IF(($E11=38758),10.2,((IF(($E11=38762),14.2,((IF(($E11=38760),12.2,((IF(($E11=38764),16.2,((IF(($E11=38766),18.2,((IF(($E11=38776),28.2,((IF(($E11="30.2"),30.2,0)))))))))))))))))))))))) -> 0 | AK11: =((IF(($E11="34.1"),34.1,((IF(($E11="35.1"),35.1,((IF(($E11=38733),16.1,((IF(($E11=38768),20.2,((IF(($E11=38774),26.2,((IF(($E11=38771),23.2,0)))))))))))))))))) -> 0 | AM11: =(IF((SUM(AF11:AL11)<>0),(SUM(AF11:AL11)),$E11)) -> 12 | AN11: =((IF(($F11=38785),9.3,((IF(($F11=38761),13.2,((IF(($F11="31.2"),31.2,((IF(($F11=38787),11.3,((IF(($F11=38759),11.2,((IF(($F11=38763),15.2,((IF(($F11=38765),17.2,((IF(($F11=38772),24.2,0)))))))))))))))))))))))) -> 0 | AO11: =((IF(($F11=38800),24.3,((IF(($F11=38773),25.2,((IF(($F11=38046),29.2,((IF(($F11=38075),29.3,((IF(($F11="32.2"),32.2,((IF(($F11="33.2"),33.2,((IF(($F11="34.2"),34.2,((IF(($F11="35.2"),35.2,0)))))))))))))))))))))))) -> 0 | AP11: =((IF(($F11=38767),19.2,((IF(($F11="21.2"),21.2,((IF(($F11="22.2"),22.2,((IF(($F11="22.3"),22.3,((IF(($F11="26.2"),26.2,((IF(($F11="42.2"),42.2,((IF(($F11="44.2"),44.2,((IF(($F11="46.2"),46.2,0)))))))))))))))))))))))) -> 0 | AQ11: =((IF(($F11="47.2"),47.2,((IF(($F11="50.2"),50.2,((IF(($F11="8.3"),8.3,((IF(($F11="23.2"),23.2,((IF(($F11="43.2"),43.2,((IF(($F11="45.2"),45.2,((IF(($F11="48.2"),48.2,((IF(($F11="51.2"),51.2,0)))))))))))))))))))))))) -> 0 | AR11: =((IF(($F11="13.3"),13.3,((IF(($F11=38758),10.2,((IF(($F11=38762),14.2,((IF(($F11=38760),12.2,((IF(($F11=38764),16.2,((IF(($F11=38766),18.2,((IF(($F11=38776),28.2,((IF(($F11="30.2"),30.2,0)))))))))))))))))))))))) -> 0 | AS11: =((IF(($F11="34.1"),34.1,((IF(($F11="35.1"),35.1,((IF(($F11=38733),16.1,((IF(($F11=38768),20.2,((IF(($F11=38774),26.2,0))))))))))))))) -> 0 | AU11: =(IF((SUM(AN11:AT11)<>0),(SUM(AN11:AT11)),$F11)) -> 9 | AV11: =((IF(($G11=38785),9.3,((IF(($G11=38761),13.2,((IF(($G11="31.2"),31.2,((IF(($G11=38787),11.3,((IF(($G11=38759),11.2,((IF(($G11=38763),15.2,((IF(($G11=38765),17.2,((IF(($G11=38772),24.2,0)))))))))))))))))))))))) -> 0 | AW11: =((IF(($G11=38800),24.3,((IF(($G11=38773),25.2,((IF(($G11=38046),29.2,((IF(($G11=38075),29.3,((IF(($G11="32.2"),32.2,((IF(($G11="33.2"),33.2,((IF(($G11="34.2"),34.2,((IF(($G11="35.2"),35.2,0)))))))))))))))))))))))) -> 0 | AX11: =((IF(($G11=38767),19.2,((IF(($G11="21.2"),21.2,((IF(($G11="22.2"),22.2,((IF(($G11="22.3"),22.3,((IF(($G11="26.2"),26.2,((IF(($G11="42.2"),42.2,((IF(($G11="44.2"),44.2,((IF(($G11="46.2"),46.2,0)))))))))))))))))))))))) -> 0 | AY11: =((IF(($G11="47.2"),47.2,((IF(($G11="50.2"),50.2,((IF(($G11="8.3"),8.3,((IF(($G11="23.2"),23.2,((IF(($G11="43.2"),43.2,((IF(($G11="45.2"),45.2,((IF(($G11="48.2"),48.2,((IF(($G11="51.2"),51.2,0)))))))))))))))))))))))) -> 0 | AZ11: =((IF(($G11="13.3"),13.3,((IF(($G11=38758),10.2,((IF(($G11=38762),14.2,((IF(($G11=38760),12.2,((IF(($G11=38764),16.2,((IF(($G11=38766),18.2,((IF(($G11=38776),28.2,((IF(($G11="30.2"),30.2,0)))))))))))))))))))))))) -> 0 | BA11: =((IF(($G11="34.1"),34.1,((IF(($G11="35.1"),35.1,((IF(($G11=38733),16.1,((IF(($G11=38768),20.2,((IF(($G11=38774),26.2,((IF(($G11=38771),23.2,0)))))))))))))))))) -> 0 | BC11: =(IF((SUM(AV11:BB11)<>0),(SUM(AV11:BB11)),$G11)) -> 12
A12: =FREQUENCIAS!I$1 -> D18S51 | B12: ND | C12: ND | D12: 15 | E12: 16 | F12: 15 | G12: 18 | H12: =((IF(($B12=38785),9.3,((IF(($B12=38761),13.2,((IF(($B12="31.2"),31.2,((IF(($B12=38787),11.3,((IF(($B12=38759),11.2,((IF(($B12=38763),15.2,((IF(($B12=38765),17.2,((IF(($B12=38772),24.2,0)))))))))))))))))))))))) -> 0 | I12: =((IF(($B12=38800),24.3,((IF(($B12=38773),25.2,((IF(($B12=38046),29.2,((IF(($B12=38075),29.3,((IF(($B12="32.2"),32.2,((IF(($B12="33.2"),33.2,((IF(($B12="34.2"),34.2,((IF(($B12="35.2"),35.2,0)))))))))))))))))))))))) -> 0 | J12: =((IF(($B12=38767),19.2,((IF(($B12="21.2"),21.2,((IF(($B12="22.2"),22.2,((IF(($B12="22.3"),22.3,((IF(($B12="26.2"),26.2,((IF(($B12="42.2"),42.2,((IF(($B12="44.2"),44.2,((IF(($B12="46.2"),46.2,0)))))))))))))))))))))))) -> 0 | K12: =((IF(($B12="47.2"),47.2,((IF(($B12="50.2"),50.2,((IF(($B12="8.3"),8.3,((IF(($B12="23.2"),23.2,((IF(($B12="43.2"),43.2,((IF(($B12="45.2"),45.2,((IF(($B12="48.2"),48.2,((IF(($B12="51.2"),51.2,0)))))))))))))))))))))))) -> 0 | L12: =((IF(($B12="13.3"),13.3,((IF(($B12=38758),10.2,((IF(($B12=38762),14.2,((IF(($B12=38760),12.2,((IF(($B12=38764),16.2,((IF(($B12=38766),18.2,((IF(($B12=38776),28.2,((IF(($B12="30.2"),30.2,0)))))))))))))))))))))))) -> 0 | M12: =((IF(($B12="34.1"),34.1,((IF(($B12="35.1"),35.1,((IF(($B12=38733),16.1,((IF(($B12=38768),20.2,((IF(($B12=38774),26.2,0))))))))))))))) -> 0 | O12: =(IF((SUM(H12:N12)<>0),(SUM(H12:N12)),$B12)) -> ND | P12: =((IF(($C12=38785),9.3,((IF(($C12=38761),13.2,((IF(($C12="31.2"),31.2,((IF(($C12=38787),11.3,((IF(($C12=38759),11.2,((IF(($C12=38763),15.2,((IF(($C12=38765),17.2,((IF(($C12=38772),24.2,0)))))))))))))))))))))))) -> 0 | Q12: =((IF(($C12=38800),24.3,((IF(($C12=38773),25.2,((IF(($C12=38046),29.2,((IF(($C12=38075),29.3,((IF(($C12="32.2"),32.2,((IF(($C12="33.2"),33.2,((IF(($C12="34.2"),34.2,((IF(($C12="35.2"),35.2,0)))))))))))))))))))))))) -> 0 | R12: =((IF(($C12=38767),19.2,((IF(($C12="21.2"),21.2,((IF(($C12="22.2"),22.2,((IF(($C12="22.3"),22.3,((IF(($C12="26.2"),26.2,((IF(($C12="42.2"),42.2,((IF(($C12="44.2"),44.2,((IF(($C12="46.2"),46.2,0)))))))))))))))))))))))) -> 0 | S12: =((IF(($C12="47.2"),47.2,((IF(($C12="50.2"),50.2,((IF(($C12="8.3"),8.3,((IF(($C12="23.2"),23.2,((IF(($C12="43.2"),43.2,((IF(($C12="45.2"),45.2,((IF(($C12="48.2"),48.2,((IF(($C12="51.2"),51.2,0)))))))))))))))))))))))) -> 0 | T12: =((IF(($C12="13.3"),13.3,((IF(($C12=38758),10.2,((IF(($C12=38762),14.2,((IF(($C12=38760),12.2,((IF(($C12=38764),16.2,((IF(($C12=38766),18.2,((IF(($C12=38776),28.2,((IF(($C12="30.2"),30.2,0)))))))))))))))))))))))) -> 0 | U12: =((IF(($C12="34.1"),34.1,((IF(($C12="35.1"),35.1,((IF(($C12=38733),16.1,((IF(($C12=38768),20.2,((IF(($C12=38774),26.2,((IF(($C12=38771),23.2,0)))))))))))))))))) -> 0 | W12: =(IF((SUM(P12:V12)<>0),(SUM(P12:V12)),$C12)) -> ND | X12: =((IF(($D12=38785),9.3,((IF(($D12=38761),13.2,((IF(($D12="31.2"),31.2,((IF(($D12=38787),11.3,((IF(($D12=38759),11.2,((IF(($D12=38763),15.2,((IF(($D12=38765),17.2,((IF(($D12=38772),24.2,0)))))))))))))))))))))))) -> 0 | Y12: =((IF(($D12=38800),24.3,((IF(($D12=38773),25.2,((IF(($D12=38046),29.2,((IF(($D12=38075),29.3,((IF(($D12="32.2"),32.2,((IF(($D12="33.2"),33.2,((IF(($D12="34.2"),34.2,((IF(($D12="35.2"),35.2,0)))))))))))))))))))))))) -> 0 | Z12: =((IF(($D12=38767),19.2,((IF(($D12="21.2"),21.2,((IF(($D12="22.2"),22.2,((IF(($D12="22.3"),22.3,((IF(($D12="26.2"),26.2,((IF(($D12="42.2"),42.2,((IF(($D12="44.2"),44.2,((IF(($D12="46.2"),46.2,0)))))))))))))))))))))))) -> 0 | AA12: =((IF(($D12="47.2"),47.2,((IF(($D12="50.2"),50.2,((IF(($D12="8.3"),8.3,((IF(($D12="23.2"),23.2,((IF(($D12="43.2"),43.2,((IF(($D12="45.2"),45.2,((IF(($D12="48.2"),48.2,((IF(($D12="51.2"),51.2,0)))))))))))))))))))))))) -> 0 | AB12: =((IF(($D12="13.3"),13.3,((IF(($D12=38758),10.2,((IF(($D12=38762),14.2,((IF(($D12=38760),12.2,((IF(($D12=38764),16.2,((IF(($D12=38766),18.2,((IF(($D12=38776),28.2,((IF(($D12="30.2"),30.2,0)))))))))))))))))))))))) -> 0 | AC12: =((IF(($D12="34.1"),34.1,((IF(($D12="35.1"),35.1,((IF(($D12=38733),16.1,((IF(($D12=38768),20.2,((IF(($D12=38774),26.2,0))))))))))))))) -> 0 | AE12: =(IF((SUM(X12:AD12)<>0),(SUM(X12:AD12)),$D12)) -> 15 | AF12: =((IF(($E12=38785),9.3,((IF(($E12=38761),13.2,((IF(($E12="31.2"),31.2,((IF(($E12=38787),11.3,((IF(($E12=38759),11.2,((IF(($E12=38763),15.2,((IF(($E12=38765),17.2,((IF(($E12=38772),24.2,0)))))))))))))))))))))))) -> 0 | AG12: =((IF(($E12=38800),24.3,((IF(($E12=38773),25.2,((IF(($E12=38046),29.2,((IF(($E12=38075),29.3,((IF(($E12="32.2"),32.2,((IF(($E12="33.2"),33.2,((IF(($E12="34.2"),34.2,((IF(($E12="35.2"),35.2,0)))))))))))))))))))))))) -> 0 | AH12: =((IF(($E12=38767),19.2,((IF(($E12="21.2"),21.2,((IF(($E12="22.2"),22.2,((IF(($E12="22.3"),22.3,((IF(($E12="26.2"),26.2,((IF(($E12="42.2"),42.2,((IF(($E12="44.2"),44.2,((IF(($E12="46.2"),46.2,0)))))))))))))))))))))))) -> 0 | AI12: =((IF(($E12="47.2"),47.2,((IF(($E12="50.2"),50.2,((IF(($E12="8.3"),8.3,((IF(($E12="23.2"),23.2,((IF(($E12="43.2"),43.2,((IF(($E12="45.2"),45.2,((IF(($E12="48.2"),48.2,((IF(($E12="51.2"),51.2,0)))))))))))))))))))))))) -> 0 | AJ12: =((IF(($E12="13.3"),13.3,((IF(($E12=38758),10.2,((IF(($E12=38762),14.2,((IF(($E12=38760),12.2,((IF(($E12=38764),16.2,((IF(($E12=38766),18.2,((IF(($E12=38776),28.2,((IF(($E12="30.2"),30.2,0)))))))))))))))))))))))) -> 0 | AK12: =((IF(($E12="34.1"),34.1,((IF(($E12="35.1"),35.1,((IF(($E12=38733),16.1,((IF(($E12=38768),20.2,((IF(($E12=38774),26.2,((IF(($E12=38771),23.2,0)))))))))))))))))) -> 0 | AM12: =(IF((SUM(AF12:AL12)<>0),(SUM(AF12:AL12)),$E12)) -> 16 | AN12: =((IF(($F12=38785),9.3,((IF(($F12=38761),13.2,((IF(($F12="31.2"),31.2,((IF(($F12=38787),11.3,((IF(($F12=38759),11.2,((IF(($F12=38763),15.2,((IF(($F12=38765),17.2,((IF(($F12=38772),24.2,0)))))))))))))))))))))))) -> 0 | AO12: =((IF(($F12=38800),24.3,((IF(($F12=38773),25.2,((IF(($F12=38046),29.2,((IF(($F12=38075),29.3,((IF(($F12="32.2"),32.2,((IF(($F12="33.2"),33.2,((IF(($F12="34.2"),34.2,((IF(($F12="35.2"),35.2,0)))))))))))))))))))))))) -> 0 | AP12: =((IF(($F12=38767),19.2,((IF(($F12="21.2"),21.2,((IF(($F12="22.2"),22.2,((IF(($F12="22.3"),22.3,((IF(($F12="26.2"),26.2,((IF(($F12="42.2"),42.2,((IF(($F12="44.2"),44.2,((IF(($F12="46.2"),46.2,0)))))))))))))))))))))))) -> 0 | AQ12: =((IF(($F12="47.2"),47.2,((IF(($F12="50.2"),50.2,((IF(($F12="8.3"),8.3,((IF(($F12="23.2"),23.2,((IF(($F12="43.2"),43.2,((IF(($F12="45.2"),45.2,((IF(($F12="48.2"),48.2,((IF(($F12="51.2"),51.2,0)))))))))))))))))))))))) -> 0 | AR12: =((IF(($F12="13.3"),13.3,((IF(($F12=38758),10.2,((IF(($F12=38762),14.2,((IF(($F12=38760),12.2,((IF(($F12=38764),16.2,((IF(($F12=38766),18.2,((IF(($F12=38776),28.2,((IF(($F12="30.2"),30.2,0)))))))))))))))))))))))) -> 0 | AS12: =((IF(($F12="34.1"),34.1,((IF(($F12="35.1"),35.1,((IF(($F12=38733),16.1,((IF(($F12=38768),20.2,((IF(($F12=38774),26.2,0))))))))))))))) -> 0 | AU12: =(IF((SUM(AN12:AT12)<>0),(SUM(AN12:AT12)),$F12)) -> 15 | AV12: =((IF(($G12=38785),9.3,((IF(($G12=38761),13.2,((IF(($G12="31.2"),31.2,((IF(($G12=38787),11.3,((IF(($G12=38759),11.2,((IF(($G12=38763),15.2,((IF(($G12=38765),17.2,((IF(($G12=38772),24.2,0)))))))))))))))))))))))) -> 0 | AW12: =((IF(($G12=38800),24.3,((IF(($G12=38773),25.2,((IF(($G12=38046),29.2,((IF(($G12=38075),29.3,((IF(($G12="32.2"),32.2,((IF(($G12="33.2"),33.2,((IF(($G12="34.2"),34.2,((IF(($G12="35.2"),35.2,0)))))))))))))))))))))))) -> 0 | AX12: =((IF(($G12=38767),19.2,((IF(($G12="21.2"),21.2,((IF(($G12="22.2"),22.2,((IF(($G12="22.3"),22.3,((IF(($G12="26.2"),26.2,((IF(($G12="42.2"),42.2,((IF(($G12="44.2"),44.2,((IF(($G12="46.2"),46.2,0)))))))))))))))))))))))) -> 0 | AY12: =((IF(($G12="47.2"),47.2,((IF(($G12="50.2"),50.2,((IF(($G12="8.3"),8.3,((IF(($G12="23.2"),23.2,((IF(($G12="43.2"),43.2,((IF(($G12="45.2"),45.2,((IF(($G12="48.2"),48.2,((IF(($G12="51.2"),51.2,0)))))))))))))))))))))))) -> 0 | AZ12: =((IF(($G12="13.3"),13.3,((IF(($G12=38758),10.2,((IF(($G12=38762),14.2,((IF(($G12=38760),12.2,((IF(($G12=38764),16.2,((IF(($G12=38766),18.2,((IF(($G12=38776),28.2,((IF(($G12="30.2"),30.2,0)))))))))))))))))))))))) -> 0 | BA12: =((IF(($G12="34.1"),34.1,((IF(($G12="35.1"),35.1,((IF(($G12=38733),16.1,((IF(($G12=38768),20.2,((IF(($G12=38774),26.2,((IF(($G12=38771),23.2,0)))))))))))))))))) -> 0 | BC12: =(IF((SUM(AV12:BB12)<>0),(SUM(AV12:BB12)),$G12)) -> 18
A13: =FREQUENCIAS!J$1 -> D2S1338 | B13: ND | C13: ND | D13: 19 | E13: 21 | F13: 19 | G13: 22 | H13: =((IF(($B13=38785),9.3,((IF(($B13=38761),13.2,((IF(($B13="31.2"),31.2,((IF(($B13=38787),11.3,((IF(($B13=38759),11.2,((IF(($B13=38763),15.2,((IF(($B13=38765),17.2,((IF(($B13=38772),24.2,0)))))))))))))))))))))))) -> 0 | I13: =((IF(($B13=38800),24.3,((IF(($B13=38773),25.2,((IF(($B13=38046),29.2,((IF(($B13=38075),29.3,((IF(($B13="32.2"),32.2,((IF(($B13="33.2"),33.2,((IF(($B13="34.2"),34.2,((IF(($B13="35.2"),35.2,0)))))))))))))))))))))))) -> 0 | J13: =((IF(($B13=38767),19.2,((IF(($B13="21.2"),21.2,((IF(($B13="22.2"),22.2,((IF(($B13="22.3"),22.3,((IF(($B13="26.2"),26.2,((IF(($B13="42.2"),42.2,((IF(($B13="44.2"),44.2,((IF(($B13="46.2"),46.2,0)))))))))))))))))))))))) -> 0 | K13: =((IF(($B13="47.2"),47.2,((IF(($B13="50.2"),50.2,((IF(($B13="8.3"),8.3,((IF(($B13="23.2"),23.2,((IF(($B13="43.2"),43.2,((IF(($B13="45.2"),45.2,((IF(($B13="48.2"),48.2,((IF(($B13="51.2"),51.2,0)))))))))))))))))))))))) -> 0 | L13: =((IF(($B13="13.3"),13.3,((IF(($B13=38758),10.2,((IF(($B13=38762),14.2,((IF(($B13=38760),12.2,((IF(($B13=38764),16.2,((IF(($B13=38766),18.2,((IF(($B13=38776),28.2,((IF(($B13="30.2"),30.2,0)))))))))))))))))))))))) -> 0 | M13: =((IF(($B13="34.1"),34.1,((IF(($B13="35.1"),35.1,((IF(($B13=38733),16.1,((IF(($B13=38768),20.2,((IF(($B13=38774),26.2,0))))))))))))))) -> 0 | O13: =(IF((SUM(H13:N13)<>0),(SUM(H13:N13)),$B13)) -> ND | P13: =((IF(($C13=38785),9.3,((IF(($C13=38761),13.2,((IF(($C13="31.2"),31.2,((IF(($C13=38787),11.3,((IF(($C13=38759),11.2,((IF(($C13=38763),15.2,((IF(($C13=38765),17.2,((IF(($C13=38772),24.2,0)))))))))))))))))))))))) -> 0 | Q13: =((IF(($C13=38800),24.3,((IF(($C13=38773),25.2,((IF(($C13=38046),29.2,((IF(($C13=38075),29.3,((IF(($C13="32.2"),32.2,((IF(($C13="33.2"),33.2,((IF(($C13="34.2"),34.2,((IF(($C13="35.2"),35.2,0)))))))))))))))))))))))) -> 0 | R13: =((IF(($C13=38767),19.2,((IF(($C13="21.2"),21.2,((IF(($C13="22.2"),22.2,((IF(($C13="22.3"),22.3,((IF(($C13="26.2"),26.2,((IF(($C13="42.2"),42.2,((IF(($C13="44.2"),44.2,((IF(($C13="46.2"),46.2,0)))))))))))))))))))))))) -> 0 | S13: =((IF(($C13="47.2"),47.2,((IF(($C13="50.2"),50.2,((IF(($C13="8.3"),8.3,((IF(($C13="23.2"),23.2,((IF(($C13="43.2"),43.2,((IF(($C13="45.2"),45.2,((IF(($C13="48.2"),48.2,((IF(($C13="51.2"),51.2,0)))))))))))))))))))))))) -> 0 | T13: =((IF(($C13="13.3"),13.3,((IF(($C13=38758),10.2,((IF(($C13=38762),14.2,((IF(($C13=38760),12.2,((IF(($C13=38764),16.2,((IF(($C13=38766),18.2,((IF(($C13=38776),28.2,((IF(($C13="30.2"),30.2,0)))))))))))))))))))))))) -> 0 | U13: =((IF(($C13="34.1"),34.1,((IF(($C13="35.1"),35.1,((IF(($C13=38733),16.1,((IF(($C13=38768),20.2,((IF(($C13=38774),26.2,((IF(($C13=38771),23.2,0)))))))))))))))))) -> 0 | W13: =(IF((SUM(P13:V13)<>0),(SUM(P13:V13)),$C13)) -> ND | X13: =((IF(($D13=38785),9.3,((IF(($D13=38761),13.2,((IF(($D13="31.2"),31.2,((IF(($D13=38787),11.3,((IF(($D13=38759),11.2,((IF(($D13=38763),15.2,((IF(($D13=38765),17.2,((IF(($D13=38772),24.2,0)))))))))))))))))))))))) -> 0 | Y13: =((IF(($D13=38800),24.3,((IF(($D13=38773),25.2,((IF(($D13=38046),29.2,((IF(($D13=38075),29.3,((IF(($D13="32.2"),32.2,((IF(($D13="33.2"),33.2,((IF(($D13="34.2"),34.2,((IF(($D13="35.2"),35.2,0)))))))))))))))))))))))) -> 0 | Z13: =((IF(($D13=38767),19.2,((IF(($D13="21.2"),21.2,((IF(($D13="22.2"),22.2,((IF(($D13="22.3"),22.3,((IF(($D13="26.2"),26.2,((IF(($D13="42.2"),42.2,((IF(($D13="44.2"),44.2,((IF(($D13="46.2"),46.2,0)))))))))))))))))))))))) -> 0 | AA13: =((IF(($D13="47.2"),47.2,((IF(($D13="50.2"),50.2,((IF(($D13="8.3"),8.3,((IF(($D13="23.2"),23.2,((IF(($D13="43.2"),43.2,((IF(($D13="45.2"),45.2,((IF(($D13="48.2"),48.2,((IF(($D13="51.2"),51.2,0)))))))))))))))))))))))) -> 0 | AB13: =((IF(($D13="13.3"),13.3,((IF(($D13=38758),10.2,((IF(($D13=38762),14.2,((IF(($D13=38760),12.2,((IF(($D13=38764),16.2,((IF(($D13=38766),18.2,((IF(($D13=38776),28.2,((IF(($D13="30.2"),30.2,0)))))))))))))))))))))))) -> 0 | AC13: =((IF(($D13="34.1"),34.1,((IF(($D13="35.1"),35.1,((IF(($D13=38733),16.1,((IF(($D13=38768),20.2,((IF(($D13=38774),26.2,0))))))))))))))) -> 0 | AE13: =(IF((SUM(X13:AD13)<>0),(SUM(X13:AD13)),$D13)) -> 19 | AF13: =((IF(($E13=38785),9.3,((IF(($E13=38761),13.2,((IF(($E13="31.2"),31.2,((IF(($E13=38787),11.3,((IF(($E13=38759),11.2,((IF(($E13=38763),15.2,((IF(($E13=38765),17.2,((IF(($E13=38772),24.2,0)))))))))))))))))))))))) -> 0 | AG13: =((IF(($E13=38800),24.3,((IF(($E13=38773),25.2,((IF(($E13=38046),29.2,((IF(($E13=38075),29.3,((IF(($E13="32.2"),32.2,((IF(($E13="33.2"),33.2,((IF(($E13="34.2"),34.2,((IF(($E13="35.2"),35.2,0)))))))))))))))))))))))) -> 0 | AH13: =((IF(($E13=38767),19.2,((IF(($E13="21.2"),21.2,((IF(($E13="22.2"),22.2,((IF(($E13="22.3"),22.3,((IF(($E13="26.2"),26.2,((IF(($E13="42.2"),42.2,((IF(($E13="44.2"),44.2,((IF(($E13="46.2"),46.2,0)))))))))))))))))))))))) -> 0 | AI13: =((IF(($E13="47.2"),47.2,((IF(($E13="50.2"),50.2,((IF(($E13="8.3"),8.3,((IF(($E13="23.2"),23.2,((IF(($E13="43.2"),43.2,((IF(($E13="45.2"),45.2,((IF(($E13="48.2"),48.2,((IF(($E13="51.2"),51.2,0)))))))))))))))))))))))) -> 0 | AJ13: =((IF(($E13="13.3"),13.3,((IF(($E13=38758),10.2,((IF(($E13=38762),14.2,((IF(($E13=38760),12.2,((IF(($E13=38764),16.2,((IF(($E13=38766),18.2,((IF(($E13=38776),28.2,((IF(($E13="30.2"),30.2,0)))))))))))))))))))))))) -> 0 | AK13: =((IF(($E13="34.1"),34.1,((IF(($E13="35.1"),35.1,((IF(($E13=38733),16.1,((IF(($E13=38768),20.2,((IF(($E13=38774),26.2,((IF(($E13=38771),23.2,0)))))))))))))))))) -> 0 | AM13: =(IF((SUM(AF13:AL13)<>0),(SUM(AF13:AL13)),$E13)) -> 21 | AN13: =((IF(($F13=38785),9.3,((IF(($F13=38761),13.2,((IF(($F13="31.2"),31.2,((IF(($F13=38787),11.3,((IF(($F13=38759),11.2,((IF(($F13=38763),15.2,((IF(($F13=38765),17.2,((IF(($F13=38772),24.2,0)))))))))))))))))))))))) -> 0 | AO13: =((IF(($F13=38800),24.3,((IF(($F13=38773),25.2,((IF(($F13=38046),29.2,((IF(($F13=38075),29.3,((IF(($F13="32.2"),32.2,((IF(($F13="33.2"),33.2,((IF(($F13="34.2"),34.2,((IF(($F13="35.2"),35.2,0)))))))))))))))))))))))) -> 0 | AP13: =((IF(($F13=38767),19.2,((IF(($F13="21.2"),21.2,((IF(($F13="22.2"),22.2,((IF(($F13="22.3"),22.3,((IF(($F13="26.2"),26.2,((IF(($F13="42.2"),42.2,((IF(($F13="44.2"),44.2,((IF(($F13="46.2"),46.2,0)))))))))))))))))))))))) -> 0 | AQ13: =((IF(($F13="47.2"),47.2,((IF(($F13="50.2"),50.2,((IF(($F13="8.3"),8.3,((IF(($F13="23.2"),23.2,((IF(($F13="43.2"),43.2,((IF(($F13="45.2"),45.2,((IF(($F13="48.2"),48.2,((IF(($F13="51.2"),51.2,0)))))))))))))))))))))))) -> 0 | AR13: =((IF(($F13="13.3"),13.3,((IF(($F13=38758),10.2,((IF(($F13=38762),14.2,((IF(($F13=38760),12.2,((IF(($F13=38764),16.2,((IF(($F13=38766),18.2,((IF(($F13=38776),28.2,((IF(($F13="30.2"),30.2,0)))))))))))))))))))))))) -> 0 | AS13: =((IF(($F13="34.1"),34.1,((IF(($F13="35.1"),35.1,((IF(($F13=38733),16.1,((IF(($F13=38768),20.2,((IF(($F13=38774),26.2,0))))))))))))))) -> 0 | AU13: =(IF((SUM(AN13:AT13)<>0),(SUM(AN13:AT13)),$F13)) -> 19 | AV13: =((IF(($G13=38785),9.3,((IF(($G13=38761),13.2,((IF(($G13="31.2"),31.2,((IF(($G13=38787),11.3,((IF(($G13=38759),11.2,((IF(($G13=38763),15.2,((IF(($G13=38765),17.2,((IF(($G13=38772),24.2,0)))))))))))))))))))))))) -> 0 | AW13: =((IF(($G13=38800),24.3,((IF(($G13=38773),25.2,((IF(($G13=38046),29.2,((IF(($G13=38075),29.3,((IF(($G13="32.2"),32.2,((IF(($G13="33.2"),33.2,((IF(($G13="34.2"),34.2,((IF(($G13="35.2"),35.2,0)))))))))))))))))))))))) -> 0 | AX13: =((IF(($G13=38767),19.2,((IF(($G13="21.2"),21.2,((IF(($G13="22.2"),22.2,((IF(($G13="22.3"),22.3,((IF(($G13="26.2"),26.2,((IF(($G13="42.2"),42.2,((IF(($G13="44.2"),44.2,((IF(($G13="46.2"),46.2,0)))))))))))))))))))))))) -> 0 | AY13: =((IF(($G13="47.2"),47.2,((IF(($G13="50.2"),50.2,((IF(($G13="8.3"),8.3,((IF(($G13="23.2"),23.2,((IF(($G13="43.2"),43.2,((IF(($G13="45.2"),45.2,((IF(($G13="48.2"),48.2,((IF(($G13="51.2"),51.2,0)))))))))))))))))))))))) -> 0 | AZ13: =((IF(($G13="13.3"),13.3,((IF(($G13=38758),10.2,((IF(($G13=38762),14.2,((IF(($G13=38760),12.2,((IF(($G13=38764),16.2,((IF(($G13=38766),18.2,((IF(($G13=38776),28.2,((IF(($G13="30.2"),30.2,0)))))))))))))))))))))))) -> 0 | BA13: =((IF(($G13="34.1"),34.1,((IF(($G13="35.1"),35.1,((IF(($G13=38733),16.1,((IF(($G13=38768),20.2,((IF(($G13=38774),26.2,((IF(($G13=38771),23.2,0)))))))))))))))))) -> 0 | BC13: =(IF((SUM(AV13:BB13)<>0),(SUM(AV13:BB13)),$G13)) -> 22
A14: =FREQUENCIAS!K$1 -> CSF1PO | B14: ND | C14: ND | D14: 10 | E14: 11 | F14: 11 | G14: 12 | H14: =((IF(($B14=38785),9.3,((IF(($B14=38761),13.2,((IF(($B14="31.2"),31.2,((IF(($B14=38787),11.3,((IF(($B14=38759),11.2,((IF(($B14=38763),15.2,((IF(($B14=38765),17.2,((IF(($B14=38772),24.2,0)))))))))))))))))))))))) -> 0 | I14: =((IF(($B14=38800),24.3,((IF(($B14=38773),25.2,((IF(($B14=38046),29.2,((IF(($B14=38075),29.3,((IF(($B14="32.2"),32.2,((IF(($B14="33.2"),33.2,((IF(($B14="34.2"),34.2,((IF(($B14="35.2"),35.2,0)))))))))))))))))))))))) -> 0 | J14: =((IF(($B14=38767),19.2,((IF(($B14="21.2"),21.2,((IF(($B14="22.2"),22.2,((IF(($B14="22.3"),22.3,((IF(($B14="26.2"),26.2,((IF(($B14="42.2"),42.2,((IF(($B14="44.2"),44.2,((IF(($B14="46.2"),46.2,0)))))))))))))))))))))))) -> 0 | K14: =((IF(($B14="47.2"),47.2,((IF(($B14="50.2"),50.2,((IF(($B14="8.3"),8.3,((IF(($B14="23.2"),23.2,((IF(($B14="43.2"),43.2,((IF(($B14="45.2"),45.2,((IF(($B14="48.2"),48.2,((IF(($B14="51.2"),51.2,0)))))))))))))))))))))))) -> 0 | L14: =((IF(($B14="13.3"),13.3,((IF(($B14=38758),10.2,((IF(($B14=38762),14.2,((IF(($B14=38760),12.2,((IF(($B14=38764),16.2,((IF(($B14=38766),18.2,((IF(($B14=38776),28.2,((IF(($B14="30.2"),30.2,0)))))))))))))))))))))))) -> 0 | M14: =((IF(($B14="34.1"),34.1,((IF(($B14="35.1"),35.1,((IF(($B14=38733),16.1,((IF(($B14=38768),20.2,((IF(($B14=38774),26.2,0))))))))))))))) -> 0 | O14: =(IF((SUM(H14:N14)<>0),(SUM(H14:N14)),$B14)) -> ND | P14: =((IF(($C14=38785),9.3,((IF(($C14=38761),13.2,((IF(($C14="31.2"),31.2,((IF(($C14=38787),11.3,((IF(($C14=38759),11.2,((IF(($C14=38763),15.2,((IF(($C14=38765),17.2,((IF(($C14=38772),24.2,0)))))))))))))))))))))))) -> 0 | Q14: =((IF(($C14=38800),24.3,((IF(($C14=38773),25.2,((IF(($C14=38046),29.2,((IF(($C14=38075),29.3,((IF(($C14="32.2"),32.2,((IF(($C14="33.2"),33.2,((IF(($C14="34.2"),34.2,((IF(($C14="35.2"),35.2,0)))))))))))))))))))))))) -> 0 | R14: =((IF(($C14=38767),19.2,((IF(($C14="21.2"),21.2,((IF(($C14="22.2"),22.2,((IF(($C14="22.3"),22.3,((IF(($C14="26.2"),26.2,((IF(($C14="42.2"),42.2,((IF(($C14="44.2"),44.2,((IF(($C14="46.2"),46.2,0)))))))))))))))))))))))) -> 0 | S14: =((IF(($C14="47.2"),47.2,((IF(($C14="50.2"),50.2,((IF(($C14="8.3"),8.3,((IF(($C14="23.2"),23.2,((IF(($C14="43.2"),43.2,((IF(($C14="45.2"),45.2,((IF(($C14="48.2"),48.2,((IF(($C14="51.2"),51.2,0)))))))))))))))))))))))) -> 0 | T14: =((IF(($C14="13.3"),13.3,((IF(($C14=38758),10.2,((IF(($C14=38762),14.2,((IF(($C14=38760),12.2,((IF(($C14=38764),16.2,((IF(($C14=38766),18.2,((IF(($C14=38776),28.2,((IF(($C14="30.2"),30.2,0)))))))))))))))))))))))) -> 0 | U14: =((IF(($C14="34.1"),34.1,((IF(($C14="35.1"),35.1,((IF(($C14=38733),16.1,((IF(($C14=38768),20.2,((IF(($C14=38774),26.2,((IF(($C14=38771),23.2,0)))))))))))))))))) -> 0 | W14: =(IF((SUM(P14:V14)<>0),(SUM(P14:V14)),$C14)) -> ND | X14: =((IF(($D14=38785),9.3,((IF(($D14=38761),13.2,((IF(($D14="31.2"),31.2,((IF(($D14=38787),11.3,((IF(($D14=38759),11.2,((IF(($D14=38763),15.2,((IF(($D14=38765),17.2,((IF(($D14=38772),24.2,0)))))))))))))))))))))))) -> 0 | Y14: =((IF(($D14=38800),24.3,((IF(($D14=38773),25.2,((IF(($D14=38046),29.2,((IF(($D14=38075),29.3,((IF(($D14="32.2"),32.2,((IF(($D14="33.2"),33.2,((IF(($D14="34.2"),34.2,((IF(($D14="35.2"),35.2,0)))))))))))))))))))))))) -> 0 | Z14: =((IF(($D14=38767),19.2,((IF(($D14="21.2"),21.2,((IF(($D14="22.2"),22.2,((IF(($D14="22.3"),22.3,((IF(($D14="26.2"),26.2,((IF(($D14="42.2"),42.2,((IF(($D14="44.2"),44.2,((IF(($D14="46.2"),46.2,0)))))))))))))))))))))))) -> 0 | AA14: =((IF(($D14="47.2"),47.2,((IF(($D14="50.2"),50.2,((IF(($D14="8.3"),8.3,((IF(($D14="23.2"),23.2,((IF(($D14="43.2"),43.2,((IF(($D14="45.2"),45.2,((IF(($D14="48.2"),48.2,((IF(($D14="51.2"),51.2,0)))))))))))))))))))))))) -> 0 | AB14: =((IF(($D14="13.3"),13.3,((IF(($D14=38758),10.2,((IF(($D14=38762),14.2,((IF(($D14=38760),12.2,((IF(($D14=38764),16.2,((IF(($D14=38766),18.2,((IF(($D14=38776),28.2,((IF(($D14="30.2"),30.2,0)))))))))))))))))))))))) -> 0 | AC14: =((IF(($D14="34.1"),34.1,((IF(($D14="35.1"),35.1,((IF(($D14=38733),16.1,((IF(($D14=38768),20.2,((IF(($D14=38774),26.2,0))))))))))))))) -> 0 | AE14: =(IF((SUM(X14:AD14)<>0),(SUM(X14:AD14)),$D14)) -> 10 | AF14: =((IF(($E14=38785),9.3,((IF(($E14=38761),13.2,((IF(($E14="31.2"),31.2,((IF(($E14=38787),11.3,((IF(($E14=38759),11.2,((IF(($E14=38763),15.2,((IF(($E14=38765),17.2,((IF(($E14=38772),24.2,0)))))))))))))))))))))))) -> 0 | AG14: =((IF(($E14=38800),24.3,((IF(($E14=38773),25.2,((IF(($E14=38046),29.2,((IF(($E14=38075),29.3,((IF(($E14="32.2"),32.2,((IF(($E14="33.2"),33.2,((IF(($E14="34.2"),34.2,((IF(($E14="35.2"),35.2,0)))))))))))))))))))))))) -> 0 | AH14: =((IF(($E14=38767),19.2,((IF(($E14="21.2"),21.2,((IF(($E14="22.2"),22.2,((IF(($E14="22.3"),22.3,((IF(($E14="26.2"),26.2,((IF(($E14="42.2"),42.2,((IF(($E14="44.2"),44.2,((IF(($E14="46.2"),46.2,0)))))))))))))))))))))))) -> 0 | AI14: =((IF(($E14="47.2"),47.2,((IF(($E14="50.2"),50.2,((IF(($E14="8.3"),8.3,((IF(($E14="23.2"),23.2,((IF(($E14="43.2"),43.2,((IF(($E14="45.2"),45.2,((IF(($E14="48.2"),48.2,((IF(($E14="51.2"),51.2,0)))))))))))))))))))))))) -> 0 | AJ14: =((IF(($E14="13.3"),13.3,((IF(($E14=38758),10.2,((IF(($E14=38762),14.2,((IF(($E14=38760),12.2,((IF(($E14=38764),16.2,((IF(($E14=38766),18.2,((IF(($E14=38776),28.2,((IF(($E14="30.2"),30.2,0)))))))))))))))))))))))) -> 0 | AK14: =((IF(($E14="34.1"),34.1,((IF(($E14="35.1"),35.1,((IF(($E14=38733),16.1,((IF(($E14=38768),20.2,((IF(($E14=38774),26.2,((IF(($E14=38771),23.2,0)))))))))))))))))) -> 0 | AM14: =(IF((SUM(AF14:AL14)<>0),(SUM(AF14:AL14)),$E14)) -> 11 | AN14: =((IF(($F14=38785),9.3,((IF(($F14=38761),13.2,((IF(($F14="31.2"),31.2,((IF(($F14=38787),11.3,((IF(($F14=38759),11.2,((IF(($F14=38763),15.2,((IF(($F14=38765),17.2,((IF(($F14=38772),24.2,0)))))))))))))))))))))))) -> 0 | AO14: =((IF(($F14=38800),24.3,((IF(($F14=38773),25.2,((IF(($F14=38046),29.2,((IF(($F14=38075),29.3,((IF(($F14="32.2"),32.2,((IF(($F14="33.2"),33.2,((IF(($F14="34.2"),34.2,((IF(($F14="35.2"),35.2,0)))))))))))))))))))))))) -> 0 | AP14: =((IF(($F14=38767),19.2,((IF(($F14="21.2"),21.2,((IF(($F14="22.2"),22.2,((IF(($F14="22.3"),22.3,((IF(($F14="26.2"),26.2,((IF(($F14="42.2"),42.2,((IF(($F14="44.2"),44.2,((IF(($F14="46.2"),46.2,0)))))))))))))))))))))))) -> 0 | AQ14: =((IF(($F14="47.2"),47.2,((IF(($F14="50.2"),50.2,((IF(($F14="8.3"),8.3,((IF(($F14="23.2"),23.2,((IF(($F14="43.2"),43.2,((IF(($F14="45.2"),45.2,((IF(($F14="48.2"),48.2,((IF(($F14="51.2"),51.2,0)))))))))))))))))))))))) -> 0 | AR14: =((IF(($F14="13.3"),13.3,((IF(($F14=38758),10.2,((IF(($F14=38762),14.2,((IF(($F14=38760),12.2,((IF(($F14=38764),16.2,((IF(($F14=38766),18.2,((IF(($F14=38776),28.2,((IF(($F14="30.2"),30.2,0)))))))))))))))))))))))) -> 0 | AS14: =((IF(($F14="34.1"),34.1,((IF(($F14="35.1"),35.1,((IF(($F14=38733),16.1,((IF(($F14=38768),20.2,((IF(($F14=38774),26.2,0))))))))))))))) -> 0 | AU14: =(IF((SUM(AN14:AT14)<>0),(SUM(AN14:AT14)),$F14)) -> 11 | AV14: =((IF(($G14=38785),9.3,((IF(($G14=38761),13.2,((IF(($G14="31.2"),31.2,((IF(($G14=38787),11.3,((IF(($G14=38759),11.2,((IF(($G14=38763),15.2,((IF(($G14=38765),17.2,((IF(($G14=38772),24.2,0)))))))))))))))))))))))) -> 0 | AW14: =((IF(($G14=38800),24.3,((IF(($G14=38773),25.2,((IF(($G14=38046),29.2,((IF(($G14=38075),29.3,((IF(($G14="32.2"),32.2,((IF(($G14="33.2"),33.2,((IF(($G14="34.2"),34.2,((IF(($G14="35.2"),35.2,0)))))))))))))))))))))))) -> 0 | AX14: =((IF(($G14=38767),19.2,((IF(($G14="21.2"),21.2,((IF(($G14="22.2"),22.2,((IF(($G14="22.3"),22.3,((IF(($G14="26.2"),26.2,((IF(($G14="42.2"),42.2,((IF(($G14="44.2"),44.2,((IF(($G14="46.2"),46.2,0)))))))))))))))))))))))) -> 0 | AY14: =((IF(($G14="47.2"),47.2,((IF(($G14="50.2"),50.2,((IF(($G14="8.3"),8.3,((IF(($G14="23.2"),23.2,((IF(($G14="43.2"),43.2,((IF(($G14="45.2"),45.2,((IF(($G14="48.2"),48.2,((IF(($G14="51.2"),51.2,0)))))))))))))))))))))))) -> 0 | AZ14: =((IF(($G14="13.3"),13.3,((IF(($G14=38758),10.2,((IF(($G14=38762),14.2,((IF(($G14=38760),12.2,((IF(($G14=38764),16.2,((IF(($G14=38766),18.2,((IF(($G14=38776),28.2,((IF(($G14="30.2"),30.2,0)))))))))))))))))))))))) -> 0 | BA14: =((IF(($G14="34.1"),34.1,((IF(($G14="35.1"),35.1,((IF(($G14=38733),16.1,((IF(($G14=38768),20.2,((IF(($G14=38774),26.2,((IF(($G14=38771),23.2,0)))))))))))))))))) -> 0 | BC14: =(IF((SUM(AV14:BB14)<>0),(SUM(AV14:BB14)),$G14)) -> 12
A15: =FREQUENCIAS!L$1 -> Penta_D | B15: ND | C15: ND | D15: 10 | E15: 11 | F15: 11 | G15: 12 | H15: =((IF(($B15=38785),9.3,((IF(($B15=38761),13.2,((IF(($B15="31.2"),31.2,((IF(($B15=38787),11.3,((IF(($B15=38759),11.2,((IF(($B15=38763),15.2,((IF(($B15=38765),17.2,((IF(($B15=38772),24.2,0)))))))))))))))))))))))) -> 0 | I15: =((IF(($B15=38800),24.3,((IF(($B15=38773),25.2,((IF(($B15=38046),29.2,((IF(($B15=38075),29.3,((IF(($B15="32.2"),32.2,((IF(($B15="33.2"),33.2,((IF(($B15="34.2"),34.2,((IF(($B15="35.2"),35.2,0)))))))))))))))))))))))) -> 0 | J15: =((IF(($B15=38767),19.2,((IF(($B15="21.2"),21.2,((IF(($B15="22.2"),22.2,((IF(($B15="22.3"),22.3,((IF(($B15="26.2"),26.2,((IF(($B15="42.2"),42.2,((IF(($B15="44.2"),44.2,((IF(($B15="46.2"),46.2,0)))))))))))))))))))))))) -> 0 | K15: =((IF(($B15="47.2"),47.2,((IF(($B15="50.2"),50.2,((IF(($B15="8.3"),8.3,((IF(($B15="23.2"),23.2,((IF(($B15="43.2"),43.2,((IF(($B15="45.2"),45.2,((IF(($B15="48.2"),48.2,((IF(($B15="51.2"),51.2,0)))))))))))))))))))))))) -> 0 | L15: =((IF(($B15="13.3"),13.3,((IF(($B15=38758),10.2,((IF(($B15=38762),14.2,((IF(($B15=38760),12.2,((IF(($B15=38764),16.2,((IF(($B15=38766),18.2,((IF(($B15=38776),28.2,((IF(($B15="30.2"),30.2,0)))))))))))))))))))))))) -> 0 | M15: =((IF(($B15="34.1"),34.1,((IF(($B15="35.1"),35.1,((IF(($B15=38733),16.1,((IF(($B15=38768),20.2,((IF(($B15=38774),26.2,0))))))))))))))) -> 0 | O15: =(IF((SUM(H15:N15)<>0),(SUM(H15:N15)),$B15)) -> ND | P15: =((IF(($C15=38785),9.3,((IF(($C15=38761),13.2,((IF(($C15="31.2"),31.2,((IF(($C15=38787),11.3,((IF(($C15=38759),11.2,((IF(($C15=38763),15.2,((IF(($C15=38765),17.2,((IF(($C15=38772),24.2,0)))))))))))))))))))))))) -> 0 | Q15: =((IF(($C15=38800),24.3,((IF(($C15=38773),25.2,((IF(($C15=38046),29.2,((IF(($C15=38075),29.3,((IF(($C15="32.2"),32.2,((IF(($C15="33.2"),33.2,((IF(($C15="34.2"),34.2,((IF(($C15="35.2"),35.2,0)))))))))))))))))))))))) -> 0 | R15: =((IF(($C15=38767),19.2,((IF(($C15="21.2"),21.2,((IF(($C15="22.2"),22.2,((IF(($C15="22.3"),22.3,((IF(($C15="26.2"),26.2,((IF(($C15="42.2"),42.2,((IF(($C15="44.2"),44.2,((IF(($C15="46.2"),46.2,0)))))))))))))))))))))))) -> 0 | S15: =((IF(($C15="47.2"),47.2,((IF(($C15="50.2"),50.2,((IF(($C15="8.3"),8.3,((IF(($C15="23.2"),23.2,((IF(($C15="43.2"),43.2,((IF(($C15="45.2"),45.2,((IF(($C15="48.2"),48.2,((IF(($C15="51.2"),51.2,0)))))))))))))))))))))))) -> 0 | T15: =((IF(($C15="13.3"),13.3,((IF(($C15=38758),10.2,((IF(($C15=38762),14.2,((IF(($C15=38760),12.2,((IF(($C15=38764),16.2,((IF(($C15=38766),18.2,((IF(($C15=38776),28.2,((IF(($C15="30.2"),30.2,0)))))))))))))))))))))))) -> 0 | U15: =((IF(($C15="34.1"),34.1,((IF(($C15="35.1"),35.1,((IF(($C15=38733),16.1,((IF(($C15=38768),20.2,((IF(($C15=38774),26.2,((IF(($C15=38771),23.2,0)))))))))))))))))) -> 0 | W15: =(IF((SUM(P15:V15)<>0),(SUM(P15:V15)),$C15)) -> ND | X15: =((IF(($D15=38785),9.3,((IF(($D15=38761),13.2,((IF(($D15="31.2"),31.2,((IF(($D15=38787),11.3,((IF(($D15=38759),11.2,((IF(($D15=38763),15.2,((IF(($D15=38765),17.2,((IF(($D15=38772),24.2,0)))))))))))))))))))))))) -> 0 | Y15: =((IF(($D15=38800),24.3,((IF(($D15=38773),25.2,((IF(($D15=38046),29.2,((IF(($D15=38075),29.3,((IF(($D15="32.2"),32.2,((IF(($D15="33.2"),33.2,((IF(($D15="34.2"),34.2,((IF(($D15="35.2"),35.2,0)))))))))))))))))))))))) -> 0 | Z15: =((IF(($D15=38767),19.2,((IF(($D15="21.2"),21.2,((IF(($D15="22.2"),22.2,((IF(($D15="22.3"),22.3,((IF(($D15="26.2"),26.2,((IF(($D15="42.2"),42.2,((IF(($D15="44.2"),44.2,((IF(($D15="46.2"),46.2,0)))))))))))))))))))))))) -> 0 | AA15: =((IF(($D15="47.2"),47.2,((IF(($D15="50.2"),50.2,((IF(($D15="8.3"),8.3,((IF(($D15="23.2"),23.2,((IF(($D15="43.2"),43.2,((IF(($D15="45.2"),45.2,((IF(($D15="48.2"),48.2,((IF(($D15="51.2"),51.2,0)))))))))))))))))))))))) -> 0 | AB15: =((IF(($D15="13.3"),13.3,((IF(($D15=38758),10.2,((IF(($D15=38762),14.2,((IF(($D15=38760),12.2,((IF(($D15=38764),16.2,((IF(($D15=38766),18.2,((IF(($D15=38776),28.2,((IF(($D15="30.2"),30.2,0)))))))))))))))))))))))) -> 0 | AC15: =((IF(($D15="34.1"),34.1,((IF(($D15="35.1"),35.1,((IF(($D15=38733),16.1,((IF(($D15=38768),20.2,((IF(($D15=38774),26.2,0))))))))))))))) -> 0 | AE15: =(IF((SUM(X15:AD15)<>0),(SUM(X15:AD15)),$D15)) -> 10 | AF15: =((IF(($E15=38785),9.3,((IF(($E15=38761),13.2,((IF(($E15="31.2"),31.2,((IF(($E15=38787),11.3,((IF(($E15=38759),11.2,((IF(($E15=38763),15.2,((IF(($E15=38765),17.2,((IF(($E15=38772),24.2,0)))))))))))))))))))))))) -> 0 | AG15: =((IF(($E15=38800),24.3,((IF(($E15=38773),25.2,((IF(($E15=38046),29.2,((IF(($E15=38075),29.3,((IF(($E15="32.2"),32.2,((IF(($E15="33.2"),33.2,((IF(($E15="34.2"),34.2,((IF(($E15="35.2"),35.2,0)))))))))))))))))))))))) -> 0 | AH15: =((IF(($E15=38767),19.2,((IF(($E15="21.2"),21.2,((IF(($E15="22.2"),22.2,((IF(($E15="22.3"),22.3,((IF(($E15="26.2"),26.2,((IF(($E15="42.2"),42.2,((IF(($E15="44.2"),44.2,((IF(($E15="46.2"),46.2,0)))))))))))))))))))))))) -> 0 | AI15: =((IF(($E15="47.2"),47.2,((IF(($E15="50.2"),50.2,((IF(($E15="8.3"),8.3,((IF(($E15="23.2"),23.2,((IF(($E15="43.2"),43.2,((IF(($E15="45.2"),45.2,((IF(($E15="48.2"),48.2,((IF(($E15="51.2"),51.2,0)))))))))))))))))))))))) -> 0 | AJ15: =((IF(($E15="13.3"),13.3,((IF(($E15=38758),10.2,((IF(($E15=38762),14.2,((IF(($E15=38760),12.2,((IF(($E15=38764),16.2,((IF(($E15=38766),18.2,((IF(($E15=38776),28.2,((IF(($E15="30.2"),30.2,0)))))))))))))))))))))))) -> 0 | AK15: =((IF(($E15="34.1"),34.1,((IF(($E15="35.1"),35.1,((IF(($E15=38733),16.1,((IF(($E15=38768),20.2,((IF(($E15=38774),26.2,((IF(($E15=38771),23.2,0)))))))))))))))))) -> 0 | AM15: =(IF((SUM(AF15:AL15)<>0),(SUM(AF15:AL15)),$E15)) -> 11 | AN15: =((IF(($F15=38785),9.3,((IF(($F15=38761),13.2,((IF(($F15="31.2"),31.2,((IF(($F15=38787),11.3,((IF(($F15=38759),11.2,((IF(($F15=38763),15.2,((IF(($F15=38765),17.2,((IF(($F15=38772),24.2,0)))))))))))))))))))))))) -> 0 | AO15: =((IF(($F15=38800),24.3,((IF(($F15=38773),25.2,((IF(($F15=38046),29.2,((IF(($F15=38075),29.3,((IF(($F15="32.2"),32.2,((IF(($F15="33.2"),33.2,((IF(($F15="34.2"),34.2,((IF(($F15="35.2"),35.2,0)))))))))))))))))))))))) -> 0 | AP15: =((IF(($F15=38767),19.2,((IF(($F15="21.2"),21.2,((IF(($F15="22.2"),22.2,((IF(($F15="22.3"),22.3,((IF(($F15="26.2"),26.2,((IF(($F15="42.2"),42.2,((IF(($F15="44.2"),44.2,((IF(($F15="46.2"),46.2,0)))))))))))))))))))))))) -> 0 | AQ15: =((IF(($F15="47.2"),47.2,((IF(($F15="50.2"),50.2,((IF(($F15="8.3"),8.3,((IF(($F15="23.2"),23.2,((IF(($F15="43.2"),43.2,((IF(($F15="45.2"),45.2,((IF(($F15="48.2"),48.2,((IF(($F15="51.2"),51.2,0)))))))))))))))))))))))) -> 0 | AR15: =((IF(($F15="13.3"),13.3,((IF(($F15=38758),10.2,((IF(($F15=38762),14.2,((IF(($F15=38760),12.2,((IF(($F15=38764),16.2,((IF(($F15=38766),18.2,((IF(($F15=38776),28.2,((IF(($F15="30.2"),30.2,0)))))))))))))))))))))))) -> 0 | AS15: =((IF(($F15="34.1"),34.1,((IF(($F15="35.1"),35.1,((IF(($F15=38733),16.1,((IF(($F15=38768),20.2,((IF(($F15=38774),26.2,0))))))))))))))) -> 0 | AU15: =(IF((SUM(AN15:AT15)<>0),(SUM(AN15:AT15)),$F15)) -> 11 | AV15: =((IF(($G15=38785),9.3,((IF(($G15=38761),13.2,((IF(($G15="31.2"),31.2,((IF(($G15=38787),11.3,((IF(($G15=38759),11.2,((IF(($G15=38763),15.2,((IF(($G15=38765),17.2,((IF(($G15=38772),24.2,0)))))))))))))))))))))))) -> 0 | AW15: =((IF(($G15=38800),24.3,((IF(($G15=38773),25.2,((IF(($G15=38046),29.2,((IF(($G15=38075),29.3,((IF(($G15="32.2"),32.2,((IF(($G15="33.2"),33.2,((IF(($G15="34.2"),34.2,((IF(($G15="35.2"),35.2,0)))))))))))))))))))))))) -> 0 | AX15: =((IF(($G15=38767),19.2,((IF(($G15="21.2"),21.2,((IF(($G15="22.2"),22.2,((IF(($G15="22.3"),22.3,((IF(($G15="26.2"),26.2,((IF(($G15="42.2"),42.2,((IF(($G15="44.2"),44.2,((IF(($G15="46.2"),46.2,0)))))))))))))))))))))))) -> 0 | AY15: =((IF(($G15="47.2"),47.2,((IF(($G15="50.2"),50.2,((IF(($G15="8.3"),8.3,((IF(($G15="23.2"),23.2,((IF(($G15="43.2"),43.2,((IF(($G15="45.2"),45.2,((IF(($G15="48.2"),48.2,((IF(($G15="51.2"),51.2,0)))))))))))))))))))))))) -> 0 | AZ15: =((IF(($G15="13.3"),13.3,((IF(($G15=38758),10.2,((IF(($G15=38762),14.2,((IF(($G15=38760),12.2,((IF(($G15=38764),16.2,((IF(($G15=38766),18.2,((IF(($G15=38776),28.2,((IF(($G15="30.2"),30.2,0)))))))))))))))))))))))) -> 0 | BA15: =((IF(($G15="34.1"),34.1,((IF(($G15="35.1"),35.1,((IF(($G15=38733),16.1,((IF(($G15=38768),20.2,((IF(($G15=38774),26.2,((IF(($G15=38771),23.2,0)))))))))))))))))) -> 0 | BC15: =(IF((SUM(AV15:BB15)<>0),(SUM(AV15:BB15)),$G15)) -> 12
A16: =FREQUENCIAS!M$1 -> TH01 | B16: ND | C16: ND | D16: 6 | E16: 7 | F16: 6 | G16: 7 | H16: =((IF(($B16=38785),9.3,((IF(($B16=38761),13.2,((IF(($B16="31.2"),31.2,((IF(($B16=38787),11.3,((IF(($B16=38759),11.2,((IF(($B16=38763),15.2,((IF(($B16=38765),17.2,((IF(($B16=38772),24.2,0)))))))))))))))))))))))) -> 0 | I16: =((IF(($B16=38800),24.3,((IF(($B16=38773),25.2,((IF(($B16=38046),29.2,((IF(($B16=38075),29.3,((IF(($B16="32.2"),32.2,((IF(($B16="33.2"),33.2,((IF(($B16="34.2"),34.2,((IF(($B16="35.2"),35.2,0)))))))))))))))))))))))) -> 0 | J16: =((IF(($B16=38767),19.2,((IF(($B16="21.2"),21.2,((IF(($B16="22.2"),22.2,((IF(($B16="22.3"),22.3,((IF(($B16="26.2"),26.2,((IF(($B16="42.2"),42.2,((IF(($B16="44.2"),44.2,((IF(($B16="46.2"),46.2,0)))))))))))))))))))))))) -> 0 | K16: =((IF(($B16="47.2"),47.2,((IF(($B16="50.2"),50.2,((IF(($B16="8.3"),8.3,((IF(($B16="23.2"),23.2,((IF(($B16="43.2"),43.2,((IF(($B16="45.2"),45.2,((IF(($B16="48.2"),48.2,((IF(($B16="51.2"),51.2,0)))))))))))))))))))))))) -> 0 | L16: =((IF(($B16="13.3"),13.3,((IF(($B16=38758),10.2,((IF(($B16=38762),14.2,((IF(($B16=38760),12.2,((IF(($B16=38764),16.2,((IF(($B16=38766),18.2,((IF(($B16=38776),28.2,((IF(($B16="30.2"),30.2,0)))))))))))))))))))))))) -> 0 | M16: =((IF(($B16="34.1"),34.1,((IF(($B16="35.1"),35.1,((IF(($B16=38733),16.1,((IF(($B16=38768),20.2,((IF(($B16=38774),26.2,0))))))))))))))) -> 0 | O16: =(IF((SUM(H16:N16)<>0),(SUM(H16:N16)),$B16)) -> ND | P16: =((IF(($C16=38785),9.3,((IF(($C16=38761),13.2,((IF(($C16="31.2"),31.2,((IF(($C16=38787),11.3,((IF(($C16=38759),11.2,((IF(($C16=38763),15.2,((IF(($C16=38765),17.2,((IF(($C16=38772),24.2,0)))))))))))))))))))))))) -> 0 | Q16: =((IF(($C16=38800),24.3,((IF(($C16=38773),25.2,((IF(($C16=38046),29.2,((IF(($C16=38075),29.3,((IF(($C16="32.2"),32.2,((IF(($C16="33.2"),33.2,((IF(($C16="34.2"),34.2,((IF(($C16="35.2"),35.2,0)))))))))))))))))))))))) -> 0 | R16: =((IF(($C16=38767),19.2,((IF(($C16="21.2"),21.2,((IF(($C16="22.2"),22.2,((IF(($C16="22.3"),22.3,((IF(($C16="26.2"),26.2,((IF(($C16="42.2"),42.2,((IF(($C16="44.2"),44.2,((IF(($C16="46.2"),46.2,0)))))))))))))))))))))))) -> 0 | S16: =((IF(($C16="47.2"),47.2,((IF(($C16="50.2"),50.2,((IF(($C16="8.3"),8.3,((IF(($C16="23.2"),23.2,((IF(($C16="43.2"),43.2,((IF(($C16="45.2"),45.2,((IF(($C16="48.2"),48.2,((IF(($C16="51.2"),51.2,0)))))))))))))))))))))))) -> 0 | T16: =((IF(($C16="13.3"),13.3,((IF(($C16=38758),10.2,((IF(($C16=38762),14.2,((IF(($C16=38760),12.2,((IF(($C16=38764),16.2,((IF(($C16=38766),18.2,((IF(($C16=38776),28.2,((IF(($C16="30.2"),30.2,0)))))))))))))))))))))))) -> 0 | U16: =((IF(($C16="34.1"),34.1,((IF(($C16="35.1"),35.1,((IF(($C16=38733),16.1,((IF(($C16=38768),20.2,((IF(($C16=38774),26.2,((IF(($C16=38771),23.2,0)))))))))))))))))) -> 0 | W16: =(IF((SUM(P16:V16)<>0),(SUM(P16:V16)),$C16)) -> ND | X16: =((IF(($D16=38785),9.3,((IF(($D16=38761),13.2,((IF(($D16="31.2"),31.2,((IF(($D16=38787),11.3,((IF(($D16=38759),11.2,((IF(($D16=38763),15.2,((IF(($D16=38765),17.2,((IF(($D16=38772),24.2,0)))))))))))))))))))))))) -> 0 | Y16: =((IF(($D16=38800),24.3,((IF(($D16=38773),25.2,((IF(($D16=38046),29.2,((IF(($D16=38075),29.3,((IF(($D16="32.2"),32.2,((IF(($D16="33.2"),33.2,((IF(($D16="34.2"),34.2,((IF(($D16="35.2"),35.2,0)))))))))))))))))))))))) -> 0 | Z16: =((IF(($D16=38767),19.2,((IF(($D16="21.2"),21.2,((IF(($D16="22.2"),22.2,((IF(($D16="22.3"),22.3,((IF(($D16="26.2"),26.2,((IF(($D16="42.2"),42.2,((IF(($D16="44.2"),44.2,((IF(($D16="46.2"),46.2,0)))))))))))))))))))))))) -> 0 | AA16: =((IF(($D16="47.2"),47.2,((IF(($D16="50.2"),50.2,((IF(($D16="8.3"),8.3,((IF(($D16="23.2"),23.2,((IF(($D16="43.2"),43.2,((IF(($D16="45.2"),45.2,((IF(($D16="48.2"),48.2,((IF(($D16="51.2"),51.2,0)))))))))))))))))))))))) -> 0 | AB16: =((IF(($D16="13.3"),13.3,((IF(($D16=38758),10.2,((IF(($D16=38762),14.2,((IF(($D16=38760),12.2,((IF(($D16=38764),16.2,((IF(($D16=38766),18.2,((IF(($D16=38776),28.2,((IF(($D16="30.2"),30.2,0)))))))))))))))))))))))) -> 0 | AC16: =((IF(($D16="34.1"),34.1,((IF(($D16="35.1"),35.1,((IF(($D16=38733),16.1,((IF(($D16=38768),20.2,((IF(($D16=38774),26.2,0))))))))))))))) -> 0 | AE16: =(IF((SUM(X16:AD16)<>0),(SUM(X16:AD16)),$D16)) -> 6 | AF16: =((IF(($E16=38785),9.3,((IF(($E16=38761),13.2,((IF(($E16="31.2"),31.2,((IF(($E16=38787),11.3,((IF(($E16=38759),11.2,((IF(($E16=38763),15.2,((IF(($E16=38765),17.2,((IF(($E16=38772),24.2,0)))))))))))))))))))))))) -> 0 | AG16: =((IF(($E16=38800),24.3,((IF(($E16=38773),25.2,((IF(($E16=38046),29.2,((IF(($E16=38075),29.3,((IF(($E16="32.2"),32.2,((IF(($E16="33.2"),33.2,((IF(($E16="34.2"),34.2,((IF(($E16="35.2"),35.2,0)))))))))))))))))))))))) -> 0 | AH16: =((IF(($E16=38767),19.2,((IF(($E16="21.2"),21.2,((IF(($E16="22.2"),22.2,((IF(($E16="22.3"),22.3,((IF(($E16="26.2"),26.2,((IF(($E16="42.2"),42.2,((IF(($E16="44.2"),44.2,((IF(($E16="46.2"),46.2,0)))))))))))))))))))))))) -> 0 | AI16: =((IF(($E16="47.2"),47.2,((IF(($E16="50.2"),50.2,((IF(($E16="8.3"),8.3,((IF(($E16="23.2"),23.2,((IF(($E16="43.2"),43.2,((IF(($E16="45.2"),45.2,((IF(($E16="48.2"),48.2,((IF(($E16="51.2"),51.2,0)))))))))))))))))))))))) -> 0 | AJ16: =((IF(($E16="13.3"),13.3,((IF(($E16=38758),10.2,((IF(($E16=38762),14.2,((IF(($E16=38760),12.2,((IF(($E16=38764),16.2,((IF(($E16=38766),18.2,((IF(($E16=38776),28.2,((IF(($E16="30.2"),30.2,0)))))))))))))))))))))))) -> 0 | AK16: =((IF(($E16="34.1"),34.1,((IF(($E16="35.1"),35.1,((IF(($E16=38733),16.1,((IF(($E16=38768),20.2,((IF(($E16=38774),26.2,((IF(($E16=38771),23.2,0)))))))))))))))))) -> 0 | AM16: =(IF((SUM(AF16:AL16)<>0),(SUM(AF16:AL16)),$E16)) -> 7 | AN16: =((IF(($F16=38785),9.3,((IF(($F16=38761),13.2,((IF(($F16="31.2"),31.2,((IF(($F16=38787),11.3,((IF(($F16=38759),11.2,((IF(($F16=38763),15.2,((IF(($F16=38765),17.2,((IF(($F16=38772),24.2,0)))))))))))))))))))))))) -> 0 | AO16: =((IF(($F16=38800),24.3,((IF(($F16=38773),25.2,((IF(($F16=38046),29.2,((IF(($F16=38075),29.3,((IF(($F16="32.2"),32.2,((IF(($F16="33.2"),33.2,((IF(($F16="34.2"),34.2,((IF(($F16="35.2"),35.2,0)))))))))))))))))))))))) -> 0 | AP16: =((IF(($F16=38767),19.2,((IF(($F16="21.2"),21.2,((IF(($F16="22.2"),22.2,((IF(($F16="22.3"),22.3,((IF(($F16="26.2"),26.2,((IF(($F16="42.2"),42.2,((IF(($F16="44.2"),44.2,((IF(($F16="46.2"),46.2,0)))))))))))))))))))))))) -> 0 | AQ16: =((IF(($F16="47.2"),47.2,((IF(($F16="50.2"),50.2,((IF(($F16="8.3"),8.3,((IF(($F16="23.2"),23.2,((IF(($F16="43.2"),43.2,((IF(($F16="45.2"),45.2,((IF(($F16="48.2"),48.2,((IF(($F16="51.2"),51.2,0)))))))))))))))))))))))) -> 0 | AR16: =((IF(($F16="13.3"),13.3,((IF(($F16=38758),10.2,((IF(($F16=38762),14.2,((IF(($F16=38760),12.2,((IF(($F16=38764),16.2,((IF(($F16=38766),18.2,((IF(($F16=38776),28.2,((IF(($F16="30.2"),30.2,0)))))))))))))))))))))))) -> 0 | AS16: =((IF(($F16="34.1"),34.1,((IF(($F16="35.1"),35.1,((IF(($F16=38733),16.1,((IF(($F16=38768),20.2,((IF(($F16=38774),26.2,0))))))))))))))) -> 0 | AU16: =(IF((SUM(AN16:AT16)<>0),(SUM(AN16:AT16)),$F16)) -> 6 | AV16: =((IF(($G16=38785),9.3,((IF(($G16=38761),13.2,((IF(($G16="31.2"),31.2,((IF(($G16=38787),11.3,((IF(($G16=38759),11.2,((IF(($G16=38763),15.2,((IF(($G16=38765),17.2,((IF(($G16=38772),24.2,0)))))))))))))))))))))))) -> 0 | AW16: =((IF(($G16=38800),24.3,((IF(($G16=38773),25.2,((IF(($G16=38046),29.2,((IF(($G16=38075),29.3,((IF(($G16="32.2"),32.2,((IF(($G16="33.2"),33.2,((IF(($G16="34.2"),34.2,((IF(($G16="35.2"),35.2,0)))))))))))))))))))))))) -> 0 | AX16: =((IF(($G16=38767),19.2,((IF(($G16="21.2"),21.2,((IF(($G16="22.2"),22.2,((IF(($G16="22.3"),22.3,((IF(($G16="26.2"),26.2,((IF(($G16="42.2"),42.2,((IF(($G16="44.2"),44.2,((IF(($G16="46.2"),46.2,0)))))))))))))))))))))))) -> 0 | AY16: =((IF(($G16="47.2"),47.2,((IF(($G16="50.2"),50.2,((IF(($G16="8.3"),8.3,((IF(($G16="23.2"),23.2,((IF(($G16="43.2"),43.2,((IF(($G16="45.2"),45.2,((IF(($G16="48.2"),48.2,((IF(($G16="51.2"),51.2,0)))))))))))))))))))))))) -> 0 | AZ16: =((IF(($G16="13.3"),13.3,((IF(($G16=38758),10.2,((IF(($G16=38762),14.2,((IF(($G16=38760),12.2,((IF(($G16=38764),16.2,((IF(($G16=38766),18.2,((IF(($G16=38776),28.2,((IF(($G16="30.2"),30.2,0)))))))))))))))))))))))) -> 0 | BA16: =((IF(($G16="34.1"),34.1,((IF(($G16="35.1"),35.1,((IF(($G16=38733),16.1,((IF(($G16=38768),20.2,((IF(($G16=38774),26.2,((IF(($G16=38771),23.2,0)))))))))))))))))) -> 0 | BC16: =(IF((SUM(AV16:BB16)<>0),(SUM(AV16:BB16)),$G16)) -> 7
A17: =FREQUENCIAS!N$1 -> vWA | B17: ND | C17: ND | D17: 15 | E17: 16 | F17: 16 | G17: 17 | H17: =((IF(($B17=38785),9.3,((IF(($B17=38761),13.2,((IF(($B17="31.2"),31.2,((IF(($B17=38787),11.3,((IF(($B17=38759),11.2,((IF(($B17=38763),15.2,((IF(($B17=38765),17.2,((IF(($B17=38772),24.2,0)))))))))))))))))))))))) -> 0 | I17: =((IF(($B17=38800),24.3,((IF(($B17=38773),25.2,((IF(($B17=38046),29.2,((IF(($B17=38075),29.3,((IF(($B17="32.2"),32.2,((IF(($B17="33.2"),33.2,((IF(($B17="34.2"),34.2,((IF(($B17="35.2"),35.2,0)))))))))))))))))))))))) -> 0 | J17: =((IF(($B17=38767),19.2,((IF(($B17="21.2"),21.2,((IF(($B17="22.2"),22.2,((IF(($B17="22.3"),22.3,((IF(($B17="26.2"),26.2,((IF(($B17="42.2"),42.2,((IF(($B17="44.2"),44.2,((IF(($B17="46.2"),46.2,0)))))))))))))))))))))))) -> 0 | K17: =((IF(($B17="47.2"),47.2,((IF(($B17="50.2"),50.2,((IF(($B17="8.3"),8.3,((IF(($B17="23.2"),23.2,((IF(($B17="43.2"),43.2,((IF(($B17="45.2"),45.2,((IF(($B17="48.2"),48.2,((IF(($B17="51.2"),51.2,0)))))))))))))))))))))))) -> 0 | L17: =((IF(($B17="13.3"),13.3,((IF(($B17=38758),10.2,((IF(($B17=38762),14.2,((IF(($B17=38760),12.2,((IF(($B17=38764),16.2,((IF(($B17=38766),18.2,((IF(($B17=38776),28.2,((IF(($B17="30.2"),30.2,0)))))))))))))))))))))))) -> 0 | M17: =((IF(($B17="34.1"),34.1,((IF(($B17="35.1"),35.1,((IF(($B17=38733),16.1,((IF(($B17=38768),20.2,((IF(($B17=38774),26.2,0))))))))))))))) -> 0 | O17: =(IF((SUM(H17:N17)<>0),(SUM(H17:N17)),$B17)) -> ND | P17: =((IF(($C17=38785),9.3,((IF(($C17=38761),13.2,((IF(($C17="31.2"),31.2,((IF(($C17=38787),11.3,((IF(($C17=38759),11.2,((IF(($C17=38763),15.2,((IF(($C17=38765),17.2,((IF(($C17=38772),24.2,0)))))))))))))))))))))))) -> 0 | Q17: =((IF(($C17=38800),24.3,((IF(($C17=38773),25.2,((IF(($C17=38046),29.2,((IF(($C17=38075),29.3,((IF(($C17="32.2"),32.2,((IF(($C17="33.2"),33.2,((IF(($C17="34.2"),34.2,((IF(($C17="35.2"),35.2,0)))))))))))))))))))))))) -> 0 | R17: =((IF(($C17=38767),19.2,((IF(($C17="21.2"),21.2,((IF(($C17="22.2"),22.2,((IF(($C17="22.3"),22.3,((IF(($C17="26.2"),26.2,((IF(($C17="42.2"),42.2,((IF(($C17="44.2"),44.2,((IF(($C17="46.2"),46.2,0)))))))))))))))))))))))) -> 0 | S17: =((IF(($C17="47.2"),47.2,((IF(($C17="50.2"),50.2,((IF(($C17="8.3"),8.3,((IF(($C17="23.2"),23.2,((IF(($C17="43.2"),43.2,((IF(($C17="45.2"),45.2,((IF(($C17="48.2"),48.2,((IF(($C17="51.2"),51.2,0)))))))))))))))))))))))) -> 0 | T17: =((IF(($C17="13.3"),13.3,((IF(($C17=38758),10.2,((IF(($C17=38762),14.2,((IF(($C17=38760),12.2,((IF(($C17=38764),16.2,((IF(($C17=38766),18.2,((IF(($C17=38776),28.2,((IF(($C17="30.2"),30.2,0)))))))))))))))))))))))) -> 0 | U17: =((IF(($C17="34.1"),34.1,((IF(($C17="35.1"),35.1,((IF(($C17=38733),16.1,((IF(($C17=38768),20.2,((IF(($C17=38774),26.2,((IF(($C17=38771),23.2,0)))))))))))))))))) -> 0 | W17: =(IF((SUM(P17:V17)<>0),(SUM(P17:V17)),$C17)) -> ND | X17: =((IF(($D17=38785),9.3,((IF(($D17=38761),13.2,((IF(($D17="31.2"),31.2,((IF(($D17=38787),11.3,((IF(($D17=38759),11.2,((IF(($D17=38763),15.2,((IF(($D17=38765),17.2,((IF(($D17=38772),24.2,0)))))))))))))))))))))))) -> 0 | Y17: =((IF(($D17=38800),24.3,((IF(($D17=38773),25.2,((IF(($D17=38046),29.2,((IF(($D17=38075),29.3,((IF(($D17="32.2"),32.2,((IF(($D17="33.2"),33.2,((IF(($D17="34.2"),34.2,((IF(($D17="35.2"),35.2,0)))))))))))))))))))))))) -> 0 | Z17: =((IF(($D17=38767),19.2,((IF(($D17="21.2"),21.2,((IF(($D17="22.2"),22.2,((IF(($D17="22.3"),22.3,((IF(($D17="26.2"),26.2,((IF(($D17="42.2"),42.2,((IF(($D17="44.2"),44.2,((IF(($D17="46.2"),46.2,0)))))))))))))))))))))))) -> 0 | AA17: =((IF(($D17="47.2"),47.2,((IF(($D17="50.2"),50.2,((IF(($D17="8.3"),8.3,((IF(($D17="23.2"),23.2,((IF(($D17="43.2"),43.2,((IF(($D17="45.2"),45.2,((IF(($D17="48.2"),48.2,((IF(($D17="51.2"),51.2,0)))))))))))))))))))))))) -> 0 | AB17: =((IF(($D17="13.3"),13.3,((IF(($D17=38758),10.2,((IF(($D17=38762),14.2,((IF(($D17=38760),12.2,((IF(($D17=38764),16.2,((IF(($D17=38766),18.2,((IF(($D17=38776),28.2,((IF(($D17="30.2"),30.2,0)))))))))))))))))))))))) -> 0 | AC17: =((IF(($D17="34.1"),34.1,((IF(($D17="35.1"),35.1,((IF(($D17=38733),16.1,((IF(($D17=38768),20.2,((IF(($D17=38774),26.2,0))))))))))))))) -> 0 | AE17: =(IF((SUM(X17:AD17)<>0),(SUM(X17:AD17)),$D17)) -> 15 | AF17: =((IF(($E17=38785),9.3,((IF(($E17=38761),13.2,((IF(($E17="31.2"),31.2,((IF(($E17=38787),11.3,((IF(($E17=38759),11.2,((IF(($E17=38763),15.2,((IF(($E17=38765),17.2,((IF(($E17=38772),24.2,0)))))))))))))))))))))))) -> 0 | AG17: =((IF(($E17=38800),24.3,((IF(($E17=38773),25.2,((IF(($E17=38046),29.2,((IF(($E17=38075),29.3,((IF(($E17="32.2"),32.2,((IF(($E17="33.2"),33.2,((IF(($E17="34.2"),34.2,((IF(($E17="35.2"),35.2,0)))))))))))))))))))))))) -> 0 | AH17: =((IF(($E17=38767),19.2,((IF(($E17="21.2"),21.2,((IF(($E17="22.2"),22.2,((IF(($E17="22.3"),22.3,((IF(($E17="26.2"),26.2,((IF(($E17="42.2"),42.2,((IF(($E17="44.2"),44.2,((IF(($E17="46.2"),46.2,0)))))))))))))))))))))))) -> 0 | AI17: =((IF(($E17="47.2"),47.2,((IF(($E17="50.2"),50.2,((IF(($E17="8.3"),8.3,((IF(($E17="23.2"),23.2,((IF(($E17="43.2"),43.2,((IF(($E17="45.2"),45.2,((IF(($E17="48.2"),48.2,((IF(($E17="51.2"),51.2,0)))))))))))))))))))))))) -> 0 | AJ17: =((IF(($E17="13.3"),13.3,((IF(($E17=38758),10.2,((IF(($E17=38762),14.2,((IF(($E17=38760),12.2,((IF(($E17=38764),16.2,((IF(($E17=38766),18.2,((IF(($E17=38776),28.2,((IF(($E17="30.2"),30.2,0)))))))))))))))))))))))) -> 0 | AK17: =((IF(($E17="34.1"),34.1,((IF(($E17="35.1"),35.1,((IF(($E17=38733),16.1,((IF(($E17=38768),20.2,((IF(($E17=38774),26.2,((IF(($E17=38771),23.2,0)))))))))))))))))) -> 0 | AM17: =(IF((SUM(AF17:AL17)<>0),(SUM(AF17:AL17)),$E17)) -> 16 | AN17: =((IF(($F17=38785),9.3,((IF(($F17=38761),13.2,((IF(($F17="31.2"),31.2,((IF(($F17=38787),11.3,((IF(($F17=38759),11.2,((IF(($F17=38763),15.2,((IF(($F17=38765),17.2,((IF(($F17=38772),24.2,0)))))))))))))))))))))))) -> 0 | AO17: =((IF(($F17=38800),24.3,((IF(($F17=38773),25.2,((IF(($F17=38046),29.2,((IF(($F17=38075),29.3,((IF(($F17="32.2"),32.2,((IF(($F17="33.2"),33.2,((IF(($F17="34.2"),34.2,((IF(($F17="35.2"),35.2,0)))))))))))))))))))))))) -> 0 | AP17: =((IF(($F17=38767),19.2,((IF(($F17="21.2"),21.2,((IF(($F17="22.2"),22.2,((IF(($F17="22.3"),22.3,((IF(($F17="26.2"),26.2,((IF(($F17="42.2"),42.2,((IF(($F17="44.2"),44.2,((IF(($F17="46.2"),46.2,0)))))))))))))))))))))))) -> 0 | AQ17: =((IF(($F17="47.2"),47.2,((IF(($F17="50.2"),50.2,((IF(($F17="8.3"),8.3,((IF(($F17="23.2"),23.2,((IF(($F17="43.2"),43.2,((IF(($F17="45.2"),45.2,((IF(($F17="48.2"),48.2,((IF(($F17="51.2"),51.2,0)))))))))))))))))))))))) -> 0 | AR17: =((IF(($F17="13.3"),13.3,((IF(($F17=38758),10.2,((IF(($F17=38762),14.2,((IF(($F17=38760),12.2,((IF(($F17=38764),16.2,((IF(($F17=38766),18.2,((IF(($F17=38776),28.2,((IF(($F17="30.2"),30.2,0)))))))))))))))))))))))) -> 0 | AS17: =((IF(($F17="34.1"),34.1,((IF(($F17="35.1"),35.1,((IF(($F17=38733),16.1,((IF(($F17=38768),20.2,((IF(($F17=38774),26.2,0))))))))))))))) -> 0 | AU17: =(IF((SUM(AN17:AT17)<>0),(SUM(AN17:AT17)),$F17)) -> 16 | AV17: =((IF(($G17=38785),9.3,((IF(($G17=38761),13.2,((IF(($G17="31.2"),31.2,((IF(($G17=38787),11.3,((IF(($G17=38759),11.2,((IF(($G17=38763),15.2,((IF(($G17=38765),17.2,((IF(($G17=38772),24.2,0)))))))))))))))))))))))) -> 0 | AW17: =((IF(($G17=38800),24.3,((IF(($G17=38773),25.2,((IF(($G17=38046),29.2,((IF(($G17=38075),29.3,((IF(($G17="32.2"),32.2,((IF(($G17="33.2"),33.2,((IF(($G17="34.2"),34.2,((IF(($G17="35.2"),35.2,0)))))))))))))))))))))))) -> 0 | AX17: =((IF(($G17=38767),19.2,((IF(($G17="21.2"),21.2,((IF(($G17="22.2"),22.2,((IF(($G17="22.3"),22.3,((IF(($G17="26.2"),26.2,((IF(($G17="42.2"),42.2,((IF(($G17="44.2"),44.2,((IF(($G17="46.2"),46.2,0)))))))))))))))))))))))) -> 0 | AY17: =((IF(($G17="47.2"),47.2,((IF(($G17="50.2"),50.2,((IF(($G17="8.3"),8.3,((IF(($G17="23.2"),23.2,((IF(($G17="43.2"),43.2,((IF(($G17="45.2"),45.2,((IF(($G17="48.2"),48.2,((IF(($G17="51.2"),51.2,0)))))))))))))))))))))))) -> 0 | AZ17: =((IF(($G17="13.3"),13.3,((IF(($G17=38758),10.2,((IF(($G17=38762),14.2,((IF(($G17=38760),12.2,((IF(($G17=38764),16.2,((IF(($G17=38766),18.2,((IF(($G17=38776),28.2,((IF(($G17="30.2"),30.2,0)))))))))))))))))))))))) -> 0 | BA17: =((IF(($G17="34.1"),34.1,((IF(($G17="35.1"),35.1,((IF(($G17=38733),16.1,((IF(($G17=38768),20.2,((IF(($G17=38774),26.2,((IF(($G17=38771),23.2,0)))))))))))))))))) -> 0 | BC17: =(IF((SUM(AV17:BB17)<>0),(SUM(AV17:BB17)),$G17)) -> 17
A18: =FREQUENCIAS!O$1 -> D21S11 | B18: ND | C18: ND | D18: 30 | E18: 32.2 | F18: 32.2 | G18: 33.2 | H18: =((IF(($B18=38785),9.3,((IF(($B18=38761),13.2,((IF(($B18="31.2"),31.2,((IF(($B18=38787),11.3,((IF(($B18=38759),11.2,((IF(($B18=38763),15.2,((IF(($B18=38765),17.2,((IF(($B18=38772),24.2,0)))))))))))))))))))))))) -> 0 | I18: =((IF(($B18=38800),24.3,((IF(($B18=38773),25.2,((IF(($B18=38046),29.2,((IF(($B18=38075),29.3,((IF(($B18="32.2"),32.2,((IF(($B18="33.2"),33.2,((IF(($B18="34.2"),34.2,((IF(($B18="35.2"),35.2,0)))))))))))))))))))))))) -> 0 | J18: =((IF(($B18=38767),19.2,((IF(($B18="21.2"),21.2,((IF(($B18="22.2"),22.2,((IF(($B18="22.3"),22.3,((IF(($B18="26.2"),26.2,((IF(($B18="42.2"),42.2,((IF(($B18="44.2"),44.2,((IF(($B18="46.2"),46.2,0)))))))))))))))))))))))) -> 0 | K18: =((IF(($B18="47.2"),47.2,((IF(($B18="50.2"),50.2,((IF(($B18="8.3"),8.3,((IF(($B18="23.2"),23.2,((IF(($B18="43.2"),43.2,((IF(($B18="45.2"),45.2,((IF(($B18="48.2"),48.2,((IF(($B18="51.2"),51.2,0)))))))))))))))))))))))) -> 0 | L18: =((IF(($B18="13.3"),13.3,((IF(($B18=38758),10.2,((IF(($B18=38762),14.2,((IF(($B18=38760),12.2,((IF(($B18=38764),16.2,((IF(($B18=38766),18.2,((IF(($B18=38776),28.2,((IF(($B18="30.2"),30.2,0)))))))))))))))))))))))) -> 0 | M18: =((IF(($B18="34.1"),34.1,((IF(($B18="35.1"),35.1,((IF(($B18=38733),16.1,((IF(($B18=38768),20.2,((IF(($B18=38774),26.2,0))))))))))))))) -> 0 | O18: =(IF((SUM(H18:N18)<>0),(SUM(H18:N18)),$B18)) -> ND | P18: =((IF(($C18=38785),9.3,((IF(($C18=38761),13.2,((IF(($C18="31.2"),31.2,((IF(($C18=38787),11.3,((IF(($C18=38759),11.2,((IF(($C18=38763),15.2,((IF(($C18=38765),17.2,((IF(($C18=38772),24.2,0)))))))))))))))))))))))) -> 0 | Q18: =((IF(($C18=38800),24.3,((IF(($C18=38773),25.2,((IF(($C18=38046),29.2,((IF(($C18=38075),29.3,((IF(($C18="32.2"),32.2,((IF(($C18="33.2"),33.2,((IF(($C18="34.2"),34.2,((IF(($C18="35.2"),35.2,0)))))))))))))))))))))))) -> 0 | R18: =((IF(($C18=38767),19.2,((IF(($C18="21.2"),21.2,((IF(($C18="22.2"),22.2,((IF(($C18="22.3"),22.3,((IF(($C18="26.2"),26.2,((IF(($C18="42.2"),42.2,((IF(($C18="44.2"),44.2,((IF(($C18="46.2"),46.2,0)))))))))))))))))))))))) -> 0 | S18: =((IF(($C18="47.2"),47.2,((IF(($C18="50.2"),50.2,((IF(($C18="8.3"),8.3,((IF(($C18="23.2"),23.2,((IF(($C18="43.2"),43.2,((IF(($C18="45.2"),45.2,((IF(($C18="48.2"),48.2,((IF(($C18="51.2"),51.2,0)))))))))))))))))))))))) -> 0 | T18: =((IF(($C18="13.3"),13.3,((IF(($C18=38758),10.2,((IF(($C18=38762),14.2,((IF(($C18=38760),12.2,((IF(($C18=38764),16.2,((IF(($C18=38766),18.2,((IF(($C18=38776),28.2,((IF(($C18="30.2"),30.2,0)))))))))))))))))))))))) -> 0 | U18: =((IF(($C18="34.1"),34.1,((IF(($C18="35.1"),35.1,((IF(($C18=38733),16.1,((IF(($C18=38768),20.2,((IF(($C18=38774),26.2,((IF(($C18=38771),23.2,0)))))))))))))))))) -> 0 | W18: =(IF((SUM(P18:V18)<>0),(SUM(P18:V18)),$C18)) -> ND | X18: =((IF(($D18=38785),9.3,((IF(($D18=38761),13.2,((IF(($D18="31.2"),31.2,((IF(($D18=38787),11.3,((IF(($D18=38759),11.2,((IF(($D18=38763),15.2,((IF(($D18=38765),17.2,((IF(($D18=38772),24.2,0)))))))))))))))))))))))) -> 0 | Y18: =((IF(($D18=38800),24.3,((IF(($D18=38773),25.2,((IF(($D18=38046),29.2,((IF(($D18=38075),29.3,((IF(($D18="32.2"),32.2,((IF(($D18="33.2"),33.2,((IF(($D18="34.2"),34.2,((IF(($D18="35.2"),35.2,0)))))))))))))))))))))))) -> 0 | Z18: =((IF(($D18=38767),19.2,((IF(($D18="21.2"),21.2,((IF(($D18="22.2"),22.2,((IF(($D18="22.3"),22.3,((IF(($D18="26.2"),26.2,((IF(($D18="42.2"),42.2,((IF(($D18="44.2"),44.2,((IF(($D18="46.2"),46.2,0)))))))))))))))))))))))) -> 0 | AA18: =((IF(($D18="47.2"),47.2,((IF(($D18="50.2"),50.2,((IF(($D18="8.3"),8.3,((IF(($D18="23.2"),23.2,((IF(($D18="43.2"),43.2,((IF(($D18="45.2"),45.2,((IF(($D18="48.2"),48.2,((IF(($D18="51.2"),51.2,0)))))))))))))))))))))))) -> 0 | AB18: =((IF(($D18="13.3"),13.3,((IF(($D18=38758),10.2,((IF(($D18=38762),14.2,((IF(($D18=38760),12.2,((IF(($D18=38764),16.2,((IF(($D18=38766),18.2,((IF(($D18=38776),28.2,((IF(($D18="30.2"),30.2,0)))))))))))))))))))))))) -> 0 | AC18: =((IF(($D18="34.1"),34.1,((IF(($D18="35.1"),35.1,((IF(($D18=38733),16.1,((IF(($D18=38768),20.2,((IF(($D18=38774),26.2,0))))))))))))))) -> 0 | AE18: =(IF((SUM(X18:AD18)<>0),(SUM(X18:AD18)),$D18)) -> 30 | AF18: =((IF(($E18=38785),9.3,((IF(($E18=38761),13.2,((IF(($E18="31.2"),31.2,((IF(($E18=38787),11.3,((IF(($E18=38759),11.2,((IF(($E18=38763),15.2,((IF(($E18=38765),17.2,((IF(($E18=38772),24.2,0)))))))))))))))))))))))) -> 0 | AG18: =((IF(($E18=38800),24.3,((IF(($E18=38773),25.2,((IF(($E18=38046),29.2,((IF(($E18=38075),29.3,((IF(($E18="32.2"),32.2,((IF(($E18="33.2"),33.2,((IF(($E18="34.2"),34.2,((IF(($E18="35.2"),35.2,0)))))))))))))))))))))))) -> 0 | AH18: =((IF(($E18=38767),19.2,((IF(($E18="21.2"),21.2,((IF(($E18="22.2"),22.2,((IF(($E18="22.3"),22.3,((IF(($E18="26.2"),26.2,((IF(($E18="42.2"),42.2,((IF(($E18="44.2"),44.2,((IF(($E18="46.2"),46.2,0)))))))))))))))))))))))) -> 0 | AI18: =((IF(($E18="47.2"),47.2,((IF(($E18="50.2"),50.2,((IF(($E18="8.3"),8.3,((IF(($E18="23.2"),23.2,((IF(($E18="43.2"),43.2,((IF(($E18="45.2"),45.2,((IF(($E18="48.2"),48.2,((IF(($E18="51.2"),51.2,0)))))))))))))))))))))))) -> 0 | AJ18: =((IF(($E18="13.3"),13.3,((IF(($E18=38758),10.2,((IF(($E18=38762),14.2,((IF(($E18=38760),12.2,((IF(($E18=38764),16.2,((IF(($E18=38766),18.2,((IF(($E18=38776),28.2,((IF(($E18="30.2"),30.2,0)))))))))))))))))))))))) -> 0 | AK18: =((IF(($E18="34.1"),34.1,((IF(($E18="35.1"),35.1,((IF(($E18=38733),16.1,((IF(($E18=38768),20.2,((IF(($E18=38774),26.2,((IF(($E18=38771),23.2,0)))))))))))))))))) -> 0 | AM18: =(IF((SUM(AF18:AL18)<>0),(SUM(AF18:AL18)),$E18)) -> 32.2 | AN18: =((IF(($F18=38785),9.3,((IF(($F18=38761),13.2,((IF(($F18="31.2"),31.2,((IF(($F18=38787),11.3,((IF(($F18=38759),11.2,((IF(($F18=38763),15.2,((IF(($F18=38765),17.2,((IF(($F18=38772),24.2,0)))))))))))))))))))))))) -> 0 | AO18: =((IF(($F18=38800),24.3,((IF(($F18=38773),25.2,((IF(($F18=38046),29.2,((IF(($F18=38075),29.3,((IF(($F18="32.2"),32.2,((IF(($F18="33.2"),33.2,((IF(($F18="34.2"),34.2,((IF(($F18="35.2"),35.2,0)))))))))))))))))))))))) -> 0 | AP18: =((IF(($F18=38767),19.2,((IF(($F18="21.2"),21.2,((IF(($F18="22.2"),22.2,((IF(($F18="22.3"),22.3,((IF(($F18="26.2"),26.2,((IF(($F18="42.2"),42.2,((IF(($F18="44.2"),44.2,((IF(($F18="46.2"),46.2,0)))))))))))))))))))))))) -> 0 | AQ18: =((IF(($F18="47.2"),47.2,((IF(($F18="50.2"),50.2,((IF(($F18="8.3"),8.3,((IF(($F18="23.2"),23.2,((IF(($F18="43.2"),43.2,((IF(($F18="45.2"),45.2,((IF(($F18="48.2"),48.2,((IF(($F18="51.2"),51.2,0)))))))))))))))))))))))) -> 0 | AR18: =((IF(($F18="13.3"),13.3,((IF(($F18=38758),10.2,((IF(($F18=38762),14.2,((IF(($F18=38760),12.2,((IF(($F18=38764),16.2,((IF(($F18=38766),18.2,((IF(($F18=38776),28.2,((IF(($F18="30.2"),30.2,0)))))))))))))))))))))))) -> 0 | AS18: =((IF(($F18="34.1"),34.1,((IF(($F18="35.1"),35.1,((IF(($F18=38733),16.1,((IF(($F18=38768),20.2,((IF(($F18=38774),26.2,0))))))))))))))) -> 0 | AU18: =(IF((SUM(AN18:AT18)<>0),(SUM(AN18:AT18)),$F18)) -> 32.2 | AV18: =((IF(($G18=38785),9.3,((IF(($G18=38761),13.2,((IF(($G18="31.2"),31.2,((IF(($G18=38787),11.3,((IF(($G18=38759),11.2,((IF(($G18=38763),15.2,((IF(($G18=38765),17.2,((IF(($G18=38772),24.2,0)))))))))))))))))))))))) -> 0 | AW18: =((IF(($G18=38800),24.3,((IF(($G18=38773),25.2,((IF(($G18=38046),29.2,((IF(($G18=38075),29.3,((IF(($G18="32.2"),32.2,((IF(($G18="33.2"),33.2,((IF(($G18="34.2"),34.2,((IF(($G18="35.2"),35.2,0)))))))))))))))))))))))) -> 0 | AX18: =((IF(($G18=38767),19.2,((IF(($G18="21.2"),21.2,((IF(($G18="22.2"),22.2,((IF(($G18="22.3"),22.3,((IF(($G18="26.2"),26.2,((IF(($G18="42.2"),42.2,((IF(($G18="44.2"),44.2,((IF(($G18="46.2"),46.2,0)))))))))))))))))))))))) -> 0 | AY18: =((IF(($G18="47.2"),47.2,((IF(($G18="50.2"),50.2,((IF(($G18="8.3"),8.3,((IF(($G18="23.2"),23.2,((IF(($G18="43.2"),43.2,((IF(($G18="45.2"),45.2,((IF(($G18="48.2"),48.2,((IF(($G18="51.2"),51.2,0)))))))))))))))))))))))) -> 0 | AZ18: =((IF(($G18="13.3"),13.3,((IF(($G18=38758),10.2,((IF(($G18=38762),14.2,((IF(($G18=38760),12.2,((IF(($G18=38764),16.2,((IF(($G18=38766),18.2,((IF(($G18=38776),28.2,((IF(($G18="30.2"),30.2,0)))))))))))))))))))))))) -> 0 | BA18: =((IF(($G18="34.1"),34.1,((IF(($G18="35.1"),35.1,((IF(($G18=38733),16.1,((IF(($G18=38768),20.2,((IF(($G18=38774),26.2,((IF(($G18=38771),23.2,0)))))))))))))))))) -> 0 | BC18: =(IF((SUM(AV18:BB18)<>0),(SUM(AV18:BB18)),$G18)) -> 33.2
A19: =FREQUENCIAS!P$1 -> D7S820 | B19: ND | C19: ND | D19: 9 | E19: 11 | F19: 9 | G19: 12 | H19: =((IF(($B19=38785),9.3,((IF(($B19=38761),13.2,((IF(($B19="31.2"),31.2,((IF(($B19=38787),11.3,((IF(($B19=38759),11.2,((IF(($B19=38763),15.2,((IF(($B19=38765),17.2,((IF(($B19=38772),24.2,0)))))))))))))))))))))))) -> 0 | I19: =((IF(($B19=38800),24.3,((IF(($B19=38773),25.2,((IF(($B19=38046),29.2,((IF(($B19=38075),29.3,((IF(($B19="32.2"),32.2,((IF(($B19="33.2"),33.2,((IF(($B19="34.2"),34.2,((IF(($B19="35.2"),35.2,0)))))))))))))))))))))))) -> 0 | J19: =((IF(($B19=38767),19.2,((IF(($B19="21.2"),21.2,((IF(($B19="22.2"),22.2,((IF(($B19="22.3"),22.3,((IF(($B19="26.2"),26.2,((IF(($B19="42.2"),42.2,((IF(($B19="44.2"),44.2,((IF(($B19="46.2"),46.2,0)))))))))))))))))))))))) -> 0 | K19: =((IF(($B19="47.2"),47.2,((IF(($B19="50.2"),50.2,((IF(($B19="8.3"),8.3,((IF(($B19="23.2"),23.2,((IF(($B19="43.2"),43.2,((IF(($B19="45.2"),45.2,((IF(($B19="48.2"),48.2,((IF(($B19="51.2"),51.2,0)))))))))))))))))))))))) -> 0 | L19: =((IF(($B19="13.3"),13.3,((IF(($B19=38758),10.2,((IF(($B19=38762),14.2,((IF(($B19=38760),12.2,((IF(($B19=38764),16.2,((IF(($B19=38766),18.2,((IF(($B19=38776),28.2,((IF(($B19="30.2"),30.2,0)))))))))))))))))))))))) -> 0 | M19: =((IF(($B19="34.1"),34.1,((IF(($B19="35.1"),35.1,((IF(($B19=38733),16.1,((IF(($B19=38768),20.2,((IF(($B19=38774),26.2,((IF(($B19=38769),21.2,((IF(($B19=38770),22.2,0))))))))))))))))))))) -> 0 | N19: =((IF(($B19=38771),23.2,((IF(($B19=38800),24.3,((IF(($B19=38798),22.3,0))))))))) -> 0 | O19: =(IF((SUM(H19:N19)<>0),(SUM(H19:N19)),$B19)) -> ND | P19: =((IF(($C19=38785),9.3,((IF(($C19=38761),13.2,((IF(($C19="31.2"),31.2,((IF(($C19=38787),11.3,((IF(($C19=38759),11.2,((IF(($C19=38763),15.2,((IF(($C19=38765),17.2,((IF(($C19=38772),24.2,0)))))))))))))))))))))))) -> 0 | Q19: =((IF(($C19=38800),24.3,((IF(($C19=38773),25.2,((IF(($C19=38046),29.2,((IF(($C19=38075),29.3,((IF(($C19="32.2"),32.2,((IF(($C19="33.2"),33.2,((IF(($C19="34.2"),34.2,((IF(($C19="35.2"),35.2,0)))))))))))))))))))))))) -> 0 | R19: =((IF(($C19=38767),19.2,((IF(($C19="21.2"),21.2,((IF(($C19="22.2"),22.2,((IF(($C19="22.3"),22.3,((IF(($C19="26.2"),26.2,((IF(($C19="42.2"),42.2,((IF(($C19="44.2"),44.2,((IF(($C19="46.2"),46.2,0)))))))))))))))))))))))) -> 0 | S19: =((IF(($C19="47.2"),47.2,((IF(($C19="50.2"),50.2,((IF(($C19="8.3"),8.3,((IF(($C19="23.2"),23.2,((IF(($C19="43.2"),43.2,((IF(($C19="45.2"),45.2,((IF(($C19="48.2"),48.2,((IF(($C19="51.2"),51.2,0)))))))))))))))))))))))) -> 0 | T19: =((IF(($C19="13.3"),13.3,((IF(($C19=38758),10.2,((IF(($C19=38762),14.2,((IF(($C19=38760),12.2,((IF(($C19=38764),16.2,((IF(($C19=38766),18.2,((IF(($C19=38776),28.2,((IF(($C19="30.2"),30.2,0)))))))))))))))))))))))) -> 0 | U19: =((IF(($C19="34.1"),34.1,((IF(($C19="35.1"),35.1,((IF(($C19=38733),16.1,((IF(($C19=38768),20.2,((IF(($C19=38774),26.2,((IF(($C19=38769),21.2,((IF(($C19=38770),22.2,0))))))))))))))))))))) -> 0 | V19: =((IF(($C19=38771),23.2,((IF(($C19=38800),24.3,((IF(($C19=38798),22.3,0))))))))) -> 0 | W19: =(IF((SUM(P19:V19)<>0),(SUM(P19:V19)),$C19)) -> ND | X19: =((IF(($D19=38785),9.3,((IF(($D19=38761),13.2,((IF(($D19="31.2"),31.2,((IF(($D19=38787),11.3,((IF(($D19=38759),11.2,((IF(($D19=38763),15.2,((IF(($D19=38765),17.2,((IF(($D19=38772),24.2,0)))))))))))))))))))))))) -> 0 | Y19: =((IF(($D19=38800),24.3,((IF(($D19=38773),25.2,((IF(($D19=38046),29.2,((IF(($D19=38075),29.3,((IF(($D19="32.2"),32.2,((IF(($D19="33.2"),33.2,((IF(($D19="34.2"),34.2,((IF(($D19="35.2"),35.2,0)))))))))))))))))))))))) -> 0 | Z19: =((IF(($D19=38767),19.2,((IF(($D19="21.2"),21.2,((IF(($D19="22.2"),22.2,((IF(($D19="22.3"),22.3,((IF(($D19="26.2"),26.2,((IF(($D19="42.2"),42.2,((IF(($D19="44.2"),44.2,((IF(($D19="46.2"),46.2,0)))))))))))))))))))))))) -> 0 | AA19: =((IF(($D19="47.2"),47.2,((IF(($D19="50.2"),50.2,((IF(($D19="8.3"),8.3,((IF(($D19="23.2"),23.2,((IF(($D19="43.2"),43.2,((IF(($D19="45.2"),45.2,((IF(($D19="48.2"),48.2,((IF(($D19="51.2"),51.2,0)))))))))))))))))))))))) -> 0 | AB19: =((IF(($D19="13.3"),13.3,((IF(($D19=38758),10.2,((IF(($D19=38762),14.2,((IF(($D19=38760),12.2,((IF(($D19=38764),16.2,((IF(($D19=38766),18.2,((IF(($D19=38776),28.2,((IF(($D19="30.2"),30.2,0)))))))))))))))))))))))) -> 0 | AC19: =((IF(($D19="34.1"),34.1,((IF(($D19="35.1"),35.1,((IF(($D19=38733),16.1,((IF(($D19=38768),20.2,((IF(($D19=38774),26.2,((IF(($D19=38769),21.2,((IF(($D19=38770),22.2,0))))))))))))))))))))) -> 0 | AD19: =((IF(($D19=38771),23.2,((IF(($D19=38800),24.3,((IF(($D19=38798),22.3,0))))))))) -> 0 | AE19: =(IF((SUM(X19:AD19)<>0),(SUM(X19:AD19)),$D19)) -> 9 | AF19: =((IF(($E19=38785),9.3,((IF(($E19=38761),13.2,((IF(($E19="31.2"),31.2,((IF(($E19=38787),11.3,((IF(($E19=38759),11.2,((IF(($E19=38763),15.2,((IF(($E19=38765),17.2,((IF(($E19=38772),24.2,0)))))))))))))))))))))))) -> 0 | AG19: =((IF(($E19=38800),24.3,((IF(($E19=38773),25.2,((IF(($E19=38046),29.2,((IF(($E19=38075),29.3,((IF(($E19="32.2"),32.2,((IF(($E19="33.2"),33.2,((IF(($E19="34.2"),34.2,((IF(($E19="35.2"),35.2,0)))))))))))))))))))))))) -> 0 | AH19: =((IF(($E19=38767),19.2,((IF(($E19="21.2"),21.2,((IF(($E19="22.2"),22.2,((IF(($E19="22.3"),22.3,((IF(($E19="26.2"),26.2,((IF(($E19="42.2"),42.2,((IF(($E19="44.2"),44.2,((IF(($E19="46.2"),46.2,0)))))))))))))))))))))))) -> 0 | AI19: =((IF(($E19="47.2"),47.2,((IF(($E19="50.2"),50.2,((IF(($E19="8.3"),8.3,((IF(($E19="23.2"),23.2,((IF(($E19="43.2"),43.2,((IF(($E19="45.2"),45.2,((IF(($E19="48.2"),48.2,((IF(($E19="51.2"),51.2,0)))))))))))))))))))))))) -> 0 | AJ19: =((IF(($E19="13.3"),13.3,((IF(($E19=38758),10.2,((IF(($E19=38762),14.2,((IF(($E19=38760),12.2,((IF(($E19=38764),16.2,((IF(($E19=38766),18.2,((IF(($E19=38776),28.2,((IF(($E19="30.2"),30.2,0)))))))))))))))))))))))) -> 0 | AK19: =((IF(($E19="34.1"),34.1,((IF(($E19="35.1"),35.1,((IF(($E19=38733),16.1,((IF(($E19=38768),20.2,((IF(($E19=38774),26.2,((IF(($E19=38769),21.2,((IF(($E19=38770),22.2,0))))))))))))))))))))) -> 0 | AL19: =((IF(($E19=38771),23.2,((IF(($E19=38800),24.3,((IF(($E19=38798),22.3,0))))))))) -> 0 | AM19: =(IF((SUM(AF19:AL19)<>0),(SUM(AF19:AL19)),$E19)) -> 11 | AN19: =((IF(($F19=38785),9.3,((IF(($F19=38761),13.2,((IF(($F19="31.2"),31.2,((IF(($F19=38787),11.3,((IF(($F19=38759),11.2,((IF(($F19=38763),15.2,((IF(($F19=38765),17.2,((IF(($F19=38772),24.2,0)))))))))))))))))))))))) -> 0 | AO19: =((IF(($F19=38800),24.3,((IF(($F19=38773),25.2,((IF(($F19=38046),29.2,((IF(($F19=38075),29.3,((IF(($F19="32.2"),32.2,((IF(($F19="33.2"),33.2,((IF(($F19="34.2"),34.2,((IF(($F19="35.2"),35.2,0)))))))))))))))))))))))) -> 0 | AP19: =((IF(($F19=38767),19.2,((IF(($F19="21.2"),21.2,((IF(($F19="22.2"),22.2,((IF(($F19="22.3"),22.3,((IF(($F19="26.2"),26.2,((IF(($F19="42.2"),42.2,((IF(($F19="44.2"),44.2,((IF(($F19="46.2"),46.2,0)))))))))))))))))))))))) -> 0 | AQ19: =((IF(($F19="47.2"),47.2,((IF(($F19="50.2"),50.2,((IF(($F19="8.3"),8.3,((IF(($F19="23.2"),23.2,((IF(($F19="43.2"),43.2,((IF(($F19="45.2"),45.2,((IF(($F19="48.2"),48.2,((IF(($F19="51.2"),51.2,0)))))))))))))))))))))))) -> 0 | AR19: =((IF(($F19="13.3"),13.3,((IF(($F19=38758),10.2,((IF(($F19=38762),14.2,((IF(($F19=38760),12.2,((IF(($F19=38764),16.2,((IF(($F19=38766),18.2,((IF(($F19=38776),28.2,((IF(($F19="30.2"),30.2,0)))))))))))))))))))))))) -> 0 | AS19: =((IF(($F19="34.1"),34.1,((IF(($F19="35.1"),35.1,((IF(($F19=38733),16.1,((IF(($F19=38768),20.2,((IF(($F19=38774),26.2,((IF(($F19=38769),21.2,((IF(($F19=38770),22.2,0))))))))))))))))))))) -> 0 | AT19: =((IF(($F19=38771),23.2,((IF(($F19=38800),24.3,((IF(($F19=38798),22.3,0))))))))) -> 0 | AU19: =(IF((SUM(AN19:AT19)<>0),(SUM(AN19:AT19)),$F19)) -> 9 | AV19: =((IF(($G19=38785),9.3,((IF(($G19=38761),13.2,((IF(($G19="31.2"),31.2,((IF(($G19=38787),11.3,((IF(($G19=38759),11.2,((IF(($G19=38763),15.2,((IF(($G19=38765),17.2,((IF(($G19=38772),24.2,0)))))))))))))))))))))))) -> 0 | AW19: =((IF(($G19=38800),24.3,((IF(($G19=38773),25.2,((IF(($G19=38046),29.2,((IF(($G19=38075),29.3,((IF(($G19="32.2"),32.2,((IF(($G19="33.2"),33.2,((IF(($G19="34.2"),34.2,((IF(($G19="35.2"),35.2,0)))))))))))))))))))))))) -> 0 | AX19: =((IF(($G19=38767),19.2,((IF(($G19="21.2"),21.2,((IF(($G19="22.2"),22.2,((IF(($G19="22.3"),22.3,((IF(($G19="26.2"),26.2,((IF(($G19="42.2"),42.2,((IF(($G19="44.2"),44.2,((IF(($G19="46.2"),46.2,0)))))))))))))))))))))))) -> 0 | AY19: =((IF(($G19="47.2"),47.2,((IF(($G19="50.2"),50.2,((IF(($G19="8.3"),8.3,((IF(($G19="23.2"),23.2,((IF(($G19="43.2"),43.2,((IF(($G19="45.2"),45.2,((IF(($G19="48.2"),48.2,((IF(($G19="51.2"),51.2,0)))))))))))))))))))))))) -> 0 | AZ19: =((IF(($G19="13.3"),13.3,((IF(($G19=38758),10.2,((IF(($G19=38762),14.2,((IF(($G19=38760),12.2,((IF(($G19=38764),16.2,((IF(($G19=38766),18.2,((IF(($G19=38776),28.2,((IF(($G19="30.2"),30.2,0)))))))))))))))))))))))) -> 0 | BA19: =((IF(($G19="34.1"),34.1,((IF(($G19="35.1"),35.1,((IF(($G19=38733),16.1,((IF(($G19=38768),20.2,((IF(($G19=38774),26.2,((IF(($G19=38769),21.2,((IF(($G19=38770),22.2,0))))))))))))))))))))) -> 0 | BB19: =((IF(($G19=38771),23.2,((IF(($G19=38800),24.3,((IF(($G19=38798),22.3,0))))))))) -> 0 | BC19: =(IF((SUM(AV19:BB19)<>0),(SUM(AV19:BB19)),$G19)) -> 12
A20: =FREQUENCIAS!Q$1 -> D5S818 | B20: ND | C20: ND | D20: 7 | E20: 11 | F20: 11 | G20: 11 | H20: =((IF(($B20=38785),9.3,((IF(($B20=38761),13.2,((IF(($B20="31.2"),31.2,((IF(($B20=38787),11.3,((IF(($B20=38759),11.2,((IF(($B20=38763),15.2,((IF(($B20=38765),17.2,((IF(($B20=38772),24.2,0)))))))))))))))))))))))) -> 0 | I20: =((IF(($B20=38800),24.3,((IF(($B20=38773),25.2,((IF(($B20=38046),29.2,((IF(($B20=38075),29.3,((IF(($B20="32.2"),32.2,((IF(($B20="33.2"),33.2,((IF(($B20="34.2"),34.2,((IF(($B20="35.2"),35.2,0)))))))))))))))))))))))) -> 0 | J20: =((IF(($B20=38767),19.2,((IF(($B20="21.2"),21.2,((IF(($B20="22.2"),22.2,((IF(($B20="22.3"),22.3,((IF(($B20="26.2"),26.2,((IF(($B20="42.2"),42.2,((IF(($B20="44.2"),44.2,((IF(($B20="46.2"),46.2,0)))))))))))))))))))))))) -> 0 | K20: =((IF(($B20="47.2"),47.2,((IF(($B20="50.2"),50.2,((IF(($B20="8.3"),8.3,((IF(($B20="23.2"),23.2,((IF(($B20="43.2"),43.2,((IF(($B20="45.2"),45.2,((IF(($B20="48.2"),48.2,((IF(($B20="51.2"),51.2,0)))))))))))))))))))))))) -> 0 | L20: =((IF(($B20="13.3"),13.3,((IF(($B20=38758),10.2,((IF(($B20=38762),14.2,((IF(($B20=38760),12.2,((IF(($B20=38764),16.2,((IF(($B20=38766),18.2,((IF(($B20=38776),28.2,((IF(($B20="30.2"),30.2,0)))))))))))))))))))))))) -> 0 | M20: =((IF(($B20="34.1"),34.1,((IF(($B20="35.1"),35.1,((IF(($B20=38733),16.1,((IF(($B20=38768),20.2,((IF(($B20=38774),26.2,0))))))))))))))) -> 0 | O20: =(IF((SUM(H20:N20)<>0),(SUM(H20:N20)),$B20)) -> ND | P20: =((IF(($C20=38785),9.3,((IF(($C20=38761),13.2,((IF(($C20="31.2"),31.2,((IF(($C20=38787),11.3,((IF(($C20=38759),11.2,((IF(($C20=38763),15.2,((IF(($C20=38765),17.2,((IF(($C20=38772),24.2,0)))))))))))))))))))))))) -> 0 | Q20: =((IF(($C20=38800),24.3,((IF(($C20=38773),25.2,((IF(($C20=38046),29.2,((IF(($C20=38075),29.3,((IF(($C20="32.2"),32.2,((IF(($C20="33.2"),33.2,((IF(($C20="34.2"),34.2,((IF(($C20="35.2"),35.2,0)))))))))))))))))))))))) -> 0 | R20: =((IF(($C20=38767),19.2,((IF(($C20="21.2"),21.2,((IF(($C20="22.2"),22.2,((IF(($C20="22.3"),22.3,((IF(($C20="26.2"),26.2,((IF(($C20="42.2"),42.2,((IF(($C20="44.2"),44.2,((IF(($C20="46.2"),46.2,0)))))))))))))))))))))))) -> 0 | S20: =((IF(($C20="47.2"),47.2,((IF(($C20="50.2"),50.2,((IF(($C20="8.3"),8.3,((IF(($C20="23.2"),23.2,((IF(($C20="43.2"),43.2,((IF(($C20="45.2"),45.2,((IF(($C20="48.2"),48.2,((IF(($C20="51.2"),51.2,0)))))))))))))))))))))))) -> 0 | T20: =((IF(($C20="13.3"),13.3,((IF(($C20=38758),10.2,((IF(($C20=38762),14.2,((IF(($C20=38760),12.2,((IF(($C20=38764),16.2,((IF(($C20=38766),18.2,((IF(($C20=38776),28.2,((IF(($C20="30.2"),30.2,0)))))))))))))))))))))))) -> 0 | U20: =((IF(($C20="34.1"),34.1,((IF(($C20="35.1"),35.1,((IF(($C20=38733),16.1,((IF(($C20=38768),20.2,((IF(($C20=38774),26.2,((IF(($C20=38771),23.2,0)))))))))))))))))) -> 0 | W20: =(IF((SUM(P20:V20)<>0),(SUM(P20:V20)),$C20)) -> ND | X20: =((IF(($D20=38785),9.3,((IF(($D20=38761),13.2,((IF(($D20="31.2"),31.2,((IF(($D20=38787),11.3,((IF(($D20=38759),11.2,((IF(($D20=38763),15.2,((IF(($D20=38765),17.2,((IF(($D20=38772),24.2,0)))))))))))))))))))))))) -> 0 | Y20: =((IF(($D20=38800),24.3,((IF(($D20=38773),25.2,((IF(($D20=38046),29.2,((IF(($D20=38075),29.3,((IF(($D20="32.2"),32.2,((IF(($D20="33.2"),33.2,((IF(($D20="34.2"),34.2,((IF(($D20="35.2"),35.2,0)))))))))))))))))))))))) -> 0 | Z20: =((IF(($D20=38767),19.2,((IF(($D20="21.2"),21.2,((IF(($D20="22.2"),22.2,((IF(($D20="22.3"),22.3,((IF(($D20="26.2"),26.2,((IF(($D20="42.2"),42.2,((IF(($D20="44.2"),44.2,((IF(($D20="46.2"),46.2,0)))))))))))))))))))))))) -> 0 | AA20: =((IF(($D20="47.2"),47.2,((IF(($D20="50.2"),50.2,((IF(($D20="8.3"),8.3,((IF(($D20="23.2"),23.2,((IF(($D20="43.2"),43.2,((IF(($D20="45.2"),45.2,((IF(($D20="48.2"),48.2,((IF(($D20="51.2"),51.2,0)))))))))))))))))))))))) -> 0 | AB20: =((IF(($D20="13.3"),13.3,((IF(($D20=38758),10.2,((IF(($D20=38762),14.2,((IF(($D20=38760),12.2,((IF(($D20=38764),16.2,((IF(($D20=38766),18.2,((IF(($D20=38776),28.2,((IF(($D20="30.2"),30.2,0)))))))))))))))))))))))) -> 0 | AC20: =((IF(($D20="34.1"),34.1,((IF(($D20="35.1"),35.1,((IF(($D20=38733),16.1,((IF(($D20=38768),20.2,((IF(($D20=38774),26.2,0))))))))))))))) -> 0 | AE20: =(IF((SUM(X20:AD20)<>0),(SUM(X20:AD20)),$D20)) -> 7 | AF20: =((IF(($E20=38785),9.3,((IF(($E20=38761),13.2,((IF(($E20="31.2"),31.2,((IF(($E20=38787),11.3,((IF(($E20=38759),11.2,((IF(($E20=38763),15.2,((IF(($E20=38765),17.2,((IF(($E20=38772),24.2,0)))))))))))))))))))))))) -> 0 | AG20: =((IF(($E20=38800),24.3,((IF(($E20=38773),25.2,((IF(($E20=38046),29.2,((IF(($E20=38075),29.3,((IF(($E20="32.2"),32.2,((IF(($E20="33.2"),33.2,((IF(($E20="34.2"),34.2,((IF(($E20="35.2"),35.2,0)))))))))))))))))))))))) -> 0 | AH20: =((IF(($E20=38767),19.2,((IF(($E20="21.2"),21.2,((IF(($E20="22.2"),22.2,((IF(($E20="22.3"),22.3,((IF(($E20="26.2"),26.2,((IF(($E20="42.2"),42.2,((IF(($E20="44.2"),44.2,((IF(($E20="46.2"),46.2,0)))))))))))))))))))))))) -> 0 | AI20: =((IF(($E20="47.2"),47.2,((IF(($E20="50.2"),50.2,((IF(($E20="8.3"),8.3,((IF(($E20="23.2"),23.2,((IF(($E20="43.2"),43.2,((IF(($E20="45.2"),45.2,((IF(($E20="48.2"),48.2,((IF(($E20="51.2"),51.2,0)))))))))))))))))))))))) -> 0 | AJ20: =((IF(($E20="13.3"),13.3,((IF(($E20=38758),10.2,((IF(($E20=38762),14.2,((IF(($E20=38760),12.2,((IF(($E20=38764),16.2,((IF(($E20=38766),18.2,((IF(($E20=38776),28.2,((IF(($E20="30.2"),30.2,0)))))))))))))))))))))))) -> 0 | AK20: =((IF(($E20="34.1"),34.1,((IF(($E20="35.1"),35.1,((IF(($E20=38733),16.1,((IF(($E20=38768),20.2,((IF(($E20=38774),26.2,((IF(($E20=38771),23.2,0)))))))))))))))))) -> 0 | AM20: =(IF((SUM(AF20:AL20)<>0),(SUM(AF20:AL20)),$E20)) -> 11 | AN20: =((IF(($F20=38785),9.3,((IF(($F20=38761),13.2,((IF(($F20="31.2"),31.2,((IF(($F20=38787),11.3,((IF(($F20=38759),11.2,((IF(($F20=38763),15.2,((IF(($F20=38765),17.2,((IF(($F20=38772),24.2,0)))))))))))))))))))))))) -> 0 | AO20: =((IF(($F20=38800),24.3,((IF(($F20=38773),25.2,((IF(($F20=38046),29.2,((IF(($F20=38075),29.3,((IF(($F20="32.2"),32.2,((IF(($F20="33.2"),33.2,((IF(($F20="34.2"),34.2,((IF(($F20="35.2"),35.2,0)))))))))))))))))))))))) -> 0 | AP20: =((IF(($F20=38767),19.2,((IF(($F20="21.2"),21.2,((IF(($F20="22.2"),22.2,((IF(($F20="22.3"),22.3,((IF(($F20="26.2"),26.2,((IF(($F20="42.2"),42.2,((IF(($F20="44.2"),44.2,((IF(($F20="46.2"),46.2,0)))))))))))))))))))))))) -> 0 | AQ20: =((IF(($F20="47.2"),47.2,((IF(($F20="50.2"),50.2,((IF(($F20="8.3"),8.3,((IF(($F20="23.2"),23.2,((IF(($F20="43.2"),43.2,((IF(($F20="45.2"),45.2,((IF(($F20="48.2"),48.2,((IF(($F20="51.2"),51.2,0)))))))))))))))))))))))) -> 0 | AR20: =((IF(($F20="13.3"),13.3,((IF(($F20=38758),10.2,((IF(($F20=38762),14.2,((IF(($F20=38760),12.2,((IF(($F20=38764),16.2,((IF(($F20=38766),18.2,((IF(($F20=38776),28.2,((IF(($F20="30.2"),30.2,0)))))))))))))))))))))))) -> 0 | AS20: =((IF(($F20="34.1"),34.1,((IF(($F20="35.1"),35.1,((IF(($F20=38733),16.1,((IF(($F20=38768),20.2,((IF(($F20=38774),26.2,0))))))))))))))) -> 0 | AU20: =(IF((SUM(AN20:AT20)<>0),(SUM(AN20:AT20)),$F20)) -> 11 | AV20: =((IF(($G20=38785),9.3,((IF(($G20=38761),13.2,((IF(($G20="31.2"),31.2,((IF(($G20=38787),11.3,((IF(($G20=38759),11.2,((IF(($G20=38763),15.2,((IF(($G20=38765),17.2,((IF(($G20=38772),24.2,0)))))))))))))))))))))))) -> 0 | AW20: =((IF(($G20=38800),24.3,((IF(($G20=38773),25.2,((IF(($G20=38046),29.2,((IF(($G20=38075),29.3,((IF(($G20="32.2"),32.2,((IF(($G20="33.2"),33.2,((IF(($G20="34.2"),34.2,((IF(($G20="35.2"),35.2,0)))))))))))))))))))))))) -> 0 | AX20: =((IF(($G20=38767),19.2,((IF(($G20="21.2"),21.2,((IF(($G20="22.2"),22.2,((IF(($G20="22.3"),22.3,((IF(($G20="26.2"),26.2,((IF(($G20="42.2"),42.2,((IF(($G20="44.2"),44.2,((IF(($G20="46.2"),46.2,0)))))))))))))))))))))))) -> 0 | AY20: =((IF(($G20="47.2"),47.2,((IF(($G20="50.2"),50.2,((IF(($G20="8.3"),8.3,((IF(($G20="23.2"),23.2,((IF(($G20="43.2"),43.2,((IF(($G20="45.2"),45.2,((IF(($G20="48.2"),48.2,((IF(($G20="51.2"),51.2,0)))))))))))))))))))))))) -> 0 | AZ20: =((IF(($G20="13.3"),13.3,((IF(($G20=38758),10.2,((IF(($G20=38762),14.2,((IF(($G20=38760),12.2,((IF(($G20=38764),16.2,((IF(($G20=38766),18.2,((IF(($G20=38776),28.2,((IF(($G20="30.2"),30.2,0)))))))))))))))))))))))) -> 0 | BA20: =((IF(($G20="34.1"),34.1,((IF(($G20="35.1"),35.1,((IF(($G20=38733),16.1,((IF(($G20=38768),20.2,((IF(($G20=38774),26.2,((IF(($G20=38771),23.2,0)))))))))))))))))) -> 0 | BC20: =(IF((SUM(AV20:BB20)<>0),(SUM(AV20:BB20)),$G20)) -> 11
A21: =FREQUENCIAS!R$1 -> TPOX | B21: ND | C21: ND | D21: 8 | E21: 11 | F21: 8 | G21: 11 | H21: =((IF(($B21=38785),9.3,((IF(($B21=38761),13.2,((IF(($B21="31.2"),31.2,((IF(($B21=38787),11.3,((IF(($B21=38759),11.2,((IF(($B21=38763),15.2,((IF(($B21=38765),17.2,((IF(($B21=38772),24.2,0)))))))))))))))))))))))) -> 0 | I21: =((IF(($B21=38800),24.3,((IF(($B21=38773),25.2,((IF(($B21=38046),29.2,((IF(($B21=38075),29.3,((IF(($B21="32.2"),32.2,((IF(($B21="33.2"),33.2,((IF(($B21="34.2"),34.2,((IF(($B21="35.2"),35.2,0)))))))))))))))))))))))) -> 0 | J21: =((IF(($B21=38767),19.2,((IF(($B21="21.2"),21.2,((IF(($B21="22.2"),22.2,((IF(($B21="22.3"),22.3,((IF(($B21="26.2"),26.2,((IF(($B21="42.2"),42.2,((IF(($B21="44.2"),44.2,((IF(($B21="46.2"),46.2,0)))))))))))))))))))))))) -> 0 | K21: =((IF(($B21="47.2"),47.2,((IF(($B21="50.2"),50.2,((IF(($B21="8.3"),8.3,((IF(($B21="23.2"),23.2,((IF(($B21="43.2"),43.2,((IF(($B21="45.2"),45.2,((IF(($B21="48.2"),48.2,((IF(($B21="51.2"),51.2,0)))))))))))))))))))))))) -> 0 | L21: =((IF(($B21="13.3"),13.3,((IF(($B21=38758),10.2,((IF(($B21=38762),14.2,((IF(($B21=38760),12.2,((IF(($B21=38764),16.2,((IF(($B21=38766),18.2,((IF(($B21=38776),28.2,((IF(($B21="30.2"),30.2,0)))))))))))))))))))))))) -> 0 | M21: =((IF(($B21="34.1"),34.1,((IF(($B21="35.1"),35.1,((IF(($B21=38733),16.1,((IF(($B21=38768),20.2,((IF(($B21=38774),26.2,((IF(($B21=38771),23.2,((IF(($B21="29.2"),29.2,0))))))))))))))))))))) -> 0 | O21: =(IF((SUM(H21:N21)<>0),(SUM(H21:N21)),$B21)) -> ND | P21: =((IF(($C21=38785),9.3,((IF(($C21=38761),13.2,((IF(($C21="31.2"),31.2,((IF(($C21=38787),11.3,((IF(($C21=38759),11.2,((IF(($C21=38763),15.2,((IF(($C21=38765),17.2,((IF(($C21=38772),24.2,0)))))))))))))))))))))))) -> 0 | Q21: =((IF(($C21=38800),24.3,((IF(($C21=38773),25.2,((IF(($C21=38046),29.2,((IF(($C21=38075),29.3,((IF(($C21="32.2"),32.2,((IF(($C21="33.2"),33.2,((IF(($C21="34.2"),34.2,((IF(($C21="35.2"),35.2,0)))))))))))))))))))))))) -> 0 | R21: =((IF(($C21=38767),19.2,((IF(($C21="21.2"),21.2,((IF(($C21="22.2"),22.2,((IF(($C21="22.3"),22.3,((IF(($C21="26.2"),26.2,((IF(($C21="42.2"),42.2,((IF(($C21="44.2"),44.2,((IF(($C21="46.2"),46.2,0)))))))))))))))))))))))) -> 0 | S21: =((IF(($C21="47.2"),47.2,((IF(($C21="50.2"),50.2,((IF(($C21="8.3"),8.3,((IF(($C21="23.2"),23.2,((IF(($C21="43.2"),43.2,((IF(($C21="45.2"),45.2,((IF(($C21="48.2"),48.2,((IF(($C21="51.2"),51.2,0)))))))))))))))))))))))) -> 0 | T21: =((IF(($C21="13.3"),13.3,((IF(($C21=38758),10.2,((IF(($C21=38762),14.2,((IF(($C21=38760),12.2,((IF(($C21=38764),16.2,((IF(($C21=38766),18.2,((IF(($C21=38776),28.2,((IF(($C21="30.2"),30.2,0)))))))))))))))))))))))) -> 0 | U21: =((IF(($C21="34.1"),34.1,((IF(($C21="35.1"),35.1,((IF(($C21=38733),16.1,((IF(($C21=38768),20.2,((IF(($C21=38774),26.2,((IF(($C21=38771),23.2,((IF(($C21="29.2"),29.2,0))))))))))))))))))))) -> 0 | W21: =(IF((SUM(P21:V21)<>0),(SUM(P21:V21)),$C21)) -> ND | X21: =((IF(($D21=38785),9.3,((IF(($D21=38761),13.2,((IF(($D21="31.2"),31.2,((IF(($D21=38787),11.3,((IF(($D21=38759),11.2,((IF(($D21=38763),15.2,((IF(($D21=38765),17.2,((IF(($D21=38772),24.2,0)))))))))))))))))))))))) -> 0 | Y21: =((IF(($D21=38800),24.3,((IF(($D21=38773),25.2,((IF(($D21=38046),29.2,((IF(($D21=38075),29.3,((IF(($D21="32.2"),32.2,((IF(($D21="33.2"),33.2,((IF(($D21="34.2"),34.2,((IF(($D21="35.2"),35.2,0)))))))))))))))))))))))) -> 0 | Z21: =((IF(($D21=38767),19.2,((IF(($D21="21.2"),21.2,((IF(($D21="22.2"),22.2,((IF(($D21="22.3"),22.3,((IF(($D21="26.2"),26.2,((IF(($D21="42.2"),42.2,((IF(($D21="44.2"),44.2,((IF(($D21="46.2"),46.2,0)))))))))))))))))))))))) -> 0 | AA21: =((IF(($D21="47.2"),47.2,((IF(($D21="50.2"),50.2,((IF(($D21="8.3"),8.3,((IF(($D21="23.2"),23.2,((IF(($D21="43.2"),43.2,((IF(($D21="45.2"),45.2,((IF(($D21="48.2"),48.2,((IF(($D21="51.2"),51.2,0)))))))))))))))))))))))) -> 0 | AB21: =((IF(($D21="13.3"),13.3,((IF(($D21=38758),10.2,((IF(($D21=38762),14.2,((IF(($D21=38760),12.2,((IF(($D21=38764),16.2,((IF(($D21=38766),18.2,((IF(($D21=38776),28.2,((IF(($D21="30.2"),30.2,0)))))))))))))))))))))))) -> 0 | AC21: =((IF(($D21="34.1"),34.1,((IF(($D21="35.1"),35.1,((IF(($D21=38733),16.1,((IF(($D21=38768),20.2,((IF(($D21=38774),26.2,((IF(($D21=38771),23.2,((IF(($D21="29.2"),29.2,0))))))))))))))))))))) -> 0 | AE21: =(IF((SUM(X21:AD21)<>0),(SUM(X21:AD21)),$D21)) -> 8 | AF21: =((IF(($E21=38785),9.3,((IF(($E21=38761),13.2,((IF(($E21="31.2"),31.2,((IF(($E21=38787),11.3,((IF(($E21=38759),11.2,((IF(($E21=38763),15.2,((IF(($E21=38765),17.2,((IF(($E21=38772),24.2,0)))))))))))))))))))))))) -> 0 | AG21: =((IF(($E21=38800),24.3,((IF(($E21=38773),25.2,((IF(($E21=38046),29.2,((IF(($E21=38075),29.3,((IF(($E21="32.2"),32.2,((IF(($E21="33.2"),33.2,((IF(($E21="34.2"),34.2,((IF(($E21="35.2"),35.2,0)))))))))))))))))))))))) -> 0 | AH21: =((IF(($E21=38767),19.2,((IF(($E21="21.2"),21.2,((IF(($E21="22.2"),22.2,((IF(($E21="22.3"),22.3,((IF(($E21="26.2"),26.2,((IF(($E21="42.2"),42.2,((IF(($E21="44.2"),44.2,((IF(($E21="46.2"),46.2,0)))))))))))))))))))))))) -> 0 | AI21: =((IF(($E21="47.2"),47.2,((IF(($E21="50.2"),50.2,((IF(($E21="8.3"),8.3,((IF(($E21="23.2"),23.2,((IF(($E21="43.2"),43.2,((IF(($E21="45.2"),45.2,((IF(($E21="48.2"),48.2,((IF(($E21="51.2"),51.2,0)))))))))))))))))))))))) -> 0 | AJ21: =((IF(($E21="13.3"),13.3,((IF(($E21=38758),10.2,((IF(($E21=38762),14.2,((IF(($E21=38760),12.2,((IF(($E21=38764),16.2,((IF(($E21=38766),18.2,((IF(($E21=38776),28.2,((IF(($E21="30.2"),30.2,0)))))))))))))))))))))))) -> 0 | AK21: =((IF(($E21="34.1"),34.1,((IF(($E21="35.1"),35.1,((IF(($E21=38733),16.1,((IF(($E21=38768),20.2,((IF(($E21=38774),26.2,((IF(($E21=38771),23.2,((IF(($E21="29.2"),29.2,0))))))))))))))))))))) -> 0 | AM21: =(IF((SUM(AF21:AL21)<>0),(SUM(AF21:AL21)),$E21)) -> 11 | AN21: =((IF(($F21=38785),9.3,((IF(($F21=38761),13.2,((IF(($F21="31.2"),31.2,((IF(($F21=38787),11.3,((IF(($F21=38759),11.2,((IF(($F21=38763),15.2,((IF(($F21=38765),17.2,((IF(($F21=38772),24.2,0)))))))))))))))))))))))) -> 0 | AO21: =((IF(($F21=38800),24.3,((IF(($F21=38773),25.2,((IF(($F21=38046),29.2,((IF(($F21=38075),29.3,((IF(($F21="32.2"),32.2,((IF(($F21="33.2"),33.2,((IF(($F21="34.2"),34.2,((IF(($F21="35.2"),35.2,0)))))))))))))))))))))))) -> 0 | AP21: =((IF(($F21=38767),19.2,((IF(($F21="21.2"),21.2,((IF(($F21="22.2"),22.2,((IF(($F21="22.3"),22.3,((IF(($F21="26.2"),26.2,((IF(($F21="42.2"),42.2,((IF(($F21="44.2"),44.2,((IF(($F21="46.2"),46.2,0)))))))))))))))))))))))) -> 0 | AQ21: =((IF(($F21="47.2"),47.2,((IF(($F21="50.2"),50.2,((IF(($F21="8.3"),8.3,((IF(($F21="23.2"),23.2,((IF(($F21="43.2"),43.2,((IF(($F21="45.2"),45.2,((IF(($F21="48.2"),48.2,((IF(($F21="51.2"),51.2,0)))))))))))))))))))))))) -> 0 | AR21: =((IF(($F21="13.3"),13.3,((IF(($F21=38758),10.2,((IF(($F21=38762),14.2,((IF(($F21=38760),12.2,((IF(($F21=38764),16.2,((IF(($F21=38766),18.2,((IF(($F21=38776),28.2,((IF(($F21="30.2"),30.2,0)))))))))))))))))))))))) -> 0 | AS21: =((IF(($F21="34.1"),34.1,((IF(($F21="35.1"),35.1,((IF(($F21=38733),16.1,((IF(($F21=38768),20.2,((IF(($F21=38774),26.2,((IF(($F21=38771),23.2,((IF(($F21="29.2"),29.2,0))))))))))))))))))))) -> 0 | AU21: =(IF((SUM(AN21:AT21)<>0),(SUM(AN21:AT21)),$F21)) -> 8 | AV21: =((IF(($G21=38785),9.3,((IF(($G21=38761),13.2,((IF(($G21="31.2"),31.2,((IF(($G21=38787),11.3,((IF(($G21=38759),11.2,((IF(($G21=38763),15.2,((IF(($G21=38765),17.2,((IF(($G21=38772),24.2,0)))))))))))))))))))))))) -> 0 | AW21: =((IF(($G21=38800),24.3,((IF(($G21=38773),25.2,((IF(($G21=38046),29.2,((IF(($G21=38075),29.3,((IF(($G21="32.2"),32.2,((IF(($G21="33.2"),33.2,((IF(($G21="34.2"),34.2,((IF(($G21="35.2"),35.2,0)))))))))))))))))))))))) -> 0 | AX21: =((IF(($G21=38767),19.2,((IF(($G21="21.2"),21.2,((IF(($G21="22.2"),22.2,((IF(($G21="22.3"),22.3,((IF(($G21="26.2"),26.2,((IF(($G21="42.2"),42.2,((IF(($G21="44.2"),44.2,((IF(($G21="46.2"),46.2,0)))))))))))))))))))))))) -> 0 | AY21: =((IF(($G21="47.2"),47.2,((IF(($G21="50.2"),50.2,((IF(($G21="8.3"),8.3,((IF(($G21="23.2"),23.2,((IF(($G21="43.2"),43.2,((IF(($G21="45.2"),45.2,((IF(($G21="48.2"),48.2,((IF(($G21="51.2"),51.2,0)))))))))))))))))))))))) -> 0 | AZ21: =((IF(($G21="13.3"),13.3,((IF(($G21=38758),10.2,((IF(($G21=38762),14.2,((IF(($G21=38760),12.2,((IF(($G21=38764),16.2,((IF(($G21=38766),18.2,((IF(($G21=38776),28.2,((IF(($G21="30.2"),30.2,0)))))))))))))))))))))))) -> 0 | BA21: =((IF(($G21="34.1"),34.1,((IF(($G21="35.1"),35.1,((IF(($G21=38733),16.1,((IF(($G21=38768),20.2,((IF(($G21=38774),26.2,((IF(($G21=38771),23.2,((IF(($G21="29.2"),29.2,0))))))))))))))))))))) -> 0 | BC21: =(IF((SUM(AV21:BB21)<>0),(SUM(AV21:BB21)),$G21)) -> 11
A22: =FREQUENCIAS!S$1 -> D8S1179 | B22: ND | C22: ND | D22: 15 | E22: 15 | F22: 14 | G22: 15 | H22: =((IF(($B22=38785),9.3,((IF(($B22=38761),13.2,((IF(($B22="31.2"),31.2,((IF(($B22=38787),11.3,((IF(($B22=38759),11.2,((IF(($B22=38763),15.2,((IF(($B22=38765),17.2,((IF(($B22=38772),24.2,0)))))))))))))))))))))))) -> 0 | I22: =((IF(($B22=38800),24.3,((IF(($B22=38773),25.2,((IF(($B22=38046),29.2,((IF(($B22=38075),29.3,((IF(($B22="32.2"),32.2,((IF(($B22="33.2"),33.2,((IF(($B22="34.2"),34.2,((IF(($B22="35.2"),35.2,0)))))))))))))))))))))))) -> 0 | J22: =((IF(($B22=38767),19.2,((IF(($B22="21.2"),21.2,((IF(($B22="22.2"),22.2,((IF(($B22="22.3"),22.3,((IF(($B22="26.2"),26.2,((IF(($B22="42.2"),42.2,((IF(($B22="44.2"),44.2,((IF(($B22="46.2"),46.2,0)))))))))))))))))))))))) -> 0 | K22: =((IF(($B22="47.2"),47.2,((IF(($B22="50.2"),50.2,((IF(($B22="8.3"),8.3,((IF(($B22="23.2"),23.2,((IF(($B22="43.2"),43.2,((IF(($B22="45.2"),45.2,((IF(($B22="48.2"),48.2,((IF(($B22="51.2"),51.2,0)))))))))))))))))))))))) -> 0 | L22: =((IF(($B22="13.3"),13.3,((IF(($B22=38758),10.2,((IF(($B22=38762),14.2,((IF(($B22=38760),12.2,((IF(($B22=38764),16.2,((IF(($B22=38766),18.2,((IF(($B22=38776),28.2,((IF(($B22="30.2"),30.2,0)))))))))))))))))))))))) -> 0 | M22: =((IF(($B22="34.1"),34.1,((IF(($B22="35.1"),35.1,((IF(($B22=38733),16.1,((IF(($B22=38768),20.2,((IF(($B22=38774),26.2,0))))))))))))))) -> 0 | O22: =(IF((SUM(H22:N22)<>0),(SUM(H22:N22)),$B22)) -> ND | P22: =((IF(($C22=38785),9.3,((IF(($C22=38761),13.2,((IF(($C22="31.2"),31.2,((IF(($C22=38787),11.3,((IF(($C22=38759),11.2,((IF(($C22=38763),15.2,((IF(($C22=38765),17.2,((IF(($C22=38772),24.2,0)))))))))))))))))))))))) -> 0 | Q22: =((IF(($C22=38800),24.3,((IF(($C22=38773),25.2,((IF(($C22=38046),29.2,((IF(($C22=38075),29.3,((IF(($C22="32.2"),32.2,((IF(($C22="33.2"),33.2,((IF(($C22="34.2"),34.2,((IF(($C22="35.2"),35.2,0)))))))))))))))))))))))) -> 0 | R22: =((IF(($C22=38767),19.2,((IF(($C22="21.2"),21.2,((IF(($C22="22.2"),22.2,((IF(($C22="22.3"),22.3,((IF(($C22="26.2"),26.2,((IF(($C22="42.2"),42.2,((IF(($C22="44.2"),44.2,((IF(($C22="46.2"),46.2,0)))))))))))))))))))))))) -> 0 | S22: =((IF(($C22="47.2"),47.2,((IF(($C22="50.2"),50.2,((IF(($C22="8.3"),8.3,((IF(($C22="23.2"),23.2,((IF(($C22="43.2"),43.2,((IF(($C22="45.2"),45.2,((IF(($C22="48.2"),48.2,((IF(($C22="51.2"),51.2,0)))))))))))))))))))))))) -> 0 | T22: =((IF(($C22="13.3"),13.3,((IF(($C22=38758),10.2,((IF(($C22=38762),14.2,((IF(($C22=38760),12.2,((IF(($C22=38764),16.2,((IF(($C22=38766),18.2,((IF(($C22=38776),28.2,((IF(($C22="30.2"),30.2,0)))))))))))))))))))))))) -> 0 | U22: =((IF(($C22="34.1"),34.1,((IF(($C22="35.1"),35.1,((IF(($C22=38733),16.1,((IF(($C22=38768),20.2,((IF(($C22=38774),26.2,((IF(($C22=38771),23.2,0)))))))))))))))))) -> 0 | W22: =(IF((SUM(P22:V22)<>0),(SUM(P22:V22)),$C22)) -> ND | X22: =((IF(($D22=38785),9.3,((IF(($D22=38761),13.2,((IF(($D22="31.2"),31.2,((IF(($D22=38787),11.3,((IF(($D22=38759),11.2,((IF(($D22=38763),15.2,((IF(($D22=38765),17.2,((IF(($D22=38772),24.2,0)))))))))))))))))))))))) -> 0 | Y22: =((IF(($D22=38800),24.3,((IF(($D22=38773),25.2,((IF(($D22=38046),29.2,((IF(($D22=38075),29.3,((IF(($D22="32.2"),32.2,((IF(($D22="33.2"),33.2,((IF(($D22="34.2"),34.2,((IF(($D22="35.2"),35.2,0)))))))))))))))))))))))) -> 0 | Z22: =((IF(($D22=38767),19.2,((IF(($D22="21.2"),21.2,((IF(($D22="22.2"),22.2,((IF(($D22="22.3"),22.3,((IF(($D22="26.2"),26.2,((IF(($D22="42.2"),42.2,((IF(($D22="44.2"),44.2,((IF(($D22="46.2"),46.2,0)))))))))))))))))))))))) -> 0 | AA22: =((IF(($D22="47.2"),47.2,((IF(($D22="50.2"),50.2,((IF(($D22="8.3"),8.3,((IF(($D22="23.2"),23.2,((IF(($D22="43.2"),43.2,((IF(($D22="45.2"),45.2,((IF(($D22="48.2"),48.2,((IF(($D22="51.2"),51.2,0)))))))))))))))))))))))) -> 0 | AB22: =((IF(($D22="13.3"),13.3,((IF(($D22=38758),10.2,((IF(($D22=38762),14.2,((IF(($D22=38760),12.2,((IF(($D22=38764),16.2,((IF(($D22=38766),18.2,((IF(($D22=38776),28.2,((IF(($D22="30.2"),30.2,0)))))))))))))))))))))))) -> 0 | AC22: =((IF(($D22="34.1"),34.1,((IF(($D22="35.1"),35.1,((IF(($D22=38733),16.1,((IF(($D22=38768),20.2,((IF(($D22=38774),26.2,0))))))))))))))) -> 0 | AE22: =(IF((SUM(X22:AD22)<>0),(SUM(X22:AD22)),$D22)) -> 15 | AF22: =((IF(($E22=38785),9.3,((IF(($E22=38761),13.2,((IF(($E22="31.2"),31.2,((IF(($E22=38787),11.3,((IF(($E22=38759),11.2,((IF(($E22=38763),15.2,((IF(($E22=38765),17.2,((IF(($E22=38772),24.2,0)))))))))))))))))))))))) -> 0 | AG22: =((IF(($E22=38800),24.3,((IF(($E22=38773),25.2,((IF(($E22=38046),29.2,((IF(($E22=38075),29.3,((IF(($E22="32.2"),32.2,((IF(($E22="33.2"),33.2,((IF(($E22="34.2"),34.2,((IF(($E22="35.2"),35.2,0)))))))))))))))))))))))) -> 0 | AH22: =((IF(($E22=38767),19.2,((IF(($E22="21.2"),21.2,((IF(($E22="22.2"),22.2,((IF(($E22="22.3"),22.3,((IF(($E22="26.2"),26.2,((IF(($E22="42.2"),42.2,((IF(($E22="44.2"),44.2,((IF(($E22="46.2"),46.2,0)))))))))))))))))))))))) -> 0 | AI22: =((IF(($E22="47.2"),47.2,((IF(($E22="50.2"),50.2,((IF(($E22="8.3"),8.3,((IF(($E22="23.2"),23.2,((IF(($E22="43.2"),43.2,((IF(($E22="45.2"),45.2,((IF(($E22="48.2"),48.2,((IF(($E22="51.2"),51.2,0)))))))))))))))))))))))) -> 0 | AJ22: =((IF(($E22="13.3"),13.3,((IF(($E22=38758),10.2,((IF(($E22=38762),14.2,((IF(($E22=38760),12.2,((IF(($E22=38764),16.2,((IF(($E22=38766),18.2,((IF(($E22=38776),28.2,((IF(($E22="30.2"),30.2,0)))))))))))))))))))))))) -> 0 | AK22: =((IF(($E22="34.1"),34.1,((IF(($E22="35.1"),35.1,((IF(($E22=38733),16.1,((IF(($E22=38768),20.2,((IF(($E22=38774),26.2,((IF(($E22=38771),23.2,0)))))))))))))))))) -> 0 | AM22: =(IF((SUM(AF22:AL22)<>0),(SUM(AF22:AL22)),$E22)) -> 15 | AN22: =((IF(($F22=38785),9.3,((IF(($F22=38761),13.2,((IF(($F22="31.2"),31.2,((IF(($F22=38787),11.3,((IF(($F22=38759),11.2,((IF(($F22=38763),15.2,((IF(($F22=38765),17.2,((IF(($F22=38772),24.2,0)))))))))))))))))))))))) -> 0 | AO22: =((IF(($F22=38800),24.3,((IF(($F22=38773),25.2,((IF(($F22=38046),29.2,((IF(($F22=38075),29.3,((IF(($F22="32.2"),32.2,((IF(($F22="33.2"),33.2,((IF(($F22="34.2"),34.2,((IF(($F22="35.2"),35.2,0)))))))))))))))))))))))) -> 0 | AP22: =((IF(($F22=38767),19.2,((IF(($F22="21.2"),21.2,((IF(($F22="22.2"),22.2,((IF(($F22="22.3"),22.3,((IF(($F22="26.2"),26.2,((IF(($F22="42.2"),42.2,((IF(($F22="44.2"),44.2,((IF(($F22="46.2"),46.2,0)))))))))))))))))))))))) -> 0 | AQ22: =((IF(($F22="47.2"),47.2,((IF(($F22="50.2"),50.2,((IF(($F22="8.3"),8.3,((IF(($F22="23.2"),23.2,((IF(($F22="43.2"),43.2,((IF(($F22="45.2"),45.2,((IF(($F22="48.2"),48.2,((IF(($F22="51.2"),51.2,0)))))))))))))))))))))))) -> 0 | AR22: =((IF(($F22="13.3"),13.3,((IF(($F22=38758),10.2,((IF(($F22=38762),14.2,((IF(($F22=38760),12.2,((IF(($F22=38764),16.2,((IF(($F22=38766),18.2,((IF(($F22=38776),28.2,((IF(($F22="30.2"),30.2,0)))))))))))))))))))))))) -> 0 | AS22: =((IF(($F22="34.1"),34.1,((IF(($F22="35.1"),35.1,((IF(($F22=38733),16.1,((IF(($F22=38768),20.2,((IF(($F22=38774),26.2,0))))))))))))))) -> 0 | AU22: =(IF((SUM(AN22:AT22)<>0),(SUM(AN22:AT22)),$F22)) -> 14 | AV22: =((IF(($G22=38785),9.3,((IF(($G22=38761),13.2,((IF(($G22="31.2"),31.2,((IF(($G22=38787),11.3,((IF(($G22=38759),11.2,((IF(($G22=38763),15.2,((IF(($G22=38765),17.2,((IF(($G22=38772),24.2,0)))))))))))))))))))))))) -> 0 | AW22: =((IF(($G22=38800),24.3,((IF(($G22=38773),25.2,((IF(($G22=38046),29.2,((IF(($G22=38075),29.3,((IF(($G22="32.2"),32.2,((IF(($G22="33.2"),33.2,((IF(($G22="34.2"),34.2,((IF(($G22="35.2"),35.2,0)))))))))))))))))))))))) -> 0 | AX22: =((IF(($G22=38767),19.2,((IF(($G22="21.2"),21.2,((IF(($G22="22.2"),22.2,((IF(($G22="22.3"),22.3,((IF(($G22="26.2"),26.2,((IF(($G22="42.2"),42.2,((IF(($G22="44.2"),44.2,((IF(($G22="46.2"),46.2,0)))))))))))))))))))))))) -> 0 | AY22: =((IF(($G22="47.2"),47.2,((IF(($G22="50.2"),50.2,((IF(($G22="8.3"),8.3,((IF(($G22="23.2"),23.2,((IF(($G22="43.2"),43.2,((IF(($G22="45.2"),45.2,((IF(($G22="48.2"),48.2,((IF(($G22="51.2"),51.2,0)))))))))))))))))))))))) -> 0 | AZ22: =((IF(($G22="13.3"),13.3,((IF(($G22=38758),10.2,((IF(($G22=38762),14.2,((IF(($G22=38760),12.2,((IF(($G22=38764),16.2,((IF(($G22=38766),18.2,((IF(($G22=38776),28.2,((IF(($G22="30.2"),30.2,0)))))))))))))))))))))))) -> 0 | BA22: =((IF(($G22="34.1"),34.1,((IF(($G22="35.1"),35.1,((IF(($G22=38733),16.1,((IF(($G22=38768),20.2,((IF(($G22=38774),26.2,((IF(($G22=38771),23.2,0)))))))))))))))))) -> 0 | BC22: =(IF((SUM(AV22:BB22)<>0),(SUM(AV22:BB22)),$G22)) -> 15
A23: =FREQUENCIAS!T$1 -> D12S391 | B23: ND | C23: ND | D23: 18 | E23: 20 | F23: 18 | G23: 18 | H23: =((IF(($B23=38785),9.3,((IF(($B23=38761),13.2,((IF(($B23="31.2"),31.2,((IF(($B23=38787),11.3,((IF(($B23=38759),11.2,((IF(($B23=38763),15.2,((IF(($B23=38765),17.2,((IF(($B23=38772),24.2,0)))))))))))))))))))))))) -> 0 | I23: =((IF(($B23=38800),24.3,((IF(($B23=38773),25.2,((IF(($B23=38046),29.2,((IF(($B23=38075),29.3,((IF(($B23="32.2"),32.2,((IF(($B23="33.2"),33.2,((IF(($B23="34.2"),34.2,((IF(($B23="35.2"),35.2,0)))))))))))))))))))))))) -> 0 | J23: =((IF(($B23=38767),19.2,((IF(($B23="21.2"),21.2,((IF(($B23="22.2"),22.2,((IF(($B23="22.3"),22.3,((IF(($B23="26.2"),26.2,((IF(($B23="42.2"),42.2,((IF(($B23="44.2"),44.2,((IF(($B23="46.2"),46.2,0)))))))))))))))))))))))) -> 0 | K23: =((IF(($B23="47.2"),47.2,((IF(($B23="50.2"),50.2,((IF(($B23="8.3"),8.3,((IF(($B23="23.2"),23.2,((IF(($B23="43.2"),43.2,((IF(($B23="45.2"),45.2,((IF(($B23="48.2"),48.2,((IF(($B23="51.2"),51.2,0)))))))))))))))))))))))) -> 0 | L23: =((IF(($B23="13.3"),13.3,((IF(($B23=38758),10.2,((IF(($B23=38762),14.2,((IF(($B23=38760),12.2,((IF(($B23=38764),16.2,((IF(($B23=38766),18.2,((IF(($B23=38776),28.2,((IF(($B23="30.2"),30.2,0)))))))))))))))))))))))) -> 0 | M23: =((IF(($B23="34.1"),34.1,((IF(($B23="35.1"),35.1,((IF(($B23=38733),16.1,((IF(($B23=38768),20.2,((IF(($B23=38774),26.2,0))))))))))))))) -> 0 | O23: =(IF((SUM(H23:N23)<>0),(SUM(H23:N23)),$B23)) -> ND | P23: =((IF(($C23=38785),9.3,((IF(($C23=38761),13.2,((IF(($C23="31.2"),31.2,((IF(($C23=38787),11.3,((IF(($C23=38759),11.2,((IF(($C23=38763),15.2,((IF(($C23=38765),17.2,((IF(($C23=38772),24.2,0)))))))))))))))))))))))) -> 0 | Q23: =((IF(($C23=38800),24.3,((IF(($C23=38773),25.2,((IF(($C23=38046),29.2,((IF(($C23=38075),29.3,((IF(($C23="32.2"),32.2,((IF(($C23="33.2"),33.2,((IF(($C23="34.2"),34.2,((IF(($C23="35.2"),35.2,0)))))))))))))))))))))))) -> 0 | R23: =((IF(($C23=38767),19.2,((IF(($C23="21.2"),21.2,((IF(($C23="22.2"),22.2,((IF(($C23="22.3"),22.3,((IF(($C23="26.2"),26.2,((IF(($C23="42.2"),42.2,((IF(($C23="44.2"),44.2,((IF(($C23="46.2"),46.2,0)))))))))))))))))))))))) -> 0 | S23: =((IF(($C23="47.2"),47.2,((IF(($C23="50.2"),50.2,((IF(($C23="8.3"),8.3,((IF(($C23="23.2"),23.2,((IF(($C23="43.2"),43.2,((IF(($C23="45.2"),45.2,((IF(($C23="48.2"),48.2,((IF(($C23="51.2"),51.2,0)))))))))))))))))))))))) -> 0 | T23: =((IF(($C23="13.3"),13.3,((IF(($C23=38758),10.2,((IF(($C23=38762),14.2,((IF(($C23=38760),12.2,((IF(($C23=38764),16.2,((IF(($C23=38766),18.2,((IF(($C23=38776),28.2,((IF(($C23="30.2"),30.2,0)))))))))))))))))))))))) -> 0 | U23: =((IF(($C23="34.1"),34.1,((IF(($C23="35.1"),35.1,((IF(($C23=38733),16.1,((IF(($C23=38768),20.2,((IF(($C23=38774),26.2,((IF(($C23=38771),23.2,0)))))))))))))))))) -> 0 | W23: =(IF((SUM(P23:V23)<>0),(SUM(P23:V23)),$C23)) -> ND | X23: =((IF(($D23=38785),9.3,((IF(($D23=38761),13.2,((IF(($D23="31.2"),31.2,((IF(($D23=38787),11.3,((IF(($D23=38759),11.2,((IF(($D23=38763),15.2,((IF(($D23=38765),17.2,((IF(($D23=38772),24.2,0)))))))))))))))))))))))) -> 0 | Y23: =((IF(($D23=38800),24.3,((IF(($D23=38773),25.2,((IF(($D23=38046),29.2,((IF(($D23=38075),29.3,((IF(($D23="32.2"),32.2,((IF(($D23="33.2"),33.2,((IF(($D23="34.2"),34.2,((IF(($D23="35.2"),35.2,0)))))))))))))))))))))))) -> 0 | Z23: =((IF(($D23=38767),19.2,((IF(($D23="21.2"),21.2,((IF(($D23="22.2"),22.2,((IF(($D23="22.3"),22.3,((IF(($D23="26.2"),26.2,((IF(($D23="42.2"),42.2,((IF(($D23="44.2"),44.2,((IF(($D23="46.2"),46.2,0)))))))))))))))))))))))) -> 0 | AA23: =((IF(($D23="47.2"),47.2,((IF(($D23="50.2"),50.2,((IF(($D23="8.3"),8.3,((IF(($D23="23.2"),23.2,((IF(($D23="43.2"),43.2,((IF(($D23="45.2"),45.2,((IF(($D23="48.2"),48.2,((IF(($D23="51.2"),51.2,0)))))))))))))))))))))))) -> 0 | AB23: =((IF(($D23="13.3"),13.3,((IF(($D23=38758),10.2,((IF(($D23=38762),14.2,((IF(($D23=38760),12.2,((IF(($D23=38764),16.2,((IF(($D23=38766),18.2,((IF(($D23=38776),28.2,((IF(($D23="30.2"),30.2,0)))))))))))))))))))))))) -> 0 | AC23: =((IF(($D23="34.1"),34.1,((IF(($D23="35.1"),35.1,((IF(($D23=38733),16.1,((IF(($D23=38768),20.2,((IF(($D23=38774),26.2,0))))))))))))))) -> 0 | AE23: =(IF((SUM(X23:AD23)<>0),(SUM(X23:AD23)),$D23)) -> 18 | AF23: =((IF(($E23=38785),9.3,((IF(($E23=38761),13.2,((IF(($E23="31.2"),31.2,((IF(($E23=38787),11.3,((IF(($E23=38759),11.2,((IF(($E23=38763),15.2,((IF(($E23=38765),17.2,((IF(($E23=38772),24.2,0)))))))))))))))))))))))) -> 0 | AG23: =((IF(($E23=38800),24.3,((IF(($E23=38773),25.2,((IF(($E23=38046),29.2,((IF(($E23=38075),29.3,((IF(($E23="32.2"),32.2,((IF(($E23="33.2"),33.2,((IF(($E23="34.2"),34.2,((IF(($E23="35.2"),35.2,0)))))))))))))))))))))))) -> 0 | AH23: =((IF(($E23=38767),19.2,((IF(($E23="21.2"),21.2,((IF(($E23="22.2"),22.2,((IF(($E23="22.3"),22.3,((IF(($E23="26.2"),26.2,((IF(($E23="42.2"),42.2,((IF(($E23="44.2"),44.2,((IF(($E23="46.2"),46.2,0)))))))))))))))))))))))) -> 0 | AI23: =((IF(($E23="47.2"),47.2,((IF(($E23="50.2"),50.2,((IF(($E23="8.3"),8.3,((IF(($E23="23.2"),23.2,((IF(($E23="43.2"),43.2,((IF(($E23="45.2"),45.2,((IF(($E23="48.2"),48.2,((IF(($E23="51.2"),51.2,0)))))))))))))))))))))))) -> 0 | AJ23: =((IF(($E23="13.3"),13.3,((IF(($E23=38758),10.2,((IF(($E23=38762),14.2,((IF(($E23=38760),12.2,((IF(($E23=38764),16.2,((IF(($E23=38766),18.2,((IF(($E23=38776),28.2,((IF(($E23="30.2"),30.2,0)))))))))))))))))))))))) -> 0 | AK23: =((IF(($E23="34.1"),34.1,((IF(($E23="35.1"),35.1,((IF(($E23=38733),16.1,((IF(($E23=38768),20.2,((IF(($E23=38774),26.2,((IF(($E23=38771),23.2,0)))))))))))))))))) -> 0 | AM23: =(IF((SUM(AF23:AL23)<>0),(SUM(AF23:AL23)),$E23)) -> 20 | AN23: =((IF(($F23=38785),9.3,((IF(($F23=38761),13.2,((IF(($F23="31.2"),31.2,((IF(($F23=38787),11.3,((IF(($F23=38759),11.2,((IF(($F23=38763),15.2,((IF(($F23=38765),17.2,((IF(($F23=38772),24.2,0)))))))))))))))))))))))) -> 0 | AO23: =((IF(($F23=38800),24.3,((IF(($F23=38773),25.2,((IF(($F23=38046),29.2,((IF(($F23=38075),29.3,((IF(($F23="32.2"),32.2,((IF(($F23="33.2"),33.2,((IF(($F23="34.2"),34.2,((IF(($F23="35.2"),35.2,0)))))))))))))))))))))))) -> 0 | AP23: =((IF(($F23=38767),19.2,((IF(($F23="21.2"),21.2,((IF(($F23="22.2"),22.2,((IF(($F23="22.3"),22.3,((IF(($F23="26.2"),26.2,((IF(($F23="42.2"),42.2,((IF(($F23="44.2"),44.2,((IF(($F23="46.2"),46.2,0)))))))))))))))))))))))) -> 0 | AQ23: =((IF(($F23="47.2"),47.2,((IF(($F23="50.2"),50.2,((IF(($F23="8.3"),8.3,((IF(($F23="23.2"),23.2,((IF(($F23="43.2"),43.2,((IF(($F23="45.2"),45.2,((IF(($F23="48.2"),48.2,((IF(($F23="51.2"),51.2,0)))))))))))))))))))))))) -> 0 | AR23: =((IF(($F23="13.3"),13.3,((IF(($F23=38758),10.2,((IF(($F23=38762),14.2,((IF(($F23=38760),12.2,((IF(($F23=38764),16.2,((IF(($F23=38766),18.2,((IF(($F23=38776),28.2,((IF(($F23="30.2"),30.2,0)))))))))))))))))))))))) -> 0 | AS23: =((IF(($F23="34.1"),34.1,((IF(($F23="35.1"),35.1,((IF(($F23=38733),16.1,((IF(($F23=38768),20.2,((IF(($F23=38774),26.2,0))))))))))))))) -> 0 | AU23: =(IF((SUM(AN23:AT23)<>0),(SUM(AN23:AT23)),$F23)) -> 18 | AV23: =((IF(($G23=38785),9.3,((IF(($G23=38761),13.2,((IF(($G23="31.2"),31.2,((IF(($G23=38787),11.3,((IF(($G23=38759),11.2,((IF(($G23=38763),15.2,((IF(($G23=38765),17.2,((IF(($G23=38772),24.2,0)))))))))))))))))))))))) -> 0 | AW23: =((IF(($G23=38800),24.3,((IF(($G23=38773),25.2,((IF(($G23=38046),29.2,((IF(($G23=38075),29.3,((IF(($G23="32.2"),32.2,((IF(($G23="33.2"),33.2,((IF(($G23="34.2"),34.2,((IF(($G23="35.2"),35.2,0)))))))))))))))))))))))) -> 0 | AX23: =((IF(($G23=38767),19.2,((IF(($G23="21.2"),21.2,((IF(($G23="22.2"),22.2,((IF(($G23="22.3"),22.3,((IF(($G23="26.2"),26.2,((IF(($G23="42.2"),42.2,((IF(($G23="44.2"),44.2,((IF(($G23="46.2"),46.2,0)))))))))))))))))))))))) -> 0 | AY23: =((IF(($G23="47.2"),47.2,((IF(($G23="50.2"),50.2,((IF(($G23="8.3"),8.3,((IF(($G23="23.2"),23.2,((IF(($G23="43.2"),43.2,((IF(($G23="45.2"),45.2,((IF(($G23="48.2"),48.2,((IF(($G23="51.2"),51.2,0)))))))))))))))))))))))) -> 0 | AZ23: =((IF(($G23="13.3"),13.3,((IF(($G23=38758),10.2,((IF(($G23=38762),14.2,((IF(($G23=38760),12.2,((IF(($G23=38764),16.2,((IF(($G23=38766),18.2,((IF(($G23=38776),28.2,((IF(($G23="30.2"),30.2,0)))))))))))))))))))))))) -> 0 | BA23: =((IF(($G23="34.1"),34.1,((IF(($G23="35.1"),35.1,((IF(($G23=38733),16.1,((IF(($G23=38768),20.2,((IF(($G23=38774),26.2,((IF(($G23=38771),23.2,0)))))))))))))))))) -> 0 | BC23: =(IF((SUM(AV23:BB23)<>0),(SUM(AV23:BB23)),$G23)) -> 18
A24: =FREQUENCIAS!U$1 -> D19S433 | B24: ND | C24: ND | D24: 13 | E24: 14 | F24: 13 | G24: 14 | H24: =((IF(($B24=38785),9.3,((IF(($B24=38761),13.2,((IF(($B24="31.2"),31.2,((IF(($B24=38787),11.3,((IF(($B24=38759),11.2,((IF(($B24=38763),15.2,((IF(($B24=38765),17.2,((IF(($B24=38772),24.2,0)))))))))))))))))))))))) -> 0 | I24: =((IF(($B24=38800),24.3,((IF(($B24=38773),25.2,((IF(($B24=38046),29.2,((IF(($B24=38075),29.3,((IF(($B24="32.2"),32.2,((IF(($B24="33.2"),33.2,((IF(($B24="34.2"),34.2,((IF(($B24="35.2"),35.2,0)))))))))))))))))))))))) -> 0 | J24: =((IF(($B24=38767),19.2,((IF(($B24="21.2"),21.2,((IF(($B24="22.2"),22.2,((IF(($B24="22.3"),22.3,((IF(($B24="26.2"),26.2,((IF(($B24="42.2"),42.2,((IF(($B24="44.2"),44.2,((IF(($B24="46.2"),46.2,0)))))))))))))))))))))))) -> 0 | K24: =((IF(($B24="47.2"),47.2,((IF(($B24="50.2"),50.2,((IF(($B24="8.3"),8.3,((IF(($B24="23.2"),23.2,((IF(($B24="43.2"),43.2,((IF(($B24="45.2"),45.2,((IF(($B24="48.2"),48.2,((IF(($B24="51.2"),51.2,0)))))))))))))))))))))))) -> 0 | L24: =((IF(($B24="13.3"),13.3,((IF(($B24=38758),10.2,((IF(($B24=38762),14.2,((IF(($B24=38760),12.2,((IF(($B24=38764),16.2,((IF(($B24=38766),18.2,((IF(($B24=38776),28.2,((IF(($B24="30.2"),30.2,0)))))))))))))))))))))))) -> 0 | M24: =((IF(($B24="34.1"),34.1,((IF(($B24="35.1"),35.1,((IF(($B24=38733),16.1,((IF(($B24=38768),20.2,((IF(($B24=38774),26.2,0))))))))))))))) -> 0 | O24: =(IF((SUM(H24:N24)<>0),(SUM(H24:N24)),$B24)) -> ND | P24: =((IF(($C24=38785),9.3,((IF(($C24=38761),13.2,((IF(($C24="31.2"),31.2,((IF(($C24=38787),11.3,((IF(($C24=38759),11.2,((IF(($C24=38763),15.2,((IF(($C24=38765),17.2,((IF(($C24=38772),24.2,0)))))))))))))))))))))))) -> 0 | Q24: =((IF(($C24=38800),24.3,((IF(($C24=38773),25.2,((IF(($C24=38046),29.2,((IF(($C24=38075),29.3,((IF(($C24="32.2"),32.2,((IF(($C24="33.2"),33.2,((IF(($C24="34.2"),34.2,((IF(($C24="35.2"),35.2,0)))))))))))))))))))))))) -> 0 | R24: =((IF(($C24=38767),19.2,((IF(($C24="21.2"),21.2,((IF(($C24="22.2"),22.2,((IF(($C24="22.3"),22.3,((IF(($C24="26.2"),26.2,((IF(($C24="42.2"),42.2,((IF(($C24="44.2"),44.2,((IF(($C24="46.2"),46.2,0)))))))))))))))))))))))) -> 0 | S24: =((IF(($C24="47.2"),47.2,((IF(($C24="50.2"),50.2,((IF(($C24="8.3"),8.3,((IF(($C24="23.2"),23.2,((IF(($C24="43.2"),43.2,((IF(($C24="45.2"),45.2,((IF(($C24="48.2"),48.2,((IF(($C24="51.2"),51.2,0)))))))))))))))))))))))) -> 0 | T24: =((IF(($C24="13.3"),13.3,((IF(($C24=38758),10.2,((IF(($C24=38762),14.2,((IF(($C24=38760),12.2,((IF(($C24=38764),16.2,((IF(($C24=38766),18.2,((IF(($C24=38776),28.2,((IF(($C24="30.2"),30.2,0)))))))))))))))))))))))) -> 0 | U24: =((IF(($C24="34.1"),34.1,((IF(($C24="35.1"),35.1,((IF(($C24=38733),16.1,((IF(($C24=38768),20.2,((IF(($C24=38774),26.2,((IF(($C24=38771),23.2,0)))))))))))))))))) -> 0 | W24: =(IF((SUM(P24:V24)<>0),(SUM(P24:V24)),$C24)) -> ND | X24: =((IF(($D24=38785),9.3,((IF(($D24=38761),13.2,((IF(($D24="31.2"),31.2,((IF(($D24=38787),11.3,((IF(($D24=38759),11.2,((IF(($D24=38763),15.2,((IF(($D24=38765),17.2,((IF(($D24=38772),24.2,0)))))))))))))))))))))))) -> 0 | Y24: =((IF(($D24=38800),24.3,((IF(($D24=38773),25.2,((IF(($D24=38046),29.2,((IF(($D24=38075),29.3,((IF(($D24="32.2"),32.2,((IF(($D24="33.2"),33.2,((IF(($D24="34.2"),34.2,((IF(($D24="35.2"),35.2,0)))))))))))))))))))))))) -> 0 | Z24: =((IF(($D24=38767),19.2,((IF(($D24="21.2"),21.2,((IF(($D24="22.2"),22.2,((IF(($D24="22.3"),22.3,((IF(($D24="26.2"),26.2,((IF(($D24="42.2"),42.2,((IF(($D24="44.2"),44.2,((IF(($D24="46.2"),46.2,0)))))))))))))))))))))))) -> 0 | AA24: =((IF(($D24="47.2"),47.2,((IF(($D24="50.2"),50.2,((IF(($D24="8.3"),8.3,((IF(($D24="23.2"),23.2,((IF(($D24="43.2"),43.2,((IF(($D24="45.2"),45.2,((IF(($D24="48.2"),48.2,((IF(($D24="51.2"),51.2,0)))))))))))))))))))))))) -> 0 | AB24: =((IF(($D24="13.3"),13.3,((IF(($D24=38758),10.2,((IF(($D24=38762),14.2,((IF(($D24=38760),12.2,((IF(($D24=38764),16.2,((IF(($D24=38766),18.2,((IF(($D24=38776),28.2,((IF(($D24="30.2"),30.2,0)))))))))))))))))))))))) -> 0 | AC24: =((IF(($D24="34.1"),34.1,((IF(($D24="35.1"),35.1,((IF(($D24=38733),16.1,((IF(($D24=38768),20.2,((IF(($D24=38774),26.2,0))))))))))))))) -> 0 | AE24: =(IF((SUM(X24:AD24)<>0),(SUM(X24:AD24)),$D24)) -> 13 | AF24: =((IF(($E24=38785),9.3,((IF(($E24=38761),13.2,((IF(($E24="31.2"),31.2,((IF(($E24=38787),11.3,((IF(($E24=38759),11.2,((IF(($E24=38763),15.2,((IF(($E24=38765),17.2,((IF(($E24=38772),24.2,0)))))))))))))))))))))))) -> 0 | AG24: =((IF(($E24=38800),24.3,((IF(($E24=38773),25.2,((IF(($E24=38046),29.2,((IF(($E24=38075),29.3,((IF(($E24="32.2"),32.2,((IF(($E24="33.2"),33.2,((IF(($E24="34.2"),34.2,((IF(($E24="35.2"),35.2,0)))))))))))))))))))))))) -> 0 | AH24: =((IF(($E24=38767),19.2,((IF(($E24="21.2"),21.2,((IF(($E24="22.2"),22.2,((IF(($E24="22.3"),22.3,((IF(($E24="26.2"),26.2,((IF(($E24="42.2"),42.2,((IF(($E24="44.2"),44.2,((IF(($E24="46.2"),46.2,0)))))))))))))))))))))))) -> 0 | AI24: =((IF(($E24="47.2"),47.2,((IF(($E24="50.2"),50.2,((IF(($E24="8.3"),8.3,((IF(($E24="23.2"),23.2,((IF(($E24="43.2"),43.2,((IF(($E24="45.2"),45.2,((IF(($E24="48.2"),48.2,((IF(($E24="51.2"),51.2,0)))))))))))))))))))))))) -> 0 | AJ24: =((IF(($E24="13.3"),13.3,((IF(($E24=38758),10.2,((IF(($E24=38762),14.2,((IF(($E24=38760),12.2,((IF(($E24=38764),16.2,((IF(($E24=38766),18.2,((IF(($E24=38776),28.2,((IF(($E24="30.2"),30.2,0)))))))))))))))))))))))) -> 0 | AK24: =((IF(($E24="34.1"),34.1,((IF(($E24="35.1"),35.1,((IF(($E24=38733),16.1,((IF(($E24=38768),20.2,((IF(($E24=38774),26.2,((IF(($E24=38771),23.2,0)))))))))))))))))) -> 0 | AM24: =(IF((SUM(AF24:AL24)<>0),(SUM(AF24:AL24)),$E24)) -> 14 | AN24: =((IF(($F24=38785),9.3,((IF(($F24=38761),13.2,((IF(($F24="31.2"),31.2,((IF(($F24=38787),11.3,((IF(($F24=38759),11.2,((IF(($F24=38763),15.2,((IF(($F24=38765),17.2,((IF(($F24=38772),24.2,0)))))))))))))))))))))))) -> 0 | AO24: =((IF(($F24=38800),24.3,((IF(($F24=38773),25.2,((IF(($F24=38046),29.2,((IF(($F24=38075),29.3,((IF(($F24="32.2"),32.2,((IF(($F24="33.2"),33.2,((IF(($F24="34.2"),34.2,((IF(($F24="35.2"),35.2,0)))))))))))))))))))))))) -> 0 | AP24: =((IF(($F24=38767),19.2,((IF(($F24="21.2"),21.2,((IF(($F24="22.2"),22.2,((IF(($F24="22.3"),22.3,((IF(($F24="26.2"),26.2,((IF(($F24="42.2"),42.2,((IF(($F24="44.2"),44.2,((IF(($F24="46.2"),46.2,0)))))))))))))))))))))))) -> 0 | AQ24: =((IF(($F24="47.2"),47.2,((IF(($F24="50.2"),50.2,((IF(($F24="8.3"),8.3,((IF(($F24="23.2"),23.2,((IF(($F24="43.2"),43.2,((IF(($F24="45.2"),45.2,((IF(($F24="48.2"),48.2,((IF(($F24="51.2"),51.2,0)))))))))))))))))))))))) -> 0 | AR24: =((IF(($F24="13.3"),13.3,((IF(($F24=38758),10.2,((IF(($F24=38762),14.2,((IF(($F24=38760),12.2,((IF(($F24=38764),16.2,((IF(($F24=38766),18.2,((IF(($F24=38776),28.2,((IF(($F24="30.2"),30.2,0)))))))))))))))))))))))) -> 0 | AS24: =((IF(($F24="34.1"),34.1,((IF(($F24="35.1"),35.1,((IF(($F24=38733),16.1,((IF(($F24=38768),20.2,((IF(($F24=38774),26.2,0))))))))))))))) -> 0 | AU24: =(IF((SUM(AN24:AT24)<>0),(SUM(AN24:AT24)),$F24)) -> 13 | AV24: =((IF(($G24=38785),9.3,((IF(($G24=38761),13.2,((IF(($G24="31.2"),31.2,((IF(($G24=38787),11.3,((IF(($G24=38759),11.2,((IF(($G24=38763),15.2,((IF(($G24=38765),17.2,((IF(($G24=38772),24.2,0)))))))))))))))))))))))) -> 0 | AW24: =((IF(($G24=38800),24.3,((IF(($G24=38773),25.2,((IF(($G24=38046),29.2,((IF(($G24=38075),29.3,((IF(($G24="32.2"),32.2,((IF(($G24="33.2"),33.2,((IF(($G24="34.2"),34.2,((IF(($G24="35.2"),35.2,0)))))))))))))))))))))))) -> 0 | AX24: =((IF(($G24=38767),19.2,((IF(($G24="21.2"),21.2,((IF(($G24="22.2"),22.2,((IF(($G24="22.3"),22.3,((IF(($G24="26.2"),26.2,((IF(($G24="42.2"),42.2,((IF(($G24="44.2"),44.2,((IF(($G24="46.2"),46.2,0)))))))))))))))))))))))) -> 0 | AY24: =((IF(($G24="47.2"),47.2,((IF(($G24="50.2"),50.2,((IF(($G24="8.3"),8.3,((IF(($G24="23.2"),23.2,((IF(($G24="43.2"),43.2,((IF(($G24="45.2"),45.2,((IF(($G24="48.2"),48.2,((IF(($G24="51.2"),51.2,0)))))))))))))))))))))))) -> 0 | AZ24: =((IF(($G24="13.3"),13.3,((IF(($G24=38758),10.2,((IF(($G24=38762),14.2,((IF(($G24=38760),12.2,((IF(($G24=38764),16.2,((IF(($G24=38766),18.2,((IF(($G24=38776),28.2,((IF(($G24="30.2"),30.2,0)))))))))))))))))))))))) -> 0 | BA24: =((IF(($G24="34.1"),34.1,((IF(($G24="35.1"),35.1,((IF(($G24=38733),16.1,((IF(($G24=38768),20.2,((IF(($G24=38774),26.2,((IF(($G24=38771),23.2,0)))))))))))))))))) -> 0 | BC24: =(IF((SUM(AV24:BB24)<>0),(SUM(AV24:BB24)),$G24)) -> 14
A25: =FREQUENCIAS!V$1 -> FGA | B25: ND | C25: ND | D25: 26 | E25: 27 | F25: 22 | G25: 26 | H25: =((IF(($B25=38785),9.3,((IF(($B25=38761),13.2,((IF(($B25="31.2"),31.2,((IF(($B25=38787),11.3,((IF(($B25=38759),11.2,((IF(($B25=38763),15.2,((IF(($B25=38765),17.2,((IF(($B25=38772),24.2,0)))))))))))))))))))))))) -> 0 | I25: =((IF(($B25=38800),24.3,((IF(($B25=38773),25.2,((IF(($B25=38046),29.2,((IF(($B25=38075),29.3,((IF(($B25="32.2"),32.2,((IF(($B25="33.2"),33.2,((IF(($B25="34.2"),34.2,((IF(($B25="35.2"),35.2,0)))))))))))))))))))))))) -> 0 | J25: =((IF(($B25=38767),19.2,((IF(($B25="21.2"),21.2,((IF(($B25="22.2"),22.2,((IF(($B25="22.3"),22.3,((IF(($B25="26.2"),26.2,((IF(($B25="42.2"),42.2,((IF(($B25="44.2"),44.2,((IF(($B25="46.2"),46.2,0)))))))))))))))))))))))) -> 0 | K25: =((IF(($B25="47.2"),47.2,((IF(($B25="50.2"),50.2,((IF(($B25="8.3"),8.3,((IF(($B25="23.2"),23.2,((IF(($B25="43.2"),43.2,((IF(($B25="45.2"),45.2,((IF(($B25="48.2"),48.2,((IF(($B25="51.2"),51.2,0)))))))))))))))))))))))) -> 0 | L25: =((IF(($B25="13.3"),13.3,((IF(($B25=38758),10.2,((IF(($B25=38762),14.2,((IF(($B25=38760),12.2,((IF(($B25=38764),16.2,((IF(($B25=38766),18.2,((IF(($B25=38776),28.2,((IF(($B25="30.2"),30.2,0)))))))))))))))))))))))) -> 0 | M25: =((IF(($B25="34.1"),34.1,((IF(($B25="35.1"),35.1,((IF(($B25=38733),16.1,((IF(($B25=38768),20.2,((IF(($B25=38774),26.2,((IF(($B25=38784),8.3,((IF(($B25=38789),13.3,0))))))))))))))))))))) -> 0 | O25: =(IF((SUM(H25:N25)<>0),(SUM(H25:N25)),$B25)) -> ND | P25: =((IF(($C25=38785),9.3,((IF(($C25=38761),13.2,((IF(($C25="31.2"),31.2,((IF(($C25=38787),11.3,((IF(($C25=38759),11.2,((IF(($C25=38763),15.2,((IF(($C25=38765),17.2,((IF(($C25=38772),24.2,0)))))))))))))))))))))))) -> 0 | Q25: =((IF(($C25=38800),24.3,((IF(($C25=38773),25.2,((IF(($C25=38046),29.2,((IF(($C25=38075),29.3,((IF(($C25="32.2"),32.2,((IF(($C25="33.2"),33.2,((IF(($C25="34.2"),34.2,((IF(($C25="35.2"),35.2,0)))))))))))))))))))))))) -> 0 | R25: =((IF(($C25=38767),19.2,((IF(($C25="21.2"),21.2,((IF(($C25="22.2"),22.2,((IF(($C25="22.3"),22.3,((IF(($C25="26.2"),26.2,((IF(($C25="42.2"),42.2,((IF(($C25="44.2"),44.2,((IF(($C25="46.2"),46.2,0)))))))))))))))))))))))) -> 0 | S25: =((IF(($C25="47.2"),47.2,((IF(($C25="50.2"),50.2,((IF(($C25="8.3"),8.3,((IF(($C25="23.2"),23.2,((IF(($C25="43.2"),43.2,((IF(($C25="45.2"),45.2,((IF(($C25="48.2"),48.2,((IF(($C25="51.2"),51.2,0)))))))))))))))))))))))) -> 0 | T25: =((IF(($C25="13.3"),13.3,((IF(($C25=38758),10.2,((IF(($C25=38762),14.2,((IF(($C25=38760),12.2,((IF(($C25=38764),16.2,((IF(($C25=38766),18.2,((IF(($C25=38776),28.2,((IF(($C25="30.2"),30.2,0)))))))))))))))))))))))) -> 0 | U25: =((IF(($C25="34.1"),34.1,((IF(($C25="35.1"),35.1,((IF(($C25=38733),16.1,((IF(($C25=38768),20.2,((IF(($C25=38774),26.2,((IF(($C25=38771),23.2,((IF(($C25=38784),8.3,((IF(($C25=38789),13.3,0)))))))))))))))))))))))) -> 0 | W25: =(IF((SUM(P25:V25)<>0),(SUM(P25:V25)),$C25)) -> ND | X25: =((IF(($D25=38785),9.3,((IF(($D25=38761),13.2,((IF(($D25="31.2"),31.2,((IF(($D25=38787),11.3,((IF(($D25=38759),11.2,((IF(($D25=38763),15.2,((IF(($D25=38765),17.2,((IF(($D25=38772),24.2,0)))))))))))))))))))))))) -> 0 | Y25: =((IF(($D25=38800),24.3,((IF(($D25=38773),25.2,((IF(($D25=38046),29.2,((IF(($D25=38075),29.3,((IF(($D25="32.2"),32.2,((IF(($D25="33.2"),33.2,((IF(($D25="34.2"),34.2,((IF(($D25="35.2"),35.2,0)))))))))))))))))))))))) -> 0 | Z25: =((IF(($D25=38767),19.2,((IF(($D25="21.2"),21.2,((IF(($D25="22.2"),22.2,((IF(($D25="22.3"),22.3,((IF(($D25="26.2"),26.2,((IF(($D25="42.2"),42.2,((IF(($D25="44.2"),44.2,((IF(($D25="46.2"),46.2,0)))))))))))))))))))))))) -> 0 | AA25: =((IF(($D25="47.2"),47.2,((IF(($D25="50.2"),50.2,((IF(($D25="8.3"),8.3,((IF(($D25="23.2"),23.2,((IF(($D25="43.2"),43.2,((IF(($D25="45.2"),45.2,((IF(($D25="48.2"),48.2,((IF(($D25="51.2"),51.2,0)))))))))))))))))))))))) -> 0 | AB25: =((IF(($D25="13.3"),13.3,((IF(($D25=38758),10.2,((IF(($D25=38762),14.2,((IF(($D25=38760),12.2,((IF(($D25=38764),16.2,((IF(($D25=38766),18.2,((IF(($D25=38776),28.2,((IF(($D25="30.2"),30.2,0)))))))))))))))))))))))) -> 0 | AC25: =((IF(($D25="34.1"),34.1,((IF(($D25="35.1"),35.1,((IF(($D25=38733),16.1,((IF(($D25=38768),20.2,((IF(($D25=38774),26.2,((IF(($D25=38784),8.3,((IF(($D25=38789),13.3,0))))))))))))))))))))) -> 0 | AE25: =(IF((SUM(X25:AD25)<>0),(SUM(X25:AD25)),$D25)) -> 26 | AF25: =((IF(($E25=38785),9.3,((IF(($E25=38761),13.2,((IF(($E25="31.2"),31.2,((IF(($E25=38787),11.3,((IF(($E25=38759),11.2,((IF(($E25=38763),15.2,((IF(($E25=38765),17.2,((IF(($E25=38772),24.2,0)))))))))))))))))))))))) -> 0 | AG25: =((IF(($E25=38800),24.3,((IF(($E25=38773),25.2,((IF(($E25=38046),29.2,((IF(($E25=38075),29.3,((IF(($E25="32.2"),32.2,((IF(($E25="33.2"),33.2,((IF(($E25="34.2"),34.2,((IF(($E25="35.2"),35.2,0)))))))))))))))))))))))) -> 0 | AH25: =((IF(($E25=38767),19.2,((IF(($E25="21.2"),21.2,((IF(($E25="22.2"),22.2,((IF(($E25="22.3"),22.3,((IF(($E25="26.2"),26.2,((IF(($E25="42.2"),42.2,((IF(($E25="44.2"),44.2,((IF(($E25="46.2"),46.2,0)))))))))))))))))))))))) -> 0 | AI25: =((IF(($E25="47.2"),47.2,((IF(($E25="50.2"),50.2,((IF(($E25="8.3"),8.3,((IF(($E25="23.2"),23.2,((IF(($E25="43.2"),43.2,((IF(($E25="45.2"),45.2,((IF(($E25="48.2"),48.2,((IF(($E25="51.2"),51.2,0)))))))))))))))))))))))) -> 0 | AJ25: =((IF(($E25="13.3"),13.3,((IF(($E25=38758),10.2,((IF(($E25=38762),14.2,((IF(($E25=38760),12.2,((IF(($E25=38764),16.2,((IF(($E25=38766),18.2,((IF(($E25=38776),28.2,((IF(($E25="30.2"),30.2,0)))))))))))))))))))))))) -> 0 | AK25: =((IF(($E25="34.1"),34.1,((IF(($E25="35.1"),35.1,((IF(($E25=38733),16.1,((IF(($E25=38768),20.2,((IF(($E25=38774),26.2,((IF(($E25=38771),23.2,((IF(($E25=38784),8.3,((IF(($E25=38789),13.3,0)))))))))))))))))))))))) -> 0 | AM25: =(IF((SUM(AF25:AL25)<>0),(SUM(AF25:AL25)),$E25)) -> 27 | AN25: =((IF(($F25=38785),9.3,((IF(($F25=38761),13.2,((IF(($F25="31.2"),31.2,((IF(($F25=38787),11.3,((IF(($F25=38759),11.2,((IF(($F25=38763),15.2,((IF(($F25=38765),17.2,((IF(($F25=38772),24.2,0)))))))))))))))))))))))) -> 0 | AO25: =((IF(($F25=38800),24.3,((IF(($F25=38773),25.2,((IF(($F25=38046),29.2,((IF(($F25=38075),29.3,((IF(($F25="32.2"),32.2,((IF(($F25="33.2"),33.2,((IF(($F25="34.2"),34.2,((IF(($F25="35.2"),35.2,0)))))))))))))))))))))))) -> 0 | AP25: =((IF(($F25=38767),19.2,((IF(($F25="21.2"),21.2,((IF(($F25="22.2"),22.2,((IF(($F25="22.3"),22.3,((IF(($F25="26.2"),26.2,((IF(($F25="42.2"),42.2,((IF(($F25="44.2"),44.2,((IF(($F25="46.2"),46.2,0)))))))))))))))))))))))) -> 0 | AQ25: =((IF(($F25="47.2"),47.2,((IF(($F25="50.2"),50.2,((IF(($F25="8.3"),8.3,((IF(($F25="23.2"),23.2,((IF(($F25="43.2"),43.2,((IF(($F25="45.2"),45.2,((IF(($F25="48.2"),48.2,((IF(($F25="51.2"),51.2,0)))))))))))))))))))))))) -> 0 | AR25: =((IF(($F25="13.3"),13.3,((IF(($F25=38758),10.2,((IF(($F25=38762),14.2,((IF(($F25=38760),12.2,((IF(($F25=38764),16.2,((IF(($F25=38766),18.2,((IF(($F25=38776),28.2,((IF(($F25="30.2"),30.2,0)))))))))))))))))))))))) -> 0 | AS25: =((IF(($F25="34.1"),34.1,((IF(($F25="35.1"),35.1,((IF(($F25=38733),16.1,((IF(($F25=38768),20.2,((IF(($F25=38774),26.2,((IF(($F25=38784),8.3,((IF(($F25=38789),13.3,0))))))))))))))))))))) -> 0 | AU25: =(IF((SUM(AN25:AT25)<>0),(SUM(AN25:AT25)),$F25)) -> 22 | AV25: =((IF(($G25=38785),9.3,((IF(($G25=38761),13.2,((IF(($G25="31.2"),31.2,((IF(($G25=38787),11.3,((IF(($G25=38759),11.2,((IF(($G25=38763),15.2,((IF(($G25=38765),17.2,((IF(($G25=38772),24.2,0)))))))))))))))))))))))) -> 0 | AW25: =((IF(($G25=38800),24.3,((IF(($G25=38773),25.2,((IF(($G25=38046),29.2,((IF(($G25=38075),29.3,((IF(($G25="32.2"),32.2,((IF(($G25="33.2"),33.2,((IF(($G25="34.2"),34.2,((IF(($G25="35.2"),35.2,0)))))))))))))))))))))))) -> 0 | AX25: =((IF(($G25=38767),19.2,((IF(($G25="21.2"),21.2,((IF(($G25="22.2"),22.2,((IF(($G25="22.3"),22.3,((IF(($G25="26.2"),26.2,((IF(($G25="42.2"),42.2,((IF(($G25="44.2"),44.2,((IF(($G25="46.2"),46.2,0)))))))))))))))))))))))) -> 0 | AY25: =((IF(($G25="47.2"),47.2,((IF(($G25="50.2"),50.2,((IF(($G25="8.3"),8.3,((IF(($G25="23.2"),23.2,((IF(($G25="43.2"),43.2,((IF(($G25="45.2"),45.2,((IF(($G25="48.2"),48.2,((IF(($G25="51.2"),51.2,0)))))))))))))))))))))))) -> 0 | AZ25: =((IF(($G25="13.3"),13.3,((IF(($G25=38758),10.2,((IF(($G25=38762),14.2,((IF(($G25=38760),12.2,((IF(($G25=38764),16.2,((IF(($G25=38766),18.2,((IF(($G25=38776),28.2,((IF(($G25="30.2"),30.2,0)))))))))))))))))))))))) -> 0 | BA25: =((IF(($G25="34.1"),34.1,((IF(($G25="35.1"),35.1,((IF(($G25=38733),16.1,((IF(($G25=38768),20.2,((IF(($G25=38774),26.2,((IF(($G25=38771),23.2,((IF(($G25=38784),8.3,((IF(($G25=38789),13.3,0)))))))))))))))))))))))) -> 0 | BC25: =(IF((SUM(AV25:BB25)<>0),(SUM(AV25:BB25)),$G25)) -> 26
A26: =FREQUENCIAS!W$1 -> D22S1045 | B26: ND | C26: ND | D26: 16 | E26: 16 | F26: 15 | G26: 16 | H26: =((IF(($B26=38785),9.3,((IF(($B26=38761),13.2,((IF(($B26="31.2"),31.2,((IF(($B26=38787),11.3,((IF(($B26=38759),11.2,((IF(($B26=38763),15.2,((IF(($B26=38765),17.2,((IF(($B26=38772),24.2,0)))))))))))))))))))))))) -> 0 | I26: =((IF(($B26=38800),24.3,((IF(($B26=38773),25.2,((IF(($B26=38046),29.2,((IF(($B26=38075),29.3,((IF(($B26="32.2"),32.2,((IF(($B26="33.2"),33.2,((IF(($B26="34.2"),34.2,((IF(($B26="35.2"),35.2,0)))))))))))))))))))))))) -> 0 | J26: =((IF(($B26=38767),19.2,((IF(($B26="21.2"),21.2,((IF(($B26="22.2"),22.2,((IF(($B26="22.3"),22.3,((IF(($B26="26.2"),26.2,((IF(($B26="42.2"),42.2,((IF(($B26="44.2"),44.2,((IF(($B26="46.2"),46.2,0)))))))))))))))))))))))) -> 0 | K26: =((IF(($B26="47.2"),47.2,((IF(($B26="50.2"),50.2,((IF(($B26="8.3"),8.3,((IF(($B26="23.2"),23.2,((IF(($B26="43.2"),43.2,((IF(($B26="45.2"),45.2,((IF(($B26="48.2"),48.2,((IF(($B26="51.2"),51.2,0)))))))))))))))))))))))) -> 0 | L26: =((IF(($B26="13.3"),13.3,((IF(($B26=38758),10.2,((IF(($B26=38762),14.2,((IF(($B26=38760),12.2,((IF(($B26=38764),16.2,((IF(($B26=38766),18.2,((IF(($B26=38776),28.2,((IF(($B26="30.2"),30.2,0)))))))))))))))))))))))) -> 0 | M26: =((IF(($B26="34.1"),34.1,((IF(($B26="35.1"),35.1,((IF(($B26=38733),16.1,((IF(($B26=38768),20.2,((IF(($B26=38774),26.2,0))))))))))))))) -> 0 | O26: =(IF((SUM(H26:N26)<>0),(SUM(H26:N26)),$B26)) -> ND | P26: =((IF(($C26=38785),9.3,((IF(($C26=38761),13.2,((IF(($C26="31.2"),31.2,((IF(($C26=38787),11.3,((IF(($C26=38759),11.2,((IF(($C26=38763),15.2,((IF(($C26=38765),17.2,((IF(($C26=38772),24.2,0)))))))))))))))))))))))) -> 0 | Q26: =((IF(($C26=38800),24.3,((IF(($C26=38773),25.2,((IF(($C26=38046),29.2,((IF(($C26=38075),29.3,((IF(($C26="32.2"),32.2,((IF(($C26="33.2"),33.2,((IF(($C26="34.2"),34.2,((IF(($C26="35.2"),35.2,0)))))))))))))))))))))))) -> 0 | R26: =((IF(($C26=38767),19.2,((IF(($C26="21.2"),21.2,((IF(($C26="22.2"),22.2,((IF(($C26="22.3"),22.3,((IF(($C26="26.2"),26.2,((IF(($C26="42.2"),42.2,((IF(($C26="44.2"),44.2,((IF(($C26="46.2"),46.2,0)))))))))))))))))))))))) -> 0 | S26: =((IF(($C26="47.2"),47.2,((IF(($C26="50.2"),50.2,((IF(($C26="8.3"),8.3,((IF(($C26="23.2"),23.2,((IF(($C26="43.2"),43.2,((IF(($C26="45.2"),45.2,((IF(($C26="48.2"),48.2,((IF(($C26="51.2"),51.2,0)))))))))))))))))))))))) -> 0 | T26: =((IF(($C26="13.3"),13.3,((IF(($C26=38758),10.2,((IF(($C26=38762),14.2,((IF(($C26=38760),12.2,((IF(($C26=38764),16.2,((IF(($C26=38766),18.2,((IF(($C26=38776),28.2,((IF(($C26="30.2"),30.2,0)))))))))))))))))))))))) -> 0 | U26: =((IF(($C26="34.1"),34.1,((IF(($C26="35.1"),35.1,((IF(($C26=38733),16.1,((IF(($C26=38768),20.2,((IF(($C26=38774),26.2,((IF(($C26=38771),23.2,0)))))))))))))))))) -> 0 | W26: =(IF((SUM(P26:V26)<>0),(SUM(P26:V26)),$C26)) -> ND | X26: =((IF(($D26=38785),9.3,((IF(($D26=38761),13.2,((IF(($D26="31.2"),31.2,((IF(($D26=38787),11.3,((IF(($D26=38759),11.2,((IF(($D26=38763),15.2,((IF(($D26=38765),17.2,((IF(($D26=38772),24.2,0)))))))))))))))))))))))) -> 0 | Y26: =((IF(($D26=38800),24.3,((IF(($D26=38773),25.2,((IF(($D26=38046),29.2,((IF(($D26=38075),29.3,((IF(($D26="32.2"),32.2,((IF(($D26="33.2"),33.2,((IF(($D26="34.2"),34.2,((IF(($D26="35.2"),35.2,0)))))))))))))))))))))))) -> 0 | Z26: =((IF(($D26=38767),19.2,((IF(($D26="21.2"),21.2,((IF(($D26="22.2"),22.2,((IF(($D26="22.3"),22.3,((IF(($D26="26.2"),26.2,((IF(($D26="42.2"),42.2,((IF(($D26="44.2"),44.2,((IF(($D26="46.2"),46.2,0)))))))))))))))))))))))) -> 0 | AA26: =((IF(($D26="47.2"),47.2,((IF(($D26="50.2"),50.2,((IF(($D26="8.3"),8.3,((IF(($D26="23.2"),23.2,((IF(($D26="43.2"),43.2,((IF(($D26="45.2"),45.2,((IF(($D26="48.2"),48.2,((IF(($D26="51.2"),51.2,0)))))))))))))))))))))))) -> 0 | AB26: =((IF(($D26="13.3"),13.3,((IF(($D26=38758),10.2,((IF(($D26=38762),14.2,((IF(($D26=38760),12.2,((IF(($D26=38764),16.2,((IF(($D26=38766),18.2,((IF(($D26=38776),28.2,((IF(($D26="30.2"),30.2,0)))))))))))))))))))))))) -> 0 | AC26: =((IF(($D26="34.1"),34.1,((IF(($D26="35.1"),35.1,((IF(($D26=38733),16.1,((IF(($D26=38768),20.2,((IF(($D26=38774),26.2,0))))))))))))))) -> 0 | AE26: =(IF((SUM(X26:AD26)<>0),(SUM(X26:AD26)),$D26)) -> 16 | AF26: =((IF(($E26=38785),9.3,((IF(($E26=38761),13.2,((IF(($E26="31.2"),31.2,((IF(($E26=38787),11.3,((IF(($E26=38759),11.2,((IF(($E26=38763),15.2,((IF(($E26=38765),17.2,((IF(($E26=38772),24.2,0)))))))))))))))))))))))) -> 0 | AG26: =((IF(($E26=38800),24.3,((IF(($E26=38773),25.2,((IF(($E26=38046),29.2,((IF(($E26=38075),29.3,((IF(($E26="32.2"),32.2,((IF(($E26="33.2"),33.2,((IF(($E26="34.2"),34.2,((IF(($E26="35.2"),35.2,0)))))))))))))))))))))))) -> 0 | AH26: =((IF(($E26=38767),19.2,((IF(($E26="21.2"),21.2,((IF(($E26="22.2"),22.2,((IF(($E26="22.3"),22.3,((IF(($E26="26.2"),26.2,((IF(($E26="42.2"),42.2,((IF(($E26="44.2"),44.2,((IF(($E26="46.2"),46.2,0)))))))))))))))))))))))) -> 0 | AI26: =((IF(($E26="47.2"),47.2,((IF(($E26="50.2"),50.2,((IF(($E26="8.3"),8.3,((IF(($E26="23.2"),23.2,((IF(($E26="43.2"),43.2,((IF(($E26="45.2"),45.2,((IF(($E26="48.2"),48.2,((IF(($E26="51.2"),51.2,0)))))))))))))))))))))))) -> 0 | AJ26: =((IF(($E26="13.3"),13.3,((IF(($E26=38758),10.2,((IF(($E26=38762),14.2,((IF(($E26=38760),12.2,((IF(($E26=38764),16.2,((IF(($E26=38766),18.2,((IF(($E26=38776),28.2,((IF(($E26="30.2"),30.2,0)))))))))))))))))))))))) -> 0 | AK26: =((IF(($E26="34.1"),34.1,((IF(($E26="35.1"),35.1,((IF(($E26=38733),16.1,((IF(($E26=38768),20.2,((IF(($E26=38774),26.2,((IF(($E26=38771),23.2,0)))))))))))))))))) -> 0 | AM26: =(IF((SUM(AF26:AL26)<>0),(SUM(AF26:AL26)),$E26)) -> 16 | AN26: =((IF(($F26=38785),9.3,((IF(($F26=38761),13.2,((IF(($F26="31.2"),31.2,((IF(($F26=38787),11.3,((IF(($F26=38759),11.2,((IF(($F26=38763),15.2,((IF(($F26=38765),17.2,((IF(($F26=38772),24.2,0)))))))))))))))))))))))) -> 0 | AO26: =((IF(($F26=38800),24.3,((IF(($F26=38773),25.2,((IF(($F26=38046),29.2,((IF(($F26=38075),29.3,((IF(($F26="32.2"),32.2,((IF(($F26="33.2"),33.2,((IF(($F26="34.2"),34.2,((IF(($F26="35.2"),35.2,0)))))))))))))))))))))))) -> 0 | AP26: =((IF(($F26=38767),19.2,((IF(($F26="21.2"),21.2,((IF(($F26="22.2"),22.2,((IF(($F26="22.3"),22.3,((IF(($F26="26.2"),26.2,((IF(($F26="42.2"),42.2,((IF(($F26="44.2"),44.2,((IF(($F26="46.2"),46.2,0)))))))))))))))))))))))) -> 0 | AQ26: =((IF(($F26="47.2"),47.2,((IF(($F26="50.2"),50.2,((IF(($F26="8.3"),8.3,((IF(($F26="23.2"),23.2,((IF(($F26="43.2"),43.2,((IF(($F26="45.2"),45.2,((IF(($F26="48.2"),48.2,((IF(($F26="51.2"),51.2,0)))))))))))))))))))))))) -> 0 | AR26: =((IF(($F26="13.3"),13.3,((IF(($F26=38758),10.2,((IF(($F26=38762),14.2,((IF(($F26=38760),12.2,((IF(($F26=38764),16.2,((IF(($F26=38766),18.2,((IF(($F26=38776),28.2,((IF(($F26="30.2"),30.2,0)))))))))))))))))))))))) -> 0 | AS26: =((IF(($F26="34.1"),34.1,((IF(($F26="35.1"),35.1,((IF(($F26=38733),16.1,((IF(($F26=38768),20.2,((IF(($F26=38774),26.2,0))))))))))))))) -> 0 | AU26: =(IF((SUM(AN26:AT26)<>0),(SUM(AN26:AT26)),$F26)) -> 15 | AV26: =((IF(($G26=38785),9.3,((IF(($G26=38761),13.2,((IF(($G26="31.2"),31.2,((IF(($G26=38787),11.3,((IF(($G26=38759),11.2,((IF(($G26=38763),15.2,((IF(($G26=38765),17.2,((IF(($G26=38772),24.2,0)))))))))))))))))))))))) -> 0 | AW26: =((IF(($G26=38800),24.3,((IF(($G26=38773),25.2,((IF(($G26=38046),29.2,((IF(($G26=38075),29.3,((IF(($G26="32.2"),32.2,((IF(($G26="33.2"),33.2,((IF(($G26="34.2"),34.2,((IF(($G26="35.2"),35.2,0)))))))))))))))))))))))) -> 0 | AX26: =((IF(($G26=38767),19.2,((IF(($G26="21.2"),21.2,((IF(($G26="22.2"),22.2,((IF(($G26="22.3"),22.3,((IF(($G26="26.2"),26.2,((IF(($G26="42.2"),42.2,((IF(($G26="44.2"),44.2,((IF(($G26="46.2"),46.2,0)))))))))))))))))))))))) -> 0 | AY26: =((IF(($G26="47.2"),47.2,((IF(($G26="50.2"),50.2,((IF(($G26="8.3"),8.3,((IF(($G26="23.2"),23.2,((IF(($G26="43.2"),43.2,((IF(($G26="45.2"),45.2,((IF(($G26="48.2"),48.2,((IF(($G26="51.2"),51.2,0)))))))))))))))))))))))) -> 0 | AZ26: =((IF(($G26="13.3"),13.3,((IF(($G26=38758),10.2,((IF(($G26=38762),14.2,((IF(($G26=38760),12.2,((IF(($G26=38764),16.2,((IF(($G26=38766),18.2,((IF(($G26=38776),28.2,((IF(($G26="30.2"),30.2,0)))))))))))))))))))))))) -> 0 | BA26: =((IF(($G26="34.1"),34.1,((IF(($G26="35.1"),35.1,((IF(($G26=38733),16.1,((IF(($G26=38768),20.2,((IF(($G26=38774),26.2,((IF(($G26=38771),23.2,0)))))))))))))))))) -> 0 | BC26: =(IF((SUM(AV26:BB26)<>0),(SUM(AV26:BB26)),$G26)) -> 16
A27: =FREQUENCIAS!X$1 -> SE33 | B27: ND | C27: ND | H27: =((IF(($B27=38785),9.3,((IF(($B27=38761),13.2,((IF(($B27="31.2"),31.2,((IF(($B27=38787),11.3,((IF(($B27=38759),11.2,((IF(($B27=38763),15.2,((IF(($B27=38765),17.2,((IF(($B27=38772),24.2,0)))))))))))))))))))))))) -> 0 | I27: =((IF(($B27=38800),24.3,((IF(($B27=38773),25.2,((IF(($B27=38046),29.2,((IF(($B27=38075),29.3,((IF(($B27="32.2"),32.2,((IF(($B27="33.2"),33.2,((IF(($B27="34.2"),34.2,((IF(($B27="35.2"),35.2,0)))))))))))))))))))))))) -> 0 | J27: =((IF(($B27=38767),19.2,((IF(($B27="21.2"),21.2,((IF(($B27="22.2"),22.2,((IF(($B27="22.3"),22.3,((IF(($B27="26.2"),26.2,((IF(($B27="42.2"),42.2,((IF(($B27="44.2"),44.2,((IF(($B27="46.2"),46.2,0)))))))))))))))))))))))) -> 0 | K27: =((IF(($B27="47.2"),47.2,((IF(($B27="50.2"),50.2,((IF(($B27="8.3"),8.3,((IF(($B27="23.2"),23.2,((IF(($B27="43.2"),43.2,((IF(($B27="45.2"),45.2,((IF(($B27="48.2"),48.2,((IF(($B27="51.2"),51.2,0)))))))))))))))))))))))) -> 0 | L27: =((IF(($B27="13.3"),13.3,((IF(($B27=38758),10.2,((IF(($B27=38762),14.2,((IF(($B27=38760),12.2,((IF(($B27=38764),16.2,((IF(($B27=38766),18.2,((IF(($B27=38776),28.2,((IF(($B27="30.2"),30.2,0)))))))))))))))))))))))) -> 0 | M27: =((IF(($B27="34.1"),34.1,((IF(($B27="35.1"),35.1,((IF(($B27=38733),16.1,((IF(($B27=38768),20.2,((IF(($B27=38774),26.2,0))))))))))))))) -> 0 | O27: =(IF((SUM(H27:N27)<>0),(SUM(H27:N27)),$B27)) -> ND | P27: =((IF(($C27=38785),9.3,((IF(($C27=38761),13.2,((IF(($C27="31.2"),31.2,((IF(($C27=38787),11.3,((IF(($C27=38759),11.2,((IF(($C27=38763),15.2,((IF(($C27=38765),17.2,((IF(($C27=38772),24.2,0)))))))))))))))))))))))) -> 0 | Q27: =((IF(($C27=38800),24.3,((IF(($C27=38773),25.2,((IF(($C27=38046),29.2,((IF(($C27=38075),29.3,((IF(($C27="32.2"),32.2,((IF(($C27="33.2"),33.2,((IF(($C27="34.2"),34.2,((IF(($C27="35.2"),35.2,0)))))))))))))))))))))))) -> 0 | R27: =((IF(($C27=38767),19.2,((IF(($C27="21.2"),21.2,((IF(($C27="22.2"),22.2,((IF(($C27="22.3"),22.3,((IF(($C27="26.2"),26.2,((IF(($C27="42.2"),42.2,((IF(($C27="44.2"),44.2,((IF(($C27="46.2"),46.2,0)))))))))))))))))))))))) -> 0 | S27: =((IF(($C27="47.2"),47.2,((IF(($C27="50.2"),50.2,((IF(($C27="8.3"),8.3,((IF(($C27="23.2"),23.2,((IF(($C27="43.2"),43.2,((IF(($C27="45.2"),45.2,((IF(($C27="48.2"),48.2,((IF(($C27="51.2"),51.2,0)))))))))))))))))))))))) -> 0 | T27: =((IF(($C27="13.3"),13.3,((IF(($C27=38758),10.2,((IF(($C27=38762),14.2,((IF(($C27=38760),12.2,((IF(($C27=38764),16.2,((IF(($C27=38766),18.2,((IF(($C27=38776),28.2,((IF(($C27="30.2"),30.2,0)))))))))))))))))))))))) -> 0 | U27: =((IF(($C27="34.1"),34.1,((IF(($C27="35.1"),35.1,((IF(($C27=38733),16.1,((IF(($C27=38768),20.2,((IF(($C27=38774),26.2,((IF(($C27=38771),23.2,0)))))))))))))))))) -> 0 | W27: =(IF((SUM(P27:V27)<>0),(SUM(P27:V27)),$C27)) -> ND | X27: =((IF(($D27=38785),9.3,((IF(($D27=38761),13.2,((IF(($D27="31.2"),31.2,((IF(($D27=38787),11.3,((IF(($D27=38759),11.2,((IF(($D27=38763),15.2,((IF(($D27=38765),17.2,((IF(($D27=38772),24.2,0)))))))))))))))))))))))) -> 0 | Y27: =((IF(($D27=38800),24.3,((IF(($D27=38773),25.2,((IF(($D27=38046),29.2,((IF(($D27=38075),29.3,((IF(($D27="32.2"),32.2,((IF(($D27="33.2"),33.2,((IF(($D27="34.2"),34.2,((IF(($D27="35.2"),35.2,0)))))))))))))))))))))))) -> 0 | Z27: =((IF(($D27=38767),19.2,((IF(($D27="21.2"),21.2,((IF(($D27="22.2"),22.2,((IF(($D27="22.3"),22.3,((IF(($D27="26.2"),26.2,((IF(($D27="42.2"),42.2,((IF(($D27="44.2"),44.2,((IF(($D27="46.2"),46.2,0)))))))))))))))))))))))) -> 0 | AA27: =((IF(($D27="47.2"),47.2,((IF(($D27="50.2"),50.2,((IF(($D27="8.3"),8.3,((IF(($D27="23.2"),23.2,((IF(($D27="43.2"),43.2,((IF(($D27="45.2"),45.2,((IF(($D27="48.2"),48.2,((IF(($D27="51.2"),51.2,0)))))))))))))))))))))))) -> 0 | AB27: =((IF(($D27="13.3"),13.3,((IF(($D27=38758),10.2,((IF(($D27=38762),14.2,((IF(($D27=38760),12.2,((IF(($D27=38764),16.2,((IF(($D27=38766),18.2,((IF(($D27=38776),28.2,((IF(($D27="30.2"),30.2,0)))))))))))))))))))))))) -> 0 | AC27: =((IF(($D27="34.1"),34.1,((IF(($D27="35.1"),35.1,((IF(($D27=38733),16.1,((IF(($D27=38768),20.2,((IF(($D27=38774),26.2,0))))))))))))))) -> 0 | AE27: =(IF((SUM(X27:AD27)<>0),(SUM(X27:AD27)),$D27)) -> 0 | AF27: =((IF(($E27=38785),9.3,((IF(($E27=38761),13.2,((IF(($E27="31.2"),31.2,((IF(($E27=38787),11.3,((IF(($E27=38759),11.2,((IF(($E27=38763),15.2,((IF(($E27=38765),17.2,((IF(($E27=38772),24.2,0)))))))))))))))))))))))) -> 0 | AG27: =((IF(($E27=38800),24.3,((IF(($E27=38773),25.2,((IF(($E27=38046),29.2,((IF(($E27=38075),29.3,((IF(($E27="32.2"),32.2,((IF(($E27="33.2"),33.2,((IF(($E27="34.2"),34.2,((IF(($E27="35.2"),35.2,0)))))))))))))))))))))))) -> 0 | AH27: =((IF(($E27=38767),19.2,((IF(($E27="21.2"),21.2,((IF(($E27="22.2"),22.2,((IF(($E27="22.3"),22.3,((IF(($E27="26.2"),26.2,((IF(($E27="42.2"),42.2,((IF(($E27="44.2"),44.2,((IF(($E27="46.2"),46.2,0)))))))))))))))))))))))) -> 0 | AI27: =((IF(($E27="47.2"),47.2,((IF(($E27="50.2"),50.2,((IF(($E27="8.3"),8.3,((IF(($E27="23.2"),23.2,((IF(($E27="43.2"),43.2,((IF(($E27="45.2"),45.2,((IF(($E27="48.2"),48.2,((IF(($E27="51.2"),51.2,0)))))))))))))))))))))))) -> 0 | AJ27: =((IF(($E27="13.3"),13.3,((IF(($E27=38758),10.2,((IF(($E27=38762),14.2,((IF(($E27=38760),12.2,((IF(($E27=38764),16.2,((IF(($E27=38766),18.2,((IF(($E27=38776),28.2,((IF(($E27="30.2"),30.2,0)))))))))))))))))))))))) -> 0 | AK27: =((IF(($E27="34.1"),34.1,((IF(($E27="35.1"),35.1,((IF(($E27=38733),16.1,((IF(($E27=38768),20.2,((IF(($E27=38774),26.2,((IF(($E27=38771),23.2,0)))))))))))))))))) -> 0 | AM27: =(IF((SUM(AF27:AL27)<>0),(SUM(AF27:AL27)),$E27)) -> 0 | AN27: =((IF(($F27=38785),9.3,((IF(($F27=38761),13.2,((IF(($F27="31.2"),31.2,((IF(($F27=38787),11.3,((IF(($F27=38759),11.2,((IF(($F27=38763),15.2,((IF(($F27=38765),17.2,((IF(($F27=38772),24.2,0)))))))))))))))))))))))) -> 0 | AO27: =((IF(($F27=38800),24.3,((IF(($F27=38773),25.2,((IF(($F27=38046),29.2,((IF(($F27=38075),29.3,((IF(($F27="32.2"),32.2,((IF(($F27="33.2"),33.2,((IF(($F27="34.2"),34.2,((IF(($F27="35.2"),35.2,0)))))))))))))))))))))))) -> 0 | AP27: =((IF(($F27=38767),19.2,((IF(($F27="21.2"),21.2,((IF(($F27="22.2"),22.2,((IF(($F27="22.3"),22.3,((IF(($F27="26.2"),26.2,((IF(($F27="42.2"),42.2,((IF(($F27="44.2"),44.2,((IF(($F27="46.2"),46.2,0)))))))))))))))))))))))) -> 0 | AQ27: =((IF(($F27="47.2"),47.2,((IF(($F27="50.2"),50.2,((IF(($F27="8.3"),8.3,((IF(($F27="23.2"),23.2,((IF(($F27="43.2"),43.2,((IF(($F27="45.2"),45.2,((IF(($F27="48.2"),48.2,((IF(($F27="51.2"),51.2,0)))))))))))))))))))))))) -> 0 | AR27: =((IF(($F27="13.3"),13.3,((IF(($F27=38758),10.2,((IF(($F27=38762),14.2,((IF(($F27=38760),12.2,((IF(($F27=38764),16.2,((IF(($F27=38766),18.2,((IF(($F27=38776),28.2,((IF(($F27="30.2"),30.2,0)))))))))))))))))))))))) -> 0 | AS27: =((IF(($F27="34.1"),34.1,((IF(($F27="35.1"),35.1,((IF(($F27=38733),16.1,((IF(($F27=38768),20.2,((IF(($F27=38774),26.2,0))))))))))))))) -> 0 | AU27: =(IF((SUM(AN27:AT27)<>0),(SUM(AN27:AT27)),$F27)) -> 0 | AV27: =((IF(($G27=38785),9.3,((IF(($G27=38761),13.2,((IF(($G27="31.2"),31.2,((IF(($G27=38787),11.3,((IF(($G27=38759),11.2,((IF(($G27=38763),15.2,((IF(($G27=38765),17.2,((IF(($G27=38772),24.2,0)))))))))))))))))))))))) -> 0 | AW27: =((IF(($G27=38800),24.3,((IF(($G27=38773),25.2,((IF(($G27=38046),29.2,((IF(($G27=38075),29.3,((IF(($G27="32.2"),32.2,((IF(($G27="33.2"),33.2,((IF(($G27="34.2"),34.2,((IF(($G27="35.2"),35.2,0)))))))))))))))))))))))) -> 0 | AX27: =((IF(($G27=38767),19.2,((IF(($G27="21.2"),21.2,((IF(($G27="22.2"),22.2,((IF(($G27="22.3"),22.3,((IF(($G27="26.2"),26.2,((IF(($G27="42.2"),42.2,((IF(($G27="44.2"),44.2,((IF(($G27="46.2"),46.2,0)))))))))))))))))))))))) -> 0 | AY27: =((IF(($G27="47.2"),47.2,((IF(($G27="50.2"),50.2,((IF(($G27="8.3"),8.3,((IF(($G27="23.2"),23.2,((IF(($G27="43.2"),43.2,((IF(($G27="45.2"),45.2,((IF(($G27="48.2"),48.2,((IF(($G27="51.2"),51.2,0)))))))))))))))))))))))) -> 0 | AZ27: =((IF(($G27="13.3"),13.3,((IF(($G27=38758),10.2,((IF(($G27=38762),14.2,((IF(($G27=38760),12.2,((IF(($G27=38764),16.2,((IF(($G27=38766),18.2,((IF(($G27=38776),28.2,((IF(($G27="30.2"),30.2,0)))))))))))))))))))))))) -> 0 | BA27: =((IF(($G27="34.1"),34.1,((IF(($G27="35.1"),35.1,((IF(($G27=38733),16.1,((IF(($G27=38768),20.2,((IF(($G27=38774),26.2,((IF(($G27=38771),23.2,0)))))))))))))))))) -> 0 | BC27: =(IF((SUM(AV27:BB27)<>0),(SUM(AV27:BB27)),$G27)) -> 0
