Workbook
Name Print_Area: 'DADOS FINAIS'!$A$1:$AN$54
Name Print_Area: 'SUPERVISÃO 3'!$1:$1048576
Name Print_Titles: FREQUENCIAS!$A:$A,FREQUENCIAS!$1:$1

Sheet SUPERVISÃO 4
A1: INST. DE PERÍCIAS CIENTÍFICAS - DIV. BIOLOGIA MOLECULAR | AH1: INCLUSÃO
AG2: Sistema automatizado de cálculo de Genética das Populações desenvolvido pelo Engº e Biólogo Helder Pereira de Figueiredo | AH2: VERIFICAR
A3: COD: | B3: ='DADOS FINAIS'!B3 -> 0 | AB3: PLANILHA NÃO DESTINADA | AH3: OK
A4: MÃE: | B4: ='DADOS FINAIS'!B4 -> 0 | AB4: A IMPRESSÃO - SIMPLES
A5: CRIANÇA: | B5: ='DADOS FINAIS'!B5 -> 0 | AB5: SUPERVISÃO DE SEGURANÇA
A6: SUP PAI: | B6: ='DADOS FINAIS'!B6 -> 0 | AD6: EXCLUI
A7: VERIFICAÇÃO - HIPÓTESE: REPETIÇÃO ALÉLICA | AB7: FREQ. MÍNIMA: | AC7: ='DADOS FINAIS'!$AI$7 -> 0.05 | AD7: NÃO DEF
A8: REGIÃO | B8: MÃE | D8: CRIANÇA | F8: SUP. PAI | H8: M CALC | J8: C CALC | L8: SP CALC | N8: AM1 | O8: AM2 | P8: AM3 | Q8: AL. MAT | R8: AL. PAT. | T8: COMP. | V8: Fr 1A | W8: Fr 2A | X8: Fr 1B | Y8: Fr 2B | Z8: Fr Sp | AA8: M x C | AB8: M x SP | AC8: C x SP | AD8: SIM | AG8: ANÁLISE
A9: D3S1358 | B9: ='DADOS FINAIS'!B9 -> 16 | C9: ='DADOS FINAIS'!C9 -> 18 | D9: ='DADOS FINAIS'!D9 -> 15 | E9: ='DADOS FINAIS'!E9 -> 18 | F9: ='DADOS FINAIS'!F9 -> 14 | G9: ='DADOS FINAIS'!G9 -> 15 | H9: =IF((B9>C9),C9,B9) -> 16 | I9: =IF((C9>B9),C9,B9) -> 18 | J9: =IF((D9>E9),E9,D9) -> 15 | K9: =IF((E9>D9),E9,D9) -> 18 | L9: =IF((F9>G9),G9,F9) -> 14 | M9: =IF((G9>F9),G9,F9) -> 15 | N9: =IF((J9=H9),J9,(IF((J9=I9),J9,0))) -> 0 | O9: =IF((K9=H9),K9,(IF((K9=I9),K9,0))) -> 18 | P9: =(IF(((N9+O9)=(J9+K9)),0,1)) -> 1 | Q9: =IF(OR((N9=O9),(O9=0)),N9,(IF(AND((N9=0),(O9<>0)),O9,$AD$7))) -> 18 | R9: =(IF((Q9<>$AD$7),(J9+K9-Q9),D9)) -> 15 | S9: =(IF((Q9<>$AD$7),0,K9)) -> 0 | T9: =(IF(OR((R9=L9),(R9=M9)),R9,0)) -> 15 | U9: =(IF(AND((P9=0),(OR((M9=N9),(M9=O9)))),S9,(IF((S9<>0),(IF(OR((S9=L9),(S9=M9)),S9,0)),0)))) -> 0 | V9: =IF(R9=0,0,VLOOKUP(R9,FREQUENCIAS!$1:$1048576,(IF(($A9=FREQUENCIAS!$B$1),2,"ERRO")),FREQUENCIAS!$1:$1048576)) -> 0.290991 | W9: =IF(S9=0,0,VLOOKUP(S9,FREQUENCIAS!$1:$1048576,(IF(($A9=FREQUENCIAS!$B$1),2,"ERRO")),FREQUENCIAS!$1:$1048576)) -> 0 | AA9: =((IF((AND(($H9=$J9),($I9=$K9))),2,( IF((OR(($H9=$J9),($I9=$K9),($H9=$K9),($I9=$J9))),1,0))))) -> 1 | AB9: =((IF((AND(($H9=$L9),($I9=$M9))),2,( IF((OR(($H9=$L9),($I9=$M9),($H9=$M9),($I9=$L9))),1,0))))) -> 0 | AC9: =((IF((AND(($J9=$L9),($K9=$M9))),2,( IF((OR(($J9=$L9),($K9=$M9),($J9=$M9),($K9=$L9))),1,0))))) -> 1 | AE9: =(1-AA9)^2 -> 0 | AG9: =IF((AND((AA9>=1),(AC9>=1))),"INCLUSÃO","VERIFICAR") -> INCLUSÃO
A10: D1S1656 | B10: ='DADOS FINAIS'!B10 -> 15 | C10: ='DADOS FINAIS'!C10 -> 16.3 | D10: ='DADOS FINAIS'!D10 -> 16.3 | E10: ='DADOS FINAIS'!E10 -> 19.3 | F10: ='DADOS FINAIS'!F10 -> 13 | G10: ='DADOS FINAIS'!G10 -> 19.3 | H10: =IF((B10>C10),C10,B10) -> 15 | I10: =IF((C10>B10),C10,B10) -> 16.3 | J10: =IF((D10>E10),E10,D10) -> 16.3 | K10: =IF((E10>D10),E10,D10) -> 19.3 | L10: =IF((F10>G10),G10,F10) -> 13 | M10: =IF((G10>F10),G10,F10) -> 19.3 | N10: =IF((J10=H10),J10,(IF((J10=I10),J10,0))) -> 16.3 | O10: =IF((K10=H10),K10,(IF((K10=I10),K10,0))) -> 0 | P10: =(IF(((N10+O10)=(J10+K10)),0,1)) -> 1 | Q10: =IF(OR((N10=O10),(O10=0)),N10,(IF(AND((N10=0),(O10<>0)),O10,$AD$7))) -> 16.3 | R10: =(IF((Q10<>$AD$7),(J10+K10-Q10),D10)) -> 19.3 | S10: =(IF((Q10<>$AD$7),0,K10)) -> 0 | T10: =(IF(OR((R10=L10),(R10=M10)),R10,0)) -> 19.3 | U10: =(IF(AND((P10=0),(OR((M10=N10),(M10=O10)))),S10,(IF((S10<>0),(IF(OR((S10=L10),(S10=M10)),S10,0)),0)))) -> 0 | V10: =IF(R10=0,0,VLOOKUP(R10,FREQUENCIAS!$1:$1048576,(IF(($A10=FREQUENCIAS!$C$1),3,"ERRO")),FREQUENCIAS!$1:$1048576)) -> 0.0036 | W10: =IF(S10=0,0,VLOOKUP(S10,FREQUENCIAS!$1:$1048576,(IF(($A10=FREQUENCIAS!$C$1),3,"ERRO")),FREQUENCIAS!$1:$1048576)) -> 0 | AA10: =((IF((AND(($H10=$J10),($I10=$K10))),2,( IF((OR(($H10=$J10),($I10=$K10),($H10=$K10),($I10=$J10))),1,0))))) -> 1 | AB10: =((IF((AND(($H10=$L10),($I10=$M10))),2,( IF((OR(($H10=$L10),($I10=$M10),($H10=$M10),($I10=$L10))),1,0))))) -> 0 | AC10: =((IF((AND(($J10=$L10),($K10=$M10))),2,( IF((OR(($J10=$L10),($K10=$M10),($J10=$M10),($K10=$L10))),1,0))))) -> 1 | AE10: =(1-AA10)^2 -> 0 | AG10: =IF((AND((AA10>=1),(AC10>=1))),"INCLUSÃO","VERIFICAR") -> INCLUSÃO
A11: D2S441 | B11: ='DADOS FINAIS'!B11 -> 10 | C11: ='DADOS FINAIS'!C11 -> 12 | D11: ='DADOS FINAIS'!D11 -> 10 | E11: ='DADOS FINAIS'!E11 -> 12 | F11: ='DADOS FINAIS'!F11 -> 10 | G11: ='DADOS FINAIS'!G11 -> 11 | H11: =IF((B11>C11),C11,B11) -> 10 | I11: =IF((C11>B11),C11,B11) -> 12 | J11: =IF((D11>E11),E11,D11) -> 10 | K11: =IF((E11>D11),E11,D11) -> 12 | L11: =IF((F11>G11),G11,F11) -> 10 | M11: =IF((G11>F11),G11,F11) -> 11 | N11: =IF((J11=H11),J11,(IF((J11=I11),J11,0))) -> 10 | O11: =IF((K11=H11),K11,(IF((K11=I11),K11,0))) -> 12 | P11: =(IF(((N11+O11)=(J11+K11)),0,1)) -> 0 | Q11: =IF(OR((N11=O11),(O11=0)),N11,(IF(AND((N11=0),(O11<>0)),O11,$AD$7))) -> NÃO DEF | R11: =(IF((Q11<>$AD$7),(J11+K11-Q11),D11)) -> 10 | S11: =(IF((Q11<>$AD$7),0,K11)) -> 12 | T11: =(IF(OR((R11=L11),(R11=M11)),R11,0)) -> 10 | U11: =(IF(AND((P11=0),(OR((M11=N11),(M11=O11)))),S11,(IF((S11<>0),(IF(OR((S11=L11),(S11=M11)),S11,0)),0)))) -> 0 | V11: =IF(R11=0,0,VLOOKUP(R11,FREQUENCIAS!$1:$1048576,(IF(($A11=FREQUENCIAS!$D$1),4,"ERRO")),FREQUENCIAS!$1:$1048576)) -> 0.2611 | W11: =IF(S11=0,0,VLOOKUP(S11,FREQUENCIAS!$1:$1048576,(IF(($A11=FREQUENCIAS!$D$1),4,"ERRO")),FREQUENCIAS!$1:$1048576)) -> 0.0731 | AA11: =((IF((AND(($H11=$J11),($I11=$K11))),2,( IF((OR(($H11=$J11),($I11=$K11),($H11=$K11),($I11=$J11))),1,0))))) -> 2 | AB11: =((IF((AND(($H11=$L11),($I11=$M11))),2,( IF((OR(($H11=$L11),($I11=$M11),($H11=$M11),($I11=$L11))),1,0))))) -> 1 | AC11: =((IF((AND(($J11=$L11),($K11=$M11))),2,( IF((OR(($J11=$L11),($K11=$M11),($J11=$M11),($K11=$L11))),1,0))))) -> 1 | AE11: =(1-AA11)^2 -> 1 | AG11: =IF((AND((AA11>=1),(AC11>=1))),"INCLUSÃO","VERIFICAR") -> INCLUSÃO
A12: D10S1248 | B12: ='DADOS FINAIS'!B12 -> <8 | C12: ='DADOS FINAIS'!C12 -> 13 | D12: ='DADOS FINAIS'!D12 -> <8 | E12: ='DADOS FINAIS'!E12 -> 14 | F12: ='DADOS FINAIS'!F12 -> 13 | G12: ='DADOS FINAIS'!G12 -> 14 | H12: =IF((B12>C12),C12,B12) -> 13 | I12: =IF((C12>B12),C12,B12) -> <8 | J12: =IF((D12>E12),E12,D12) -> 14 | K12: =IF((E12>D12),E12,D12) -> <8 | L12: =IF((F12>G12),G12,F12) -> 13 | M12: =IF((G12>F12),G12,F12) -> 14 | N12: =IF((J12=H12),J12,(IF((J12=I12),J12,0))) -> 0 | O12: =IF((K12=H12),K12,(IF((K12=I12),K12,0))) -> <8 | P12: =(IF(((N12+O12)=(J12+K12)),0,1)) -> #VALUE! | Q12: =IF(OR((N12=O12),(O12=0)),N12,(IF(AND((N12=0),(O12<>0)),O12,$AD$7))) -> <8 | R12: =(IF((Q12<>$AD$7),(J12+K12-Q12),D12)) -> #VALUE! | S12: =(IF((Q12<>$AD$7),0,K12)) -> 0 | T12: =(IF(OR((R12=L12),(R12=M12)),R12,0)) -> #VALUE! | U12: =(IF(AND((P12=0),(OR((M12=N12),(M12=O12)))),S12,(IF((S12<>0),(IF(OR((S12=L12),(S12=M12)),S12,0)),0)))) -> #VALUE! | V12: =IF(R12=0,0,VLOOKUP(R12,FREQUENCIAS!$1:$1048576,(IF(($A12=FREQUENCIAS!$E$1),5,"ERRO")),FREQUENCIAS!$1:$1048576)) -> #VALUE! | W12: =IF(S12=0,0,VLOOKUP(S12,FREQUENCIAS!$1:$1048576,(IF(($A12=FREQUENCIAS!$E$1),5,"ERRO")),FREQUENCIAS!$1:$1048576)) -> 0 | AA12: =((IF((AND(($H12=$J12),($I12=$K12))),2,( IF((OR(($H12=$J12),($I12=$K12),($H12=$K12),($I12=$J12))),1,0))))) -> 1 | AB12: =((IF((AND(($H12=$L12),($I12=$M12))),2,( IF((OR(($H12=$L12),($I12=$M12),($H12=$M12),($I12=$L12))),1,0))))) -> 1 | AC12: =((IF((AND(($J12=$L12),($K12=$M12))),2,( IF((OR(($J12=$L12),($K12=$M12),($J12=$M12),($K12=$L12))),1,0))))) -> 1 | AD12: NÃO | AE12: =(1-AA12)^2 -> 0 | AG12: =IF((AND((AA12>=1),(AC12>=1))),"INCLUSÃO","VERIFICAR") -> INCLUSÃO
A13: D13S317 | B13: ='DADOS FINAIS'!B13 -> 8 | C13: ='DADOS FINAIS'!C13 -> 10 | D13: ='DADOS FINAIS'!D13 -> 10 | E13: ='DADOS FINAIS'!E13 -> 12 | F13: ='DADOS FINAIS'!F13 -> 12 | G13: ='DADOS FINAIS'!G13 -> 12 | H13: =IF((B13>C13),C13,B13) -> 8 | I13: =IF((C13>B13),C13,B13) -> 10 | J13: =IF((D13>E13),E13,D13) -> 10 | K13: =IF((E13>D13),E13,D13) -> 12 | L13: =IF((F13>G13),G13,F13) -> 12 | M13: =IF((G13>F13),G13,F13) -> 12 | N13: =IF((J13=H13),J13,(IF((J13=I13),J13,0))) -> 10 | O13: =IF((K13=H13),K13,(IF((K13=I13),K13,0))) -> 0 | P13: =(IF(((N13+O13)=(J13+K13)),0,1)) -> 1 | Q13: =IF(OR((N13=O13),(O13=0)),N13,(IF(AND((N13=0),(O13<>0)),O13,$AD$7))) -> 10 | R13: =(IF((Q13<>$AD$7),(J13+K13-Q13),D13)) -> 12 | S13: =(IF((Q13<>$AD$7),0,K13)) -> 0 | T13: =(IF(OR((R13=L13),(R13=M13)),R13,0)) -> 12 | U13: =(IF(AND((P13=0),(OR((M13=N13),(M13=O13)))),S13,(IF((S13<>0),(IF(OR((S13=L13),(S13=M13)),S13,0)),0)))) -> 0 | V13: =IF(R13=0,0,VLOOKUP(R13,FREQUENCIAS!$1:$1048576,(IF(($A13=FREQUENCIAS!$F$1),6,"ERRO")),FREQUENCIAS!$1:$1048576)) -> 0.29338 | W13: =IF(S13=0,0,VLOOKUP(S13,FREQUENCIAS!$1:$1048576,(IF(($A13=FREQUENCIAS!$F$1),6,"ERRO")),FREQUENCIAS!$1:$1048576)) -> 0 | AA13: =((IF((AND(($H13=$J13),($I13=$K13))),2,( IF((OR(($H13=$J13),($I13=$K13),($H13=$K13),($I13=$J13))),1,0))))) -> 1 | AB13: =((IF((AND(($H13=$L13),($I13=$M13))),2,( IF((OR(($H13=$L13),($I13=$M13),($H13=$M13),($I13=$L13))),1,0))))) -> 0 | AC13: =((IF((AND(($J13=$L13),($K13=$M13))),2,( IF((OR(($J13=$L13),($K13=$M13),($J13=$M13),($K13=$L13))),1,0))))) -> 1 | AD13: TROCA POSSÍVEL | AE13: =(1-AA13)^2 -> 0 | AG13: =IF((AND((AA13>=1),(AC13>=1))),"INCLUSÃO","VERIFICAR") -> INCLUSÃO | AI13: 1 / F
A14: Penta E | B14: ='DADOS FINAIS'!B14 -> 11 | C14: ='DADOS FINAIS'!C14 -> 11 | D14: ='DADOS FINAIS'!D14 -> 7 | E14: ='DADOS FINAIS'!E14 -> 11 | F14: ='DADOS FINAIS'!F14 -> 7 | G14: ='DADOS FINAIS'!G14 -> 12 | H14: =IF((B14>C14),C14,B14) -> 11 | I14: =IF((C14>B14),C14,B14) -> 11 | J14: =IF((D14>E14),E14,D14) -> 7 | K14: =IF((E14>D14),E14,D14) -> 11 | L14: =IF((F14>G14),G14,F14) -> 7 | M14: =IF((G14>F14),G14,F14) -> 12 | N14: =IF((J14=H14),J14,(IF((J14=I14),J14,0))) -> 0 | O14: =IF((K14=H14),K14,(IF((K14=I14),K14,0))) -> 11 | P14: =(IF(((N14+O14)=(J14+K14)),0,1)) -> 1 | Q14: =IF(OR((N14=O14),(O14=0)),N14,(IF(AND((N14=0),(O14<>0)),O14,$AD$7))) -> 11 | R14: =(IF((Q14<>$AD$7),(J14+K14-Q14),D14)) -> 7 | S14: =(IF((Q14<>$AD$7),0,K14)) -> 0 | T14: =(IF(OR((R14=L14),(R14=M14)),R14,0)) -> 7 | U14: =(IF(AND((P14=0),(OR((M14=N14),(M14=O14)))),S14,(IF((S14<>0),(IF(OR((S14=L14),(S14=M14)),S14,0)),0)))) -> 0 | V14: =IF(R14=0,0,VLOOKUP(R14,FREQUENCIAS!$1:$1048576,(IF(($A14=FREQUENCIAS!$G$1),7,"ERRO")),FREQUENCIAS!$1:$1048576)) -> 0.109383 | W14: =IF(S14=0,0,VLOOKUP(S14,FREQUENCIAS!$1:$1048576,(IF(($A14=FREQUENCIAS!$G$1),7,"ERRO")),FREQUENCIAS!$1:$1048576)) -> 0 | AA14: =((IF((AND(($H14=$J14),($I14=$K14))),2,( IF((OR(($H14=$J14),($I14=$K14),($H14=$K14),($I14=$J14))),1,0))))) -> 1 | AB14: =((IF((AND(($H14=$L14),($I14=$M14))),2,( IF((OR(($H14=$L14),($I14=$M14),($H14=$M14),($I14=$L14))),1,0))))) -> 0 | AC14: =((IF((AND(($J14=$L14),($K14=$M14))),2,( IF((OR(($J14=$L14),($K14=$M14),($J14=$M14),($K14=$L14))),1,0))))) -> 1 | AE14: =(1-AA14)^2 -> 0 | AG14: =IF((AND((AA14>=1),(AC14>=1))),"INCLUSÃO","VERIFICAR") -> INCLUSÃO
A15: D16S539 | B15: ='DADOS FINAIS'!B15 -> 8 | C15: ='DADOS FINAIS'!C15 -> 12 | D15: ='DADOS FINAIS'!D15 -> 11 | E15: ='DADOS FINAIS'!E15 -> 12 | F15: ='DADOS FINAIS'!F15 -> 11 | G15: ='DADOS FINAIS'!G15 -> 12 | H15: =IF((B15>C15),C15,B15) -> 8 | I15: =IF((C15>B15),C15,B15) -> 12 | J15: =IF((D15>E15),E15,D15) -> 11 | K15: =IF((E15>D15),E15,D15) -> 12 | L15: =IF((F15>G15),G15,F15) -> 11 | M15: =IF((G15>F15),G15,F15) -> 12 | N15: =IF((J15=H15),J15,(IF((J15=I15),J15,0))) -> 0 | O15: =IF((K15=H15),K15,(IF((K15=I15),K15,0))) -> 12 | P15: =(IF(((N15+O15)=(J15+K15)),0,1)) -> 1 | Q15: =IF(OR((N15=O15),(O15=0)),N15,(IF(AND((N15=0),(O15<>0)),O15,$AD$7))) -> 12 | R15: =(IF((Q15<>$AD$7),(J15+K15-Q15),D15)) -> 11 | S15: =(IF((Q15<>$AD$7),0,K15)) -> 0 | T15: =(IF(OR((R15=L15),(R15=M15)),R15,0)) -> 11 | U15: =(IF(AND((P15=0),(OR((M15=N15),(M15=O15)))),S15,(IF((S15<>0),(IF(OR((S15=L15),(S15=M15)),S15,0)),0)))) -> 0 | V15: =IF(R15=0,0,VLOOKUP(R15,FREQUENCIAS!$1:$1048576,(IF(($A15=FREQUENCIAS!$H$1),8,"ERRO")),FREQUENCIAS!$1:$1048576)) -> 0.288681 | W15: =IF(S15=0,0,VLOOKUP(S15,FREQUENCIAS!$1:$1048576,(IF(($A15=FREQUENCIAS!$H$1),8,"ERRO")),FREQUENCIAS!$1:$1048576)) -> 0 | AA15: =((IF((AND(($H15=$J15),($I15=$K15))),2,( IF((OR(($H15=$J15),($I15=$K15),($H15=$K15),($I15=$J15))),1,0))))) -> 1 | AB15: =((IF((AND(($H15=$L15),($I15=$M15))),2,( IF((OR(($H15=$L15),($I15=$M15),($H15=$M15),($I15=$L15))),1,0))))) -> 1 | AC15: =((IF((AND(($J15=$L15),($K15=$M15))),2,( IF((OR(($J15=$L15),($K15=$M15),($J15=$M15),($K15=$L15))),1,0))))) -> 2 | AE15: =(1-AA15)^2 -> 0 | AG15: =IF((AND((AA15>=1),(AC15>=1))),"INCLUSÃO","VERIFICAR") -> INCLUSÃO
A16: D18S51 | B16: ='DADOS FINAIS'!B16 -> 15 | C16: ='DADOS FINAIS'!C16 -> 20 | D16: ='DADOS FINAIS'!D16 -> 15 | E16: ='DADOS FINAIS'!E16 -> 18 | F16: ='DADOS FINAIS'!F16 -> 14 | G16: ='DADOS FINAIS'!G16 -> 18 | H16: =IF((B16>C16),C16,B16) -> 15 | I16: =IF((C16>B16),C16,B16) -> 20 | J16: =IF((D16>E16),E16,D16) -> 15 | K16: =IF((E16>D16),E16,D16) -> 18 | L16: =IF((F16>G16),G16,F16) -> 14 | M16: =IF((G16>F16),G16,F16) -> 18 | N16: =IF((J16=H16),J16,(IF((J16=I16),J16,0))) -> 15 | O16: =IF((K16=H16),K16,(IF((K16=I16),K16,0))) -> 0 | P16: =(IF(((N16+O16)=(J16+K16)),0,1)) -> 1 | Q16: =IF(OR((N16=O16),(O16=0)),N16,(IF(AND((N16=0),(O16<>0)),O16,$AD$7))) -> 15 | R16: =(IF((Q16<>$AD$7),(J16+K16-Q16),D16)) -> 18 | S16: =(IF((Q16<>$AD$7),0,K16)) -> 0 | T16: =(IF(OR((R16=L16),(R16=M16)),R16,0)) -> 18 | U16: =(IF(AND((P16=0),(OR((M16=N16),(M16=O16)))),S16,(IF((S16<>0),(IF(OR((S16=L16),(S16=M16)),S16,0)),0)))) -> 0 | V16: =IF(R16=0,0,VLOOKUP(R16,FREQUENCIAS!$1:$1048576,(IF(($A16=FREQUENCIAS!$I$1),9,"ERRO")),FREQUENCIAS!$1:$1048576)) -> 0.07756 | W16: =IF(S16=0,0,VLOOKUP(S16,FREQUENCIAS!$1:$1048576,(IF(($A16=FREQUENCIAS!$I$1),9,"ERRO")),FREQUENCIAS!$1:$1048576)) -> 0 | AA16: =((IF((AND(($H16=$J16),($I16=$K16))),2,( IF((OR(($H16=$J16),($I16=$K16),($H16=$K16),($I16=$J16))),1,0))))) -> 1 | AB16: =((IF((AND(($H16=$L16),($I16=$M16))),2,( IF((OR(($H16=$L16),($I16=$M16),($H16=$M16),($I16=$L16))),1,0))))) -> 0 | AC16: =((IF((AND(($J16=$L16),($K16=$M16))),2,( IF((OR(($J16=$L16),($K16=$M16),($J16=$M16),($K16=$L16))),1,0))))) -> 1 | AE16: =(1-AA16)^2 -> 0 | AG16: =IF((AND((AA16>=1),(AC16>=1))),"INCLUSÃO","VERIFICAR") -> INCLUSÃO
A17: D2S1338 | B17: ='DADOS FINAIS'!B17 -> 20 | C17: ='DADOS FINAIS'!C17 -> 22 | D17: ='DADOS FINAIS'!D17 -> 17 | E17: ='DADOS FINAIS'!E17 -> 20 | F17: ='DADOS FINAIS'!F17 -> 17 | G17: ='DADOS FINAIS'!G17 -> 17 | H17: =IF((B17>C17),C17,B17) -> 20 | I17: =IF((C17>B17),C17,B17) -> 22 | J17: =IF((D17>E17),E17,D17) -> 17 | K17: =IF((E17>D17),E17,D17) -> 20 | L17: =IF((F17>G17),G17,F17) -> 17 | M17: =IF((G17>F17),G17,F17) -> 17 | N17: =IF((J17=H17),J17,(IF((J17=I17),J17,0))) -> 0 | O17: =IF((K17=H17),K17,(IF((K17=I17),K17,0))) -> 20 | P17: =(IF(((N17+O17)=(J17+K17)),0,1)) -> 1 | Q17: =IF(OR((N17=O17),(O17=0)),N17,(IF(AND((N17=0),(O17<>0)),O17,$AD$7))) -> 20 | R17: =(IF((Q17<>$AD$7),(J17+K17-Q17),D17)) -> 17 | S17: =(IF((Q17<>$AD$7),0,K17)) -> 0 | T17: =(IF(OR((R17=L17),(R17=M17)),R17,0)) -> 17 | U17: =(IF(AND((P17=0),(OR((M17=N17),(M17=O17)))),S17,(IF((S17<>0),(IF(OR((S17=L17),(S17=M17)),S17,0)),0)))) -> 0 | V17: =IF(R17=0,0,VLOOKUP(R17,FREQUENCIAS!$1:$1048576,(IF(($A17=FREQUENCIAS!$J$1),10,"ERRO")),FREQUENCIAS!$1:$1048576)) -> 0.2077 | W17: =IF(S17=0,0,VLOOKUP(S17,FREQUENCIAS!$1:$1048576,(IF(($A17=FREQUENCIAS!$J$1),10,"ERRO")),FREQUENCIAS!$1:$1048576)) -> 0 | AA17: =((IF((AND(($H17=$J17),($I17=$K17))),2,( IF((OR(($H17=$J17),($I17=$K17),($H17=$K17),($I17=$J17))),1,0))))) -> 1 | AB17: =((IF((AND(($H17=$L17),($I17=$M17))),2,( IF((OR(($H17=$L17),($I17=$M17),($H17=$M17),($I17=$L17))),1,0))))) -> 0 | AC17: =((IF((AND(($J17=$L17),($K17=$M17))),2,( IF((OR(($J17=$L17),($K17=$M17),($J17=$M17),($K17=$L17))),1,0))))) -> 1 | AD17: NIHIL | AE17: =(1-AA17)^2 -> 0 | AG17: =IF((AND((AA17>=1),(AC17>=1))),"INCLUSÃO","VERIFICAR") -> INCLUSÃO
A18: CSF1PO | B18: ='DADOS FINAIS'!B18 -> 10 | C18: ='DADOS FINAIS'!C18 -> 11 | D18: ='DADOS FINAIS'!D18 -> 10 | E18: ='DADOS FINAIS'!E18 -> 10 | F18: ='DADOS FINAIS'!F18 -> 10 | G18: ='DADOS FINAIS'!G18 -> 10 | H18: =IF((B18>C18),C18,B18) -> 10 | I18: =IF((C18>B18),C18,B18) -> 11 | J18: =IF((D18>E18),E18,D18) -> 10 | K18: =IF((E18>D18),E18,D18) -> 10 | L18: =IF((F18>G18),G18,F18) -> 10 | M18: =IF((G18>F18),G18,F18) -> 10 | N18: =IF((J18=H18),J18,(IF((J18=I18),J18,0))) -> 10 | O18: =IF((K18=H18),K18,(IF((K18=I18),K18,0))) -> 10 | P18: =(IF(((N18+O18)=(J18+K18)),0,1)) -> 0 | Q18: =IF(OR((N18=O18),(O18=0)),N18,(IF(AND((N18=0),(O18<>0)),O18,$AD$7))) -> 10 | R18: =(IF((Q18<>$AD$7),(J18+K18-Q18),D18)) -> 10 | S18: =(IF((Q18<>$AD$7),0,K18)) -> 0 | T18: =(IF(OR((R18=L18),(R18=M18)),R18,0)) -> 10 | U18: =(IF(AND((P18=0),(OR((M18=N18),(M18=O18)))),S18,(IF((S18<>0),(IF(OR((S18=L18),(S18=M18)),S18,0)),0)))) -> 0 | V18: =IF(R18=0,0,VLOOKUP(R18,FREQUENCIAS!$1:$1048576,(IF(($A18=FREQUENCIAS!$K$1),11,"ERRO")),FREQUENCIAS!$1:$1048576)) -> 0.262376 | W18: =IF(S18=0,0,VLOOKUP(S18,FREQUENCIAS!$1:$1048576,(IF(($A18=FREQUENCIAS!$K$1),11,"ERRO")),FREQUENCIAS!$1:$1048576)) -> 0 | AA18: =((IF((AND(($H18=$J18),($I18=$K18))),2,( IF((OR(($H18=$J18),($I18=$K18),($H18=$K18),($I18=$J18))),1,0))))) -> 1 | AB18: =((IF((AND(($H18=$L18),($I18=$M18))),2,( IF((OR(($H18=$L18),($I18=$M18),($H18=$M18),($I18=$L18))),1,0))))) -> 1 | AC18: =((IF((AND(($J18=$L18),($K18=$M18))),2,( IF((OR(($J18=$L18),($K18=$M18),($J18=$M18),($K18=$L18))),1,0))))) -> 2 | AE18: =(1-AA18)^2 -> 0 | AG18: =IF((AND((AA18>=1),(AC18>=1))),"INCLUSÃO","VERIFICAR") -> INCLUSÃO
A19: Penta D | B19: ='DADOS FINAIS'!B19 -> 8 | C19: ='DADOS FINAIS'!C19 -> 11 | D19: ='DADOS FINAIS'!D19 -> 11 | E19: ='DADOS FINAIS'!E19 -> 11 | F19: ='DADOS FINAIS'!F19 -> 11 | G19: ='DADOS FINAIS'!G19 -> 12 | H19: =IF((B19>C19),C19,B19) -> 8 | I19: =IF((C19>B19),C19,B19) -> 11 | J19: =IF((D19>E19),E19,D19) -> 11 | K19: =IF((E19>D19),E19,D19) -> 11 | L19: =IF((F19>G19),G19,F19) -> 11 | M19: =IF((G19>F19),G19,F19) -> 12 | N19: =IF((J19=H19),J19,(IF((J19=I19),J19,0))) -> 11 | O19: =IF((K19=H19),K19,(IF((K19=I19),K19,0))) -> 11 | P19: =(IF(((N19+O19)=(J19+K19)),0,1)) -> 0 | Q19: =IF(OR((N19=O19),(O19=0)),N19,(IF(AND((N19=0),(O19<>0)),O19,$AD$7))) -> 11 | R19: =(IF((Q19<>$AD$7),(J19+K19-Q19),D19)) -> 11 | S19: =(IF((Q19<>$AD$7),0,K19)) -> 0 | T19: =(IF(OR((R19=L19),(R19=M19)),R19,0)) -> 11 | U19: =(IF(AND((P19=0),(OR((M19=N19),(M19=O19)))),S19,(IF((S19<>0),(IF(OR((S19=L19),(S19=M19)),S19,0)),0)))) -> 0 | V19: =IF(R19=0,0,VLOOKUP(R19,FREQUENCIAS!$1:$1048576,(IF(($A19=FREQUENCIAS!$L$1),12,"ERRO")),FREQUENCIAS!$1:$1048576)) -> 0.156798 | W19: =IF(S19=0,0,VLOOKUP(S19,FREQUENCIAS!$1:$1048576,(IF(($A19=FREQUENCIAS!$L$1),12,"ERRO")),FREQUENCIAS!$1:$1048576)) -> 0 | AA19: =((IF((AND(($H19=$J19),($I19=$K19))),2,( IF((OR(($H19=$J19),($I19=$K19),($H19=$K19),($I19=$J19))),1,0))))) -> 1 | AB19: =((IF((AND(($H19=$L19),($I19=$M19))),2,( IF((OR(($H19=$L19),($I19=$M19),($H19=$M19),($I19=$L19))),1,0))))) -> 1 | AC19: =((IF((AND(($J19=$L19),($K19=$M19))),2,( IF((OR(($J19=$L19),($K19=$M19),($J19=$M19),($K19=$L19))),1,0))))) -> 1 | AD19: NÃO HOUVE TROCA | AE19: =(1-AA19)^2 -> 0 | AG19: =IF((AND((AA19>=1),(AC19>=1))),"INCLUSÃO","VERIFICAR") -> INCLUSÃO | AI19: 1 / 2F
A20: TH01 | B20: ='DADOS FINAIS'!B20 -> 6 | C20: ='DADOS FINAIS'!C20 -> 7 | D20: ='DADOS FINAIS'!D20 -> 6 | E20: ='DADOS FINAIS'!E20 -> 6 | F20: ='DADOS FINAIS'!F20 -> 6 | G20: ='DADOS FINAIS'!G20 -> 6 | H20: =IF((B20>C20),C20,B20) -> 6 | I20: =IF((C20>B20),C20,B20) -> 7 | J20: =IF((D20>E20),E20,D20) -> 6 | K20: =IF((E20>D20),E20,D20) -> 6 | L20: =IF((F20>G20),G20,F20) -> 6 | M20: =IF((G20>F20),G20,F20) -> 6 | N20: =IF((J20=H20),J20,(IF((J20=I20),J20,0))) -> 6 | O20: =IF((K20=H20),K20,(IF((K20=I20),K20,0))) -> 6 | P20: =(IF(((N20+O20)=(J20+K20)),0,1)) -> 0 | Q20: =IF(OR((N20=O20),(O20=0)),N20,(IF(AND((N20=0),(O20<>0)),O20,$AD$7))) -> 6 | R20: =(IF((Q20<>$AD$7),(J20+K20-Q20),D20)) -> 6 | S20: =(IF((Q20<>$AD$7),0,K20)) -> 0 | T20: =(IF(OR((R20=L20),(R20=M20)),R20,0)) -> 6 | U20: =(IF(AND((P20=0),(OR((M20=N20),(M20=O20)))),S20,(IF((S20<>0),(IF(OR((S20=L20),(S20=M20)),S20,0)),0)))) -> 0 | V20: =IF(R20=0,0,VLOOKUP(R20,FREQUENCIAS!$1:$1048576,(IF(($A20=FREQUENCIAS!$M$1),13,"ERRO")),FREQUENCIAS!$1:$1048576)) -> 0.211238 | W20: =IF(S20=0,0,VLOOKUP(S20,FREQUENCIAS!$1:$1048576,(IF(($A20=FREQUENCIAS!$M$1),13,"ERRO")),FREQUENCIAS!$1:$1048576)) -> 0 | AA20: =((IF((AND(($H20=$J20),($I20=$K20))),2,( IF((OR(($H20=$J20),($I20=$K20),($H20=$K20),($I20=$J20))),1,0))))) -> 1 | AB20: =((IF((AND(($H20=$L20),($I20=$M20))),2,( IF((OR(($H20=$L20),($I20=$M20),($H20=$M20),($I20=$L20))),1,0))))) -> 1 | AC20: =((IF((AND(($J20=$L20),($K20=$M20))),2,( IF((OR(($J20=$L20),($K20=$M20),($J20=$M20),($K20=$L20))),1,0))))) -> 2 | AE20: =(1-AA20)^2 -> 0 | AG20: =IF((AND((AA20>=1),(AC20>=1))),"INCLUSÃO","VERIFICAR") -> INCLUSÃO
A21: vWA | B21: ='DADOS FINAIS'!B21 -> 15 | C21: ='DADOS FINAIS'!C21 -> 17 | D21: ='DADOS FINAIS'!D21 -> 15 | E21: ='DADOS FINAIS'!E21 -> 17 | F21: ='DADOS FINAIS'!F21 -> 17 | G21: ='DADOS FINAIS'!G21 -> 17 | H21: =IF((B21>C21),C21,B21) -> 15 | I21: =IF((C21>B21),C21,B21) -> 17 | J21: =IF((D21>E21),E21,D21) -> 15 | K21: =IF((E21>D21),E21,D21) -> 17 | L21: =IF((F21>G21),G21,F21) -> 17 | M21: =IF((G21>F21),G21,F21) -> 17 | N21: =IF((J21=H21),J21,(IF((J21=I21),J21,0))) -> 15 | O21: =IF((K21=H21),K21,(IF((K21=I21),K21,0))) -> 17 | P21: =(IF(((N21+O21)=(J21+K21)),0,1)) -> 0 | Q21: =IF(OR((N21=O21),(O21=0)),N21,(IF(AND((N21=0),(O21<>0)),O21,$AD$7))) -> NÃO DEF | R21: =(IF((Q21<>$AD$7),(J21+K21-Q21),D21)) -> 15 | S21: =(IF((Q21<>$AD$7),0,K21)) -> 17 | T21: =(IF(OR((R21=L21),(R21=M21)),R21,0)) -> 0 | U21: =(IF(AND((P21=0),(OR((M21=N21),(M21=O21)))),S21,(IF((S21<>0),(IF(OR((S21=L21),(S21=M21)),S21,0)),0)))) -> 17 | V21: =IF(R21=0,0,VLOOKUP(R21,FREQUENCIAS!$1:$1048576,(IF(($A21=FREQUENCIAS!$N$1),14,"ERRO")),FREQUENCIAS!$1:$1048576)) -> 0.137994 | W21: =IF(S21=0,0,VLOOKUP(S21,FREQUENCIAS!$1:$1048576,(IF(($A21=FREQUENCIAS!$N$1),14,"ERRO")),FREQUENCIAS!$1:$1048576)) -> 0.254844 | AA21: =((IF((AND(($H21=$J21),($I21=$K21))),2,( IF((OR(($H21=$J21),($I21=$K21),($H21=$K21),($I21=$J21))),1,0))))) -> 2 | AB21: =((IF((AND(($H21=$L21),($I21=$M21))),2,( IF((OR(($H21=$L21),($I21=$M21),($H21=$M21),($I21=$L21))),1,0))))) -> 1 | AC21: =((IF((AND(($J21=$L21),($K21=$M21))),2,( IF((OR(($J21=$L21),($K21=$M21),($J21=$M21),($K21=$L21))),1,0))))) -> 1 | AE21: =(1-AA21)^2 -> 1 | AG21: =IF((AND((AA21>=1),(AC21>=1))),"INCLUSÃO","VERIFICAR") -> INCLUSÃO
A22: D21S11 | B22: ='DADOS FINAIS'!B22 -> 31.2 | C22: ='DADOS FINAIS'!C22 -> 33.2 | D22: ='DADOS FINAIS'!D22 -> 28 | E22: ='DADOS FINAIS'!E22 -> 31.2 | F22: ='DADOS FINAIS'!F22 -> 28 | G22: ='DADOS FINAIS'!G22 -> 30 | H22: =IF((B22>C22),C22,B22) -> 31.2 | I22: =IF((C22>B22),C22,B22) -> 33.2 | J22: =IF((D22>E22),E22,D22) -> 28 | K22: =IF((E22>D22),E22,D22) -> 31.2 | L22: =IF((F22>G22),G22,F22) -> 28 | M22: =IF((G22>F22),G22,F22) -> 30 | N22: =IF((J22=H22),J22,(IF((J22=I22),J22,0))) -> 0 | O22: =IF((K22=H22),K22,(IF((K22=I22),K22,0))) -> 31.2 | P22: =(IF(((N22+O22)=(J22+K22)),0,1)) -> 1 | Q22: =IF(OR((N22=O22),(O22=0)),N22,(IF(AND((N22=0),(O22<>0)),O22,$AD$7))) -> 31.2 | R22: =(IF((Q22<>$AD$7),(J22+K22-Q22),D22)) -> 28 | S22: =(IF((Q22<>$AD$7),0,K22)) -> 0 | T22: =(IF(OR((R22=L22),(R22=M22)),R22,0)) -> 28 | U22: =(IF(AND((P22=0),(OR((M22=N22),(M22=O22)))),S22,(IF((S22<>0),(IF(OR((S22=L22),(S22=M22)),S22,0)),0)))) -> 0 | V22: =IF(R22=0,0,VLOOKUP(R22,FREQUENCIAS!$1:$1048576,(IF(($A22=FREQUENCIAS!$O$1),15,"ERRO")),FREQUENCIAS!$1:$1048576)) -> #N/A | W22: =IF(S22=0,0,VLOOKUP(S22,FREQUENCIAS!$1:$1048576,(IF(($A22=FREQUENCIAS!$O$1),15,"ERRO")),FREQUENCIAS!$1:$1048576)) -> 0 | AA22: =((IF((AND(($H22=$J22),($I22=$K22))),2,( IF((OR(($H22=$J22),($I22=$K22),($H22=$K22),($I22=$J22))),1,0))))) -> 1 | AB22: =((IF((AND(($H22=$L22),($I22=$M22))),2,( IF((OR(($H22=$L22),($I22=$M22),($H22=$M22),($I22=$L22))),1,0))))) -> 0 | AC22: =((IF((AND(($J22=$L22),($K22=$M22))),2,( IF((OR(($J22=$L22),($K22=$M22),($J22=$M22),($K22=$L22))),1,0))))) -> 1 | AE22: =(1-AA22)^2 -> 0 | AG22: =IF((AND((AA22>=1),(AC22>=1))),"INCLUSÃO","VERIFICAR") -> INCLUSÃO
A23: D7S820 | B23: ='DADOS FINAIS'!B23 -> 8 | C23: ='DADOS FINAIS'!C23 -> 10 | D23: ='DADOS FINAIS'!D23 -> 10 | E23: ='DADOS FINAIS'!E23 -> 10 | F23: ='DADOS FINAIS'!F23 -> 10 | G23: ='DADOS FINAIS'!G23 -> 10 | H23: =IF((B23>C23),C23,B23) -> 8 | I23: =IF((C23>B23),C23,B23) -> 10 | J23: =IF((D23>E23),E23,D23) -> 10 | K23: =IF((E23>D23),E23,D23) -> 10 | L23: =IF((F23>G23),G23,F23) -> 10 | M23: =IF((G23>F23),G23,F23) -> 10 | N23: =IF((J23=H23),J23,(IF((J23=I23),J23,0))) -> 10 | O23: =IF((K23=H23),K23,(IF((K23=I23),K23,0))) -> 10 | P23: =(IF(((N23+O23)=(J23+K23)),0,1)) -> 0 | Q23: =IF(OR((N23=O23),(O23=0)),N23,(IF(AND((N23=0),(O23<>0)),O23,$AD$7))) -> 10 | R23: =(IF((Q23<>$AD$7),(J23+K23-Q23),D23)) -> 10 | S23: =(IF((Q23<>$AD$7),0,K23)) -> 0 | T23: =(IF(OR((R23=L23),(R23=M23)),R23,0)) -> 10 | U23: =(IF(AND((P23=0),(OR((M23=N23),(M23=O23)))),S23,(IF((S23<>0),(IF(OR((S23=L23),(S23=M23)),S23,0)),0)))) -> 0 | V23: =IF(R23=0,0,VLOOKUP(R23,FREQUENCIAS!$1:$1048576,(IF(($A23=FREQUENCIAS!$P$1),16,"ERRO")),FREQUENCIAS!$1:$1048576)) -> 0.275034 | W23: =IF(S23=0,0,VLOOKUP(S23,FREQUENCIAS!$1:$1048576,(IF(($A23=FREQUENCIAS!$P$1),16,"ERRO")),FREQUENCIAS!$1:$1048576)) -> 0 | AA23: =((IF((AND(($H23=$J23),($I23=$K23))),2,( IF((OR(($H23=$J23),($I23=$K23),($H23=$K23),($I23=$J23))),1,0))))) -> 1 | AB23: =((IF((AND(($H23=$L23),($I23=$M23))),2,( IF((OR(($H23=$L23),($I23=$M23),($H23=$M23),($I23=$L23))),1,0))))) -> 1 | AC23: =((IF((AND(($J23=$L23),($K23=$M23))),2,( IF((OR(($J23=$L23),($K23=$M23),($J23=$M23),($K23=$L23))),1,0))))) -> 2 | AD23: NIHIL | AE23: =(1-AA23)^2 -> 0 | AG23: =IF((AND((AA23>=1),(AC23>=1))),"INCLUSÃO","VERIFICAR") -> INCLUSÃO
A24: D5S818 | B24: ='DADOS FINAIS'!B24 -> 9 | C24: ='DADOS FINAIS'!C24 -> 13 | D24: ='DADOS FINAIS'!D24 -> 9 | E24: ='DADOS FINAIS'!E24 -> 11 | F24: ='DADOS FINAIS'!F24 -> 11 | G24: ='DADOS FINAIS'!G24 -> 11 | H24: =IF((B24>C24),C24,B24) -> 9 | I24: =IF((C24>B24),C24,B24) -> 13 | J24: =IF((D24>E24),E24,D24) -> 9 | K24: =IF((E24>D24),E24,D24) -> 11 | L24: =IF((F24>G24),G24,F24) -> 11 | M24: =IF((G24>F24),G24,F24) -> 11 | N24: =IF((J24=H24),J24,(IF((J24=I24),J24,0))) -> 9 | O24: =IF((K24=H24),K24,(IF((K24=I24),K24,0))) -> 0 | P24: =(IF(((N24+O24)=(J24+K24)),0,1)) -> 1 | Q24: =IF(OR((N24=O24),(O24=0)),N24,(IF(AND((N24=0),(O24<>0)),O24,$AD$7))) -> 9 | R24: =(IF((Q24<>$AD$7),(J24+K24-Q24),D24)) -> 11 | S24: =(IF((Q24<>$AD$7),0,K24)) -> 0 | T24: =(IF(OR((R24=L24),(R24=M24)),R24,0)) -> 11 | U24: =(IF(AND((P24=0),(OR((M24=N24),(M24=O24)))),S24,(IF((S24<>0),(IF(OR((S24=L24),(S24=M24)),S24,0)),0)))) -> 0 | V24: =IF(R24=0,0,VLOOKUP(R24,FREQUENCIAS!$1:$1048576,(IF(($A24=FREQUENCIAS!$Q$1),17,"ERRO")),FREQUENCIAS!$1:$1048576)) -> 0.329063 | W24: =IF(S24=0,0,VLOOKUP(S24,FREQUENCIAS!$1:$1048576,(IF(($A24=FREQUENCIAS!$Q$1),17,"ERRO")),FREQUENCIAS!$1:$1048576)) -> 0 | AA24: =((IF((AND(($H24=$J24),($I24=$K24))),2,( IF((OR(($H24=$J24),($I24=$K24),($H24=$K24),($I24=$J24))),1,0))))) -> 1 | AB24: =((IF((AND(($H24=$L24),($I24=$M24))),2,( IF((OR(($H24=$L24),($I24=$M24),($H24=$M24),($I24=$L24))),1,0))))) -> 0 | AC24: =((IF((AND(($J24=$L24),($K24=$M24))),2,( IF((OR(($J24=$L24),($K24=$M24),($J24=$M24),($K24=$L24))),1,0))))) -> 1 | AD24: NIHIL | AE24: =(1-AA24)^2 -> 0 | AG24: =IF((AND((AA24>=1),(AC24>=1))),"INCLUSÃO","VERIFICAR") -> INCLUSÃO
A25: TPOX | B25: ='DADOS FINAIS'!B25 -> 11 | C25: ='DADOS FINAIS'!C25 -> 11 | D25: ='DADOS FINAIS'!D25 -> 8 | E25: ='DADOS FINAIS'!E25 -> 11 | F25: ='DADOS FINAIS'!F25 -> 7 | G25: ='DADOS FINAIS'!G25 -> 8 | H25: =IF((B25>C25),C25,B25) -> 11 | I25: =IF((C25>B25),C25,B25) -> 11 | J25: =IF((D25>E25),E25,D25) -> 8 | K25: =IF((E25>D25),E25,D25) -> 11 | L25: =IF((F25>G25),G25,F25) -> 7 | M25: =IF((G25>F25),G25,F25) -> 8 | N25: =IF((J25=H25),J25,(IF((J25=I25),J25,0))) -> 0 | O25: =IF((K25=H25),K25,(IF((K25=I25),K25,0))) -> 11 | P25: =(IF(((N25+O25)=(J25+K25)),0,1)) -> 1 | Q25: =IF(OR((N25=O25),(O25=0)),N25,(IF(AND((N25=0),(O25<>0)),O25,$AD$7))) -> 11 | R25: =(IF((Q25<>$AD$7),(J25+K25-Q25),D25)) -> 8 | S25: =(IF((Q25<>$AD$7),0,K25)) -> 0 | T25: =(IF(OR((R25=L25),(R25=M25)),R25,0)) -> 8 | U25: =(IF(AND((P25=0),(OR((M25=N25),(M25=O25)))),S25,(IF((S25<>0),(IF(OR((S25=L25),(S25=M25)),S25,0)),0)))) -> 0 | V25: =IF(R25=0,0,VLOOKUP(R25,FREQUENCIAS!$1:$1048576,(IF(($A25=FREQUENCIAS!$R$1),18,"ERRO")),FREQUENCIAS!$1:$1048576)) -> 0.455862 | W25: =IF(S25=0,0,VLOOKUP(S25,FREQUENCIAS!$1:$1048576,(IF(($A25=FREQUENCIAS!$R$1),18,"ERRO")),FREQUENCIAS!$1:$1048576)) -> 0 | AA25: =((IF((AND(($H25=$J25),($I25=$K25))),2,( IF((OR(($H25=$J25),($I25=$K25),($H25=$K25),($I25=$J25))),1,0))))) -> 1 | AB25: =((IF((AND(($H25=$L25),($I25=$M25))),2,( IF((OR(($H25=$L25),($I25=$M25),($H25=$M25),($I25=$L25))),1,0))))) -> 0 | AC25: =((IF((AND(($J25=$L25),($K25=$M25))),2,( IF((OR(($J25=$L25),($K25=$M25),($J25=$M25),($K25=$L25))),1,0))))) -> 1 | AD25: NIHIL | AE25: =(1-AA25)^2 -> 0 | AG25: =IF((AND((AA25>=1),(AC25>=1))),"INCLUSÃO","VERIFICAR") -> INCLUSÃO
A26: D8S1179 | B26: ='DADOS FINAIS'!B26 -> 10 | C26: ='DADOS FINAIS'!C26 -> 14 | D26: ='DADOS FINAIS'!D26 -> 10 | E26: ='DADOS FINAIS'!E26 -> 14 | F26: ='DADOS FINAIS'!F26 -> 14 | G26: ='DADOS FINAIS'!G26 -> 15 | H26: =IF((B26>C26),C26,B26) -> 10 | I26: =IF((C26>B26),C26,B26) -> 14 | J26: =IF((D26>E26),E26,D26) -> 10 | K26: =IF((E26>D26),E26,D26) -> 14 | L26: =IF((F26>G26),G26,F26) -> 14 | M26: =IF((G26>F26),G26,F26) -> 15 | N26: =IF((J26=H26),J26,(IF((J26=I26),J26,0))) -> 10 | O26: =IF((K26=H26),K26,(IF((K26=I26),K26,0))) -> 14 | P26: =(IF(((N26+O26)=(J26+K26)),0,1)) -> 0 | Q26: =IF(OR((N26=O26),(O26=0)),N26,(IF(AND((N26=0),(O26<>0)),O26,$AD$7))) -> NÃO DEF | R26: =(IF((Q26<>$AD$7),(J26+K26-Q26),D26)) -> 10 | S26: =(IF((Q26<>$AD$7),0,K26)) -> 14 | T26: =(IF(OR((R26=L26),(R26=M26)),R26,0)) -> 0 | U26: =(IF(AND((P26=0),(OR((M26=N26),(M26=O26)))),S26,(IF((S26<>0),(IF(OR((S26=L26),(S26=M26)),S26,0)),0)))) -> 14 | V26: =IF(R26=0,0,VLOOKUP(R26,FREQUENCIAS!$1:$1048576,(IF(($A26=FREQUENCIAS!$S$1),19,"ERRO")),FREQUENCIAS!$1:$1048576)) -> 0.068213 | W26: =IF(S26=0,0,VLOOKUP(S26,FREQUENCIAS!$1:$1048576,(IF(($A26=FREQUENCIAS!$S$1),19,"ERRO")),FREQUENCIAS!$1:$1048576)) -> 0.25087 | AA26: =((IF((AND(($H26=$J26),($I26=$K26))),2,( IF((OR(($H26=$J26),($I26=$K26),($H26=$K26),($I26=$J26))),1,0))))) -> 2 | AB26: =((IF((AND(($H26=$L26),($I26=$M26))),2,( IF((OR(($H26=$L26),($I26=$M26),($H26=$M26),($I26=$L26))),1,0))))) -> 1 | AC26: =((IF((AND(($J26=$L26),($K26=$M26))),2,( IF((OR(($J26=$L26),($K26=$M26),($J26=$M26),($K26=$L26))),1,0))))) -> 1 | AD26: NIHIL | AE26: =(1-AA26)^2 -> 1 | AG26: =IF((AND((AA26>=1),(AC26>=1))),"INCLUSÃO","VERIFICAR") -> INCLUSÃO
A27: D12S391 | B27: ='DADOS FINAIS'!B27 -> 17 | C27: ='DADOS FINAIS'!C27 -> 19 | D27: ='DADOS FINAIS'!D27 -> 18.3 | E27: ='DADOS FINAIS'!E27 -> 19 | F27: ='DADOS FINAIS'!F27 -> 18.3 | G27: ='DADOS FINAIS'!G27 -> 22 | H27: =IF((B27>C27),C27,B27) -> 17 | I27: =IF((C27>B27),C27,B27) -> 19 | J27: =IF((D27>E27),E27,D27) -> 18.3 | K27: =IF((E27>D27),E27,D27) -> 19 | L27: =IF((F27>G27),G27,F27) -> 18.3 | M27: =IF((G27>F27),G27,F27) -> 22 | N27: =IF((J27=H27),J27,(IF((J27=I27),J27,0))) -> 0 | O27: =IF((K27=H27),K27,(IF((K27=I27),K27,0))) -> 19 | P27: =(IF(((N27+O27)=(J27+K27)),0,1)) -> 1 | Q27: =IF(OR((N27=O27),(O27=0)),N27,(IF(AND((N27=0),(O27<>0)),O27,$AD$7))) -> 19 | R27: =(IF((Q27<>$AD$7),(J27+K27-Q27),D27)) -> 18.3 | S27: =(IF((Q27<>$AD$7),0,K27)) -> 0 | T27: =(IF(OR((R27=L27),(R27=M27)),R27,0)) -> 18.3 | U27: =(IF(AND((P27=0),(OR((M27=N27),(M27=O27)))),S27,(IF((S27<>0),(IF(OR((S27=L27),(S27=M27)),S27,0)),0)))) -> 0 | V27: =IF(R27=0,0,VLOOKUP(R27,FREQUENCIAS!$1:$1048576,(IF(($A27=FREQUENCIAS!$T$1),20,"ERRO")),FREQUENCIAS!$1:$1048576)) -> #N/A | W27: =IF(S27=0,0,VLOOKUP(S27,FREQUENCIAS!$1:$1048576,(IF(($A27=FREQUENCIAS!$T$1),20,"ERRO")),FREQUENCIAS!$1:$1048576)) -> 0 | AA27: =((IF((AND(($H27=$J27),($I27=$K27))),2,( IF((OR(($H27=$J27),($I27=$K27),($H27=$K27),($I27=$J27))),1,0))))) -> 1 | AB27: =((IF((AND(($H27=$L27),($I27=$M27))),2,( IF((OR(($H27=$L27),($I27=$M27),($H27=$M27),($I27=$L27))),1,0))))) -> 0 | AC27: =((IF((AND(($J27=$L27),($K27=$M27))),2,( IF((OR(($J27=$L27),($K27=$M27),($J27=$M27),($K27=$L27))),1,0))))) -> 1 | AD27: NIHIL | AE27: =(1-AA27)^2 -> 0 | AG27: =IF((AND((AA27>=1),(AC27>=1))),"INCLUSÃO","VERIFICAR") -> INCLUSÃO
A28: D19S433 | B28: ='DADOS FINAIS'!B28 -> 12 | C28: ='DADOS FINAIS'!C28 -> 14 | D28: ='DADOS FINAIS'!D28 -> 14 | E28: ='DADOS FINAIS'!E28 -> 14 | F28: ='DADOS FINAIS'!F28 -> 14 | G28: ='DADOS FINAIS'!G28 -> 14 | H28: =IF((B28>C28),C28,B28) -> 12 | I28: =IF((C28>B28),C28,B28) -> 14 | J28: =IF((D28>E28),E28,D28) -> 14 | K28: =IF((E28>D28),E28,D28) -> 14 | L28: =IF((F28>G28),G28,F28) -> 14 | M28: =IF((G28>F28),G28,F28) -> 14 | N28: =IF((J28=H28),J28,(IF((J28=I28),J28,0))) -> 14 | O28: =IF((K28=H28),K28,(IF((K28=I28),K28,0))) -> 14 | P28: =(IF(((N28+O28)=(J28+K28)),0,1)) -> 0 | Q28: =IF(OR((N28=O28),(O28=0)),N28,(IF(AND((N28=0),(O28<>0)),O28,$AD$7))) -> 14 | R28: =(IF((Q28<>$AD$7),(J28+K28-Q28),D28)) -> 14 | S28: =(IF((Q28<>$AD$7),0,K28)) -> 0 | T28: =(IF(OR((R28=L28),(R28=M28)),R28,0)) -> 14 | U28: =(IF(AND((P28=0),(OR((M28=N28),(M28=O28)))),S28,(IF((S28<>0),(IF(OR((S28=L28),(S28=M28)),S28,0)),0)))) -> 0 | V28: =IF(R28=0,0,VLOOKUP(R28,FREQUENCIAS!$1:$1048576,(IF(($A28=FREQUENCIAS!$U$1),21,"ERRO")),FREQUENCIAS!$1:$1048576)) -> 0.2941 | W28: =IF(S28=0,0,VLOOKUP(S28,FREQUENCIAS!$1:$1048576,(IF(($A28=FREQUENCIAS!$U$1),21,"ERRO")),FREQUENCIAS!$1:$1048576)) -> 0 | AA28: =((IF((AND(($H28=$J28),($I28=$K28))),2,( IF((OR(($H28=$J28),($I28=$K28),($H28=$K28),($I28=$J28))),1,0))))) -> 1 | AB28: =((IF((AND(($H28=$L28),($I28=$M28))),2,( IF((OR(($H28=$L28),($I28=$M28),($H28=$M28),($I28=$L28))),1,0))))) -> 1 | AC28: =((IF((AND(($J28=$L28),($K28=$M28))),2,( IF((OR(($J28=$L28),($K28=$M28),($J28=$M28),($K28=$L28))),1,0))))) -> 2 | AD28: NIHIL | AE28: =(1-AA28)^2 -> 0 | AG28: =IF((AND((AA28>=1),(AC28>=1))),"INCLUSÃO","VERIFICAR") -> INCLUSÃO
A29: FGA | B29: ='DADOS FINAIS'!B29 -> 21 | C29: ='DADOS FINAIS'!C29 -> 23 | D29: ='DADOS FINAIS'!D29 -> 19 | E29: ='DADOS FINAIS'!E29 -> 21 | F29: ='DADOS FINAIS'!F29 -> 19 | G29: ='DADOS FINAIS'!G29 -> 26 | H29: =IF((B29>C29),C29,B29) -> 21 | I29: =IF((C29>B29),C29,B29) -> 23 | J29: =IF((D29>E29),E29,D29) -> 19 | K29: =IF((E29>D29),E29,D29) -> 21 | L29: =IF((F29>G29),G29,F29) -> 19 | M29: =IF((G29>F29),G29,F29) -> 26 | N29: =IF((J29=H29),J29,(IF((J29=I29),J29,0))) -> 0 | O29: =IF((K29=H29),K29,(IF((K29=I29),K29,0))) -> 21 | P29: =(IF(((N29+O29)=(J29+K29)),0,1)) -> 1 | Q29: =IF(OR((N29=O29),(O29=0)),N29,(IF(AND((N29=0),(O29<>0)),O29,$AD$7))) -> 21 | R29: =(IF((Q29<>$AD$7),(J29+K29-Q29),D29)) -> 19 | S29: =(IF((Q29<>$AD$7),0,K29)) -> 0 | T29: =(IF(OR((R29=L29),(R29=M29)),R29,0)) -> 19 | U29: =(IF(AND((P29=0),(OR((M29=N29),(M29=O29)))),S29,(IF((S29<>0),(IF(OR((S29=L29),(S29=M29)),S29,0)),0)))) -> 0 | V29: =IF(R29=0,0,VLOOKUP(R29,FREQUENCIAS!$1:$1048576,(IF(($A29=FREQUENCIAS!$V$1),22,"ERRO")),FREQUENCIAS!$1:$1048576)) -> 0.075358 | W29: =IF(S29=0,0,VLOOKUP(S29,FREQUENCIAS!$1:$1048576,(IF(($A29=FREQUENCIAS!$V$1),22,"ERRO")),FREQUENCIAS!$1:$1048576)) -> 0 | AA29: =((IF((AND(($H29=$J29),($I29=$K29))),2,( IF((OR(($H29=$J29),($I29=$K29),($H29=$K29),($I29=$J29))),1,0))))) -> 1 | AB29: =((IF((AND(($H29=$L29),($I29=$M29))),2,( IF((OR(($H29=$L29),($I29=$M29),($H29=$M29),($I29=$L29))),1,0))))) -> 0 | AC29: =((IF((AND(($J29=$L29),($K29=$M29))),2,( IF((OR(($J29=$L29),($K29=$M29),($J29=$M29),($K29=$L29))),1,0))))) -> 1 | AD29: NIHIL | AE29: =(1-AA29)^2 -> 0 | AG29: =IF((AND((AA29>=1),(AC29>=1))),"INCLUSÃO","VERIFICAR") -> INCLUSÃO
A30: D22S1045 | B30: ='DADOS FINAIS'!B30 -> 11 | C30: ='DADOS FINAIS'!C30 -> 16 | D30: ='DADOS FINAIS'!D30 -> 16 | E30: ='DADOS FINAIS'!E30 -> 16 | F30: ='DADOS FINAIS'!F30 -> 16 | G30: ='DADOS FINAIS'!G30 -> 17 | H30: =IF((B30>C30),C30,B30) -> 11 | I30: =IF((C30>B30),C30,B30) -> 16 | J30: =IF((D30>E30),E30,D30) -> 16 | K30: =IF((E30>D30),E30,D30) -> 16 | L30: =IF((F30>G30),G30,F30) -> 16 | M30: =IF((G30>F30),G30,F30) -> 17 | N30: =IF((J30=H30),J30,(IF((J30=I30),J30,0))) -> 16 | O30: =IF((K30=H30),K30,(IF((K30=I30),K30,0))) -> 16 | P30: =(IF(((N30+O30)=(J30+K30)),0,1)) -> 0 | Q30: =IF(OR((N30=O30),(O30=0)),N30,(IF(AND((N30=0),(O30<>0)),O30,$AD$7))) -> 16 | R30: =(IF((Q30<>$AD$7),(J30+K30-Q30),D30)) -> 16 | S30: =(IF((Q30<>$AD$7),0,K30)) -> 0 | T30: =(IF(OR((R30=L30),(R30=M30)),R30,0)) -> 16 | U30: =(IF(AND((P30=0),(OR((M30=N30),(M30=O30)))),S30,(IF((S30<>0),(IF(OR((S30=L30),(S30=M30)),S30,0)),0)))) -> 0 | V30: =IF(R30=0,0,VLOOKUP(R30,FREQUENCIAS!$1:$1048576,(IF(($A30=FREQUENCIAS!$W$1),23,"ERRO")),FREQUENCIAS!$1:$1048576)) -> 0.3287 | W30: =IF(S30=0,0,VLOOKUP(S30,FREQUENCIAS!$1:$1048576,(IF(($A30=FREQUENCIAS!$W$1),23,"ERRO")),FREQUENCIAS!$1:$1048576)) -> 0 | AA30: =((IF((AND(($H30=$J30),($I30=$K30))),2,( IF((OR(($H30=$J30),($I30=$K30),($H30=$K30),($I30=$J30))),1,0))))) -> 1 | AB30: =((IF((AND(($H30=$L30),($I30=$M30))),2,( IF((OR(($H30=$L30),($I30=$M30),($H30=$M30),($I30=$L30))),1,0))))) -> 1 | AC30: =((IF((AND(($J30=$L30),($K30=$M30))),2,( IF((OR(($J30=$L30),($K30=$M30),($J30=$M30),($K30=$L30))),1,0))))) -> 1 | AD30: NIHIL | AE30: =(1-AA30)^2 -> 0 | AG30: =IF((AND((AA30>=1),(AC30>=1))),"INCLUSÃO","VERIFICAR") -> INCLUSÃO
AA31: ÍNDICE DE PATERNIDADE ACUMULADO: | AB31: =(IF(((PRODUCT(AC9:AC30))<>0),PRODUCT(AB9:AB30),$AD$23)) -> 0 | AE31: =(IF(((PRODUCT(AC9:AC30))<>0),((1-AE9)*(1-AE10)*(1-AE11)*(1-AE12)*(1-AE13)*(1-AE14)*(1-AE15)*(1-AE16)*(1-AE17)*(1-AE18)*(1-AE19)*(1-AE20)*(1-AE21)*(1-AE22)*(1-AE23)*(1-AE24)*(1-AE25)*(1-AE26)*(1-AE27)*(1-AE28)*(1-AE29)*(1-AE30)),$AD$23)) -> 0
AA32: PROBABILIDADE DE PATERNIDADE: | AB32: =(IF(((PRODUCT(AC9:AC30))<>0),(ROUNDDOWN((AB31/(AB31+1)),11)),$AD$23)) -> 0
AA33: HIPÓTESE TROCA ALELOS M e SP: | AB33: =(IF(((PRODUCT(AC9:AC30))<>0),(ROUNDDOWN((1-$AE31),11)),$AD$13)) -> 1
G34: COMPARTILHAMENTOS: | M34: SOMATÓRIOS: | AA34: =SUM(AA9:AA30) -> 25 | AB34: =SUM(AB9:AB30) -> 11 | AC34: =SUM(AC9:AC30) -> 27 | AG34: =IF((AND((AA34<=40),(AB34<=40),(AC34<=40))),"OK","VERIFICAR") -> OK | AH34: =SUM(AH9:AH23) -> 0
B36: PROTOCOLO DA SUPERVISÃO 4
C37: A PRESENTE SUPERVISÃO DESTINA-SE A VERIFICAR SE HOUVE REPETI-
B38: ÇÃO NOS ALELOS DE DUAS DAS PESSOAS ANALISADAS. O NÚMERO DE COM-
B39: PARTILHAMENTO IGUAL A 30 CONFIRMA A HIPÓTESE. 28 ou 29 COMPARTILHA-
B40: MENTOS INDICA A NECESSIDADE DE VERIFICAÇÃO. OCORRENDO 28, 29 ou 30:
C41: a) não expedir o Laudo;
C42: b) encaminhar os materiais novamente à Divisão de Biologia Molecular para a
B43: realização de novo processo completo;
C44: c) verificar todos os procedimentos no Laboratório para identificar na execução
B45: e/ou na supervisão a localização do problema;
C46: d) persistindo o problema, convocar as pessoas para nova coleta.

Sheet SUPERVISÃO 3
A1: IPC MS EXAMES DE DNA - DIVISÃO DE GENÉTICA MOLECULAR
AN2: Sistema automatizado de cálculo de Genética de Populações desenvolvido pelo Engº e Biólogo Helder Pereira de Figueiredo
A3: CÓDIGO: | AH3: AMELOGENINA | AM3: SUPERV
A4: MÃE: | AI4: =(IF(('IMPORTAÇÃO GENOTIPER'!W4="X"),"XX",(IF(('IMPORTAÇÃO GENOTIPER'!W4<>"X"),"ERRO")))) -> XX | AM4: =IF(('SUPERVISÃO 1'!$AB$34="EVIDÊNCIA DE TROCA"),"VERIFICAR","OK") -> OK
A5: INVTE: | AI5: =(IF(('IMPORTAÇÃO GENOTIPER'!AM4="Y"),"XY",(IF(('IMPORTAÇÃO GENOTIPER'!AM4="X"),"XX","ERRO")))) -> XY | AM5: =IF(('SUPERVISÃO 2'!$AB$34="EVIDÊNCIA DE TROCA"),"VERIFICAR","OK") -> OK
A6: SP. PAI: | AI6: =(IF(('IMPORTAÇÃO GENOTIPER'!BC4="Y"),"XY",(IF(('IMPORTAÇÃO GENOTIPER'!BC4<>"Y"),"ERRO")))) -> XY | AJ6: EXCLUI | AM6: =IF(('SUPERVISÃO 3'!$AB$34="TROCA POSSÍVEL"),"VERIFICAR","OK") -> OK | AZ6: TAXA FIXA: | BB6: 0.001
A7: =IF(($BD$31=1)," DETECTADA 1 MUTAÇÃO MATERNA",IF(($BD$31=2)," DETECTADAS 2 MUTAÇÕES MATERNAS",IF(($BD$31>=3)," DETECTADA EXCLUSÃO DE MÃE"," MATERNIDADE CONFIRMADA"))) -> MATERNIDADE CONFIRMADA | AB7: aqui colocar coluna = num. Corresp. | AH7: FREQ. MÍN.: | AI7: 0.02 | AJ7: NÃO DEF | AM7: =IF(('SUPERVISÃO 4'!$AG$34="VERIFICAR"),"VERIFICAR","OK") -> OK | AQ7: AQUI NÃO USOU POIS NÃO TEM O LIMITE DOS MARCADORES | AZ7: MUTAÇÃO VARIÁVEL | BI7: AL. MAT. ORIGINÁRIOS | BL7: AL. 1 SP. ORIGINÁRIOS | BO7: AL. 2 SP. ORIGINÁRIOS
A8: REGIÃO | B8: MÃE - HIP | D8: CRIANÇA | F8: SP - HIP | H8: MÃE 'A' | J8: CRIA 'A' | L8: SP 'A' | N8: M CALC | P8: C CALC | R8: SP CALC | T8: AM1 | U8: AM2 | V8: AM3 | W8: AL. MAT | X8: AL. PAT. | Z8: COMP. | AB8: Fr 1A | AC8: Fr 2A | AD8: Fr 1B | AE8: Fr 2B | AF8: Fr Sp | AG8: =((IF((OR(($A9="ERRO-FT"),($A10="ERRO-FT"),($A11="ERRO-FT"),($A12="ERRO-FT"),($A13="ERRO-FT"),($A14="ERRO-FT"),($A15="ERRO-FT"),($A16="ERRO-FT"),($A17="ERRO-FT"),($A18="ERRO-FT"),($A19="ERRO-FT"),($A20="ERRO-FT"),($A21="ERRO-FT"),($A22="ERRO-FT"),($A23="ERRO-FT"))),"AL.INF.","FREQ."))) -> FREQ. | AH8: =((IF((OR(($A9="ERRO-FT"),($A10="ERRO-FT"),($A11="ERRO-FT"),($A12="ERRO-FT"),($A13="ERRO-FT"),($A14="ERRO-FT"),($A15="ERRO-FT"),($A16="ERRO-FT"),($A17="ERRO-FT"),($A18="ERRO-FT"),($A19="ERRO-FT"),($A20="ERRO-FT"),($A21="ERRO-FT"),($A22="ERRO-FT"),($A23="ERRO-FT"))),"AL.SUP.","PI"))) -> PI | AI8: PR. PAT | AJ8: SIM | AM8: FÓRM | AN8: AM | AX8: MT | AY8: TX. MUTAÇÃO | AZ8: LOCUS | BA8: PE | BB8: MUT | BC8: OMISSÃO | BD8: EXCL. MÃE | BF8: L. INF | BG8: L. SUP | BI8: < / > | BJ8: AL.MAT. | BK8: MT.ORIG | BL8: < / > | BM8: AL.PT.1 | BN8: AL1-OR | BO8: < / > | BP8: AL.PT.2 | BQ8: AL2-OR
A9: D3S1358 | B9: ='DADOS FINAIS'!F9 -> 14 | C9: ='DADOS FINAIS'!G9 -> 15 | D9: ='DADOS FINAIS'!D9 -> 15 | E9: ='DADOS FINAIS'!E9 -> 18 | F9: ='DADOS FINAIS'!B9 -> 16 | G9: ='DADOS FINAIS'!C9 -> 18 | H9: =(IF(CODE(B9)=(60),($BF9-1),(IF(CODE(B9)=(62),($BG9+1),B9)))) -> 14 | I9: =(IF(CODE(C9)=(60),($BF9-1),(IF(CODE(C9)=(62),($BG9+1),C9)))) -> 15 | J9: =(IF(CODE(D9)=(60),($BF9-1),(IF(CODE(D9)=(62),($BG9+1),D9)))) -> 15 | K9: =(IF(CODE(E9)=(60),($BF9-1),(IF(CODE(E9)=(62),($BG9+1),E9)))) -> 18 | L9: =(IF(CODE(F9)=(60),($BF9-1),(IF(CODE(F9)=(62),($BG9+1),F9)))) -> 16 | M9: =(IF(CODE(G9)=(60),($BF9-1),(IF(CODE(G9)=(62),($BG9+1),G9)))) -> 18 | N9: =IF((H9>I9),I9,H9) -> 14 | O9: =IF((I9>H9),I9,H9) -> 15 | P9: =IF((J9>K9),K9,J9) -> 15 | Q9: =IF((K9>J9),K9,J9) -> 18 | R9: =IF((L9>M9),M9,L9) -> 16 | S9: =IF((M9>L9),M9,L9) -> 18 | T9: =IF((P9=N9),P9,(IF((P9=O9),P9,0))) -> 15 | U9: =IF((Q9=N9),Q9,(IF((Q9=O9),Q9,0))) -> 0 | V9: =(IF((OR((P9=">18"),(Q9=">18"))),2,(IF(((T9+U9)=(P9+Q9)),0,1)))) -> 1 | W9: =IF(OR(($T9=$U9),($U9=0)),$T9,(IF(AND(($T9=0),($U9<>0)),$U9,$AJ$7))) -> 15 | X9: =(ROUND( (IF((AND((T9=0),(U9=0))),D9,(IF((V9=2),S9,(IF((W9<>$AJ$7),(P9+Q9-W9),P9)))))),1)) -> 18 | Y9: =(IF((AND(($T9=0),($U9=0))),$E9,(IF(($W9<>$AJ$7),0,$Q9)))) -> 0 | Z9: =(IF(OR((X9=R9),(X9=S9)),X9,0)) -> 18 | AA9: =(IF(AND((V9=0),(Z9=0),(OR((S9=T9),(S9=U9)))),Y9,(IF((Y9<>0),(IF(OR((Y9=R9),(Y9=S9)),Y9,0)),0)))) -> 0 | AB9: =IF(X9=0,0,VLOOKUP(X9,FREQUENCIAS!$1:$1048576,(IF(($A9=FREQUENCIAS!$B$1),2,"ERRO")),FREQUENCIAS!$1:$1048576)) -> 0.123926 | AC9: =IF(Y9=0,0,VLOOKUP(Y9,FREQUENCIAS!$1:$1048576,(IF(($A9=FREQUENCIAS!$B$1),2,"ERRO")),FREQUENCIAS!$1:$1048576)) -> 0 | AG9: =(IF((A9="ERRO-FT"),"8",((IF((AND(($Z9=0),($AA9=0),($AX$32="N"))),0,(IF((AND(($Z9=0),($AA9=0),(AX$32="S"))),1,(IF((AB9+AC9+AD9+AE9+AF9)<=$AI$7,$AI$7,(AB9+AC9+AD9+AE9+AF9)))))))))) -> 0.123926 | AH9: =(IF((A9="ERRO-FT"),"19",(IF((AND(($Z9=0),($AA9=0),($AX$32="N"))),0,(IF((AND(($Z9=0),($AA9=0),(AX$32="S"))),$AY9,(IF(OR((AND(($B9=$C9),($C9=$D9),($D9=$E9),($E9=$F9),($F9=$G9))), ((AND(($N9=$P9),($P9=$R9),($O9=$Q9),($Q9=$S9),($N9<>$O9)))),(AND(($D9=$E9),($B9<>$C9),($E9=$F9),($F9=$G9))),((AND(($X9=$Z9),($F9=$G9))))),(1/$AG9),(1/(2*$AG9)))))))))) -> 4.0346658 | AI9: =(IF((AH9=0),0,(AH9/(AH9+1)))) -> 0.80137709 | AK9: =(1-AG9)^2 -> 0.76750565 | AM9: =IF((AND(($Z9=0),($AA9=0),($AX$32="N"))),"EXCLUI",(IF((AND(($Z9=0),($AA9=0),(AX$32="S"))),"MUTAÇÃO",(IF(OR((AND((B9=C9),(C9=D9),(D9=E9),(E9=F9),(F9=G9))),((AND((N9=P9),(P9=R9),(O9=Q9),(Q9=S9),(N9<>O9)))),(AND((D9=E9),(B9<>C9),(E9=F9),(F9=G9))),((AND((X9=Z9),(F9=G9))))),("1 / F"),("1 / 2F")))))) -> 1 / 2F | AN9: =(IF((AND(($BD$31<=2),(BD9=1))),"MT",(IF((AND(($BD$31>2),(BD9=1))),"EM","OK")))) -> OK | AQ9: =(IF(OR((B9="<8"),(B9=">19"),(B9=19),(B9=#REF!),(B9=#REF!),(B9=#REF!),(B9=#REF!),(B9=#REF!),(B9=#REF!),(B9=#REF!),(B9=#REF!),(B9=#REF!),(B9=#REF!),(B9=#REF!)),1,0)) -> #REF! | AR9: =(IF(OR((C9="<8"),(C9=">19"),(C9=19),(C9=#REF!),(C9=#REF!),(C9=#REF!),(C9=#REF!),(C9=#REF!),(C9=#REF!),(C9=#REF!),(C9=#REF!),(C9=#REF!),(C9=#REF!),(C9=#REF!)),1,0)) -> #REF! | AS9: =(IF(OR((D9="<8"),(D9=">19"),(D9=19),(D9=#REF!),(D9=#REF!),(D9=#REF!),(D9=#REF!),(D9=#REF!),(D9=#REF!),(D9=#REF!),(D9=#REF!),(D9=#REF!),(D9=#REF!),(D9=#REF!)),1,0)) -> #REF! | AT9: =(IF(OR((E9="<8"),(E9=">19"),(E9=19),(E9=#REF!),(E9=#REF!),(E9=#REF!),(E9=#REF!),(E9=#REF!),(E9=#REF!),(E9=#REF!),(E9=#REF!),(E9=#REF!),(E9=#REF!),(E9=#REF!)),1,0)) -> #REF! | AU9: =(IF(OR((F9="<8"),(F9=">19"),(F9=19),(F9=#REF!),(F9=#REF!),(F9=#REF!),(F9=#REF!),(F9=#REF!),(F9=#REF!),(F9=#REF!),(F9=#REF!),(F9=#REF!),(F9=#REF!),(F9=#REF!)),1,0)) -> #REF! | AV9: =(IF(OR((G9="<8"),(G9=">19"),(G9=19),(G9=#REF!),(G9=#REF!),(G9=#REF!),(G9=#REF!),(G9=#REF!),(G9=#REF!),(G9=#REF!),(G9=#REF!),(G9=#REF!),(G9=#REF!),(G9=#REF!)),1,0)) -> #REF! | AX9: =IF(($AG9=0),1,0) -> 0 | AY9: =(IF((AND(($AX$32="S"),($AX$33="F"))),$BB$6,(IF((AND(($AX$32="S"),($AX$33="V"))),(BB9/(BA9)),0)))) -> 0 | BA9: =IF($A9=FREQUENCIAS!$B$1,FREQUENCIAS!$B$2,"ERRO NO PE") -> 0.549 | BB9: =IF($A9=FREQUENCIAS!$B$1,FREQUENCIAS!$B$3,"ERRO NA MUT") -> 0.0012 | BC9: =(IF((AND(($AX$32="N"),($AX$34="O"),($AX9=1))),1,$AH9)) -> 4.0346658 | BD9: =IF((W9=0),1,0) -> 0 | BF9: 8 | BG9: 19 | BH9: =(IF((AND((B9>=$BF9),(B9<=$BG9),(C9>=$BF9),(C9<=$BG9),(D9>=$BF9),(D9<=$BG9),(E9>=$BF9),(E9<=$BG9),(F9>=$BF9),(F9<=$BG9),(G9>=$BF9),(G9<=$BG9))),"CORRETO",(IF((OR((B9="<8"),(C9="<8"),(D9="<8"),(E9="<8"),(F9="<8"),(G9="<8"),(B9=">19"),(C9=">19"),(D9=">19"),(E9=">19"),(F9=">19"),(G9=">19"))),"CORRETO","ALELO ERRADO")))) -> CORRETO | BI9: =IF(($W9=($BF9-1)),"<",IF(($W9=($BG9+1)),">","")) | BJ9: =IF(($W9=($BF9-1)),$BF9,IF(($W9=($BG9-1)),$BG9,$W9)) -> 15 | BK9: =(IF((OR(($W9=($BF9-1)),($W9=($BG9+1)))),(CONCATENATE((BI9),(BJ9))),$W9)) -> 15 | BL9: =IF(($Z9=($BF9-1)),"<",IF(($Z9=($BG9+1)),">","")) | BM9: =IF(($Z9=($BF9-1)),$BF9,IF(($Z9=($BG9+1)),$BG9,$Z9)) -> 18 | BN9: =(IF((OR(($Z9=($BF9-1)),($Z9=($BG9+1)))),(CONCATENATE((BL9),(BM9))),$Z9)) -> 18 | BO9: =IF(($AA9=($BF9-1)),"<",IF(($AA9=($BG9+1)),">","")) | BP9: =IF((AA9=($BF9-1)),BG9,IF((AA9=($BG9+1)),$BG9,AA9)) -> 0 | BQ9: =(IF((OR(($AA9=($BF9-1)),($AA9=($BG9+1)))),(CONCATENATE((BO9),(BP9))),$AA9)) -> 0 | BT9: 9 | BU9: <8
A10: D1S1656 | B10: ='DADOS FINAIS'!F10 -> 13 | C10: ='DADOS FINAIS'!G10 -> 19.3 | D10: ='DADOS FINAIS'!D10 -> 16.3 | E10: ='DADOS FINAIS'!E10 -> 19.3 | F10: ='DADOS FINAIS'!B10 -> 15 | G10: ='DADOS FINAIS'!C10 -> 16.3 | H10: =(IF(CODE(B10)=(60),($BF10-1),(IF(CODE(B10)=(62),($BG10+1),B10)))) -> 13 | I10: =(IF(CODE(C10)=(60),($BF10-1),(IF(CODE(C10)=(62),($BG10+1),C10)))) -> 19.3 | J10: =(IF(CODE(D10)=(60),($BF10-1),(IF(CODE(D10)=(62),($BG10+1),D10)))) -> 16.3 | K10: =(IF(CODE(E10)=(60),($BF10-1),(IF(CODE(E10)=(62),($BG10+1),E10)))) -> 19.3 | L10: =(IF(CODE(F10)=(60),($BF10-1),(IF(CODE(F10)=(62),($BG10+1),F10)))) -> 15 | M10: =(IF(CODE(G10)=(60),($BF10-1),(IF(CODE(G10)=(62),($BG10+1),G10)))) -> 16.3 | N10: =IF((H10>I10),I10,H10) -> 13 | O10: =IF((I10>H10),I10,H10) -> 19.3 | P10: =IF((J10>K10),K10,J10) -> 16.3 | Q10: =IF((K10>J10),K10,J10) -> 19.3 | R10: =IF((L10>M10),M10,L10) -> 15 | S10: =IF((M10>L10),M10,L10) -> 16.3 | T10: =IF((P10=N10),P10,(IF((P10=O10),P10,0))) -> 0 | U10: =IF((Q10=N10),Q10,(IF((Q10=O10),Q10,0))) -> 19.3 | V10: =(IF((OR((P10=">36"),(Q10=">36"))),2,(IF(((T10+U10)=(P10+Q10)),0,1)))) -> 1 | W10: =IF(OR((T10=U10),(U10=0)),T10,(IF(AND((T10=0),(U10<>0)),U10,$AJ$7))) -> 19.3 | X10: =(ROUND( (IF((AND((T10=0),(U10=0))),D10,(IF((V10=2),S10,(IF((W10<>$AJ$7),(P10+Q10-W10),P10)))))),1)) -> 16.3 | Y10: =(IF((AND((T10=0),(U10=0))),E10,(IF((W10<>$AJ$7),0,Q10)))) -> 0 | Z10: =(IF(OR((X10=R10),(X10=S10)),X10,0)) -> 16.3 | AA10: =(IF(AND((V10=0),(Z10=0),(OR((S10=T10),(S10=U10)))),Y10,(IF((Y10<>0),(IF(OR((Y10=R10),(Y10=S10)),Y10,0)),0)))) -> 0 | AB10: =IF(X10=0,0,VLOOKUP(X10,FREQUENCIAS!$1:$1048576,(IF(($A10=FREQUENCIAS!$C$1),3,"ERRO")),FREQUENCIAS!$1:$1048576)) -> 0.0505 | AC10: =IF(Y10=0,0,VLOOKUP(Y10,FREQUENCIAS!$1:$1048576,(IF(($A10=FREQUENCIAS!$C$1),3,"ERRO")),FREQUENCIAS!$1:$1048576)) -> 0 | AG10: =(IF((A10="ERRO-FT"),"24",((IF((AND(($Z10=0),($AA10=0),($AX$32="N"))),0,(IF((AND(($Z10=0),($AA10=0),(AX$32="S"))),1,(IF((AB10+AC10+AD10+AE10+AF10)<=$AI$7,$AI$7,(AB10+AC10+AD10+AE10+AF10)))))))))) -> 0.0505 | AH10: =(IF((A10="ERRO-FT"),"38",(IF((AND(($Z10=0),($AA10=0),($AX$32="N"))),0,(IF((AND(($Z10=0),($AA10=0),(AX$32="S"))),$AY10,(IF(OR((AND(($B10=$C10),($C10=$D10),($D10=$E10),($E10=$F10),($F10=$G10))), ((AND(($N10=$P10),($P10=$R10),($O10=$Q10),($Q10=$S10),($N10<>$O10)))),(AND(($D10=$E10),($B10<>$C10),($E10=$F10),($F10=$G10))),((AND(($X10=$Z10),($F10=$G10))))),(1/$AG10),(1/(2*$AG10)))))))))) -> 9.9009901 | AI10: =(IF((AH10=0),0,(AH10/(AH10+1)))) -> 0.90826521 | AK10: =(1-AG10)^2 -> 0.90155025 | AM10: =IF((AND(($Z10=0),($AA10=0),($AX$32="N"))),"EXCLUI",(IF((AND(($Z10=0),($AA10=0),(AX$32="S"))),"MUTAÇÃO",(IF(OR((AND((B10=C10),(C10=D10),(D10=E10),(E10=F10),(F10=G10))),((AND((N10=P10),(P10=R10),(O10=Q10),(Q10=S10),(N10<>O10)))),(AND((D10=E10),(B10<>C10),(E10=F10),(F10=G10))),((AND((X10=Z10),(F10=G10))))),("1 / F"),("1 / 2F")))))) -> 1 / 2F | AN10: =(IF((AND(($BD$31<=2),(BD10=1))),"MT",(IF((AND(($BD$31>2),(BD10=1))),"EM","OK")))) -> OK | AQ10: =(IF(OR((B10="<24"),(B10=">38"),(B10=24),(B10=24.3),(B10=25.2),(B10=28.2),(B10=29.3),(B10=34.1),(B10=35.1),(B10=37),(B10=38),(B10=#REF!),(B10=#REF!),(B10=#REF!),(B10=#REF!),(B10=#REF!),(B10=#REF!),(B10=#REF!),(B10=#REF!),(B10=#REF!),(B10=#REF!),(B10=#REF!),(B10=#REF!),(B10=#REF!),(B10=#REF!),(B10=#REF!),(B10=#REF!),(B10=#REF!),(B10=#REF!),(B10=#REF!)),1,BW10)) -> #REF! | AR10: =(IF(OR((C10="<24"),(C10=">38"),(C10=24),(C10=24.3),(C10=25.2),(C10=28.2),(C10=29.3),(C10=34.1),(C10=35.1),(C10=37),(C10=38),(C10=#REF!),(C10=#REF!),(C10=#REF!),(C10=#REF!),(C10=#REF!),(C10=#REF!),(C10=#REF!),(C10=#REF!),(C10=#REF!),(C10=#REF!),(C10=#REF!),(C10=#REF!),(C10=#REF!),(C10=#REF!),(C10=#REF!),(C10=#REF!),(C10=#REF!),(C10=#REF!),(C10=#REF!)),1,BX10)) -> #REF! | AS10: =(IF(OR((D10="<24"),(D10=">38"),(D10=24),(D10=24.3),(D10=25.2),(D10=28.2),(D10=29.3),(D10=34.1),(D10=35.1),(D10=37),(D10=38),(D10=#REF!),(D10=#REF!),(D10=#REF!),(D10=#REF!),(D10=#REF!),(D10=#REF!),(D10=#REF!),(D10=#REF!),(D10=#REF!),(D10=#REF!),(D10=#REF!),(D10=#REF!),(D10=#REF!),(D10=#REF!),(D10=#REF!),(D10=#REF!),(D10=#REF!),(D10=#REF!),(D10=#REF!)),1,BY10)) -> #REF! | AT10: =(IF(OR((E10="<24"),(E10=">38"),(E10=24),(E10=24.3),(E10=25.2),(E10=28.2),(E10=29.3),(E10=34.1),(E10=35.1),(E10=37),(E10=38),(E10=#REF!),(E10=#REF!),(E10=#REF!),(E10=#REF!),(E10=#REF!),(E10=#REF!),(E10=#REF!),(E10=#REF!),(E10=#REF!),(E10=#REF!),(E10=#REF!),(E10=#REF!),(E10=#REF!),(E10=#REF!),(E10=#REF!),(E10=#REF!),(E10=#REF!),(E10=#REF!),(E10=#REF!)),1,BZ10)) -> #REF! | AU10: =(IF(OR((F10="<24"),(F10=">38"),(F10=24),(F10=24.3),(F10=25.2),(F10=28.2),(F10=29.3),(F10=34.1),(F10=35.1),(F10=37),(F10=38),(F10=#REF!),(F10=#REF!),(F10=#REF!),(F10=#REF!),(F10=#REF!),(F10=#REF!),(F10=#REF!),(F10=#REF!),(F10=#REF!),(F10=#REF!),(F10=#REF!),(F10=#REF!),(F10=#REF!),(F10=#REF!),(F10=#REF!),(F10=#REF!),(F10=#REF!),(F10=#REF!),(F10=#REF!)),1,CA10)) -> #REF! | AV10: =(IF(OR((G10="<24"),(G10=">38"),(G10=24),(G10=24.3),(G10=25.2),(G10=28.2),(G10=29.3),(G10=34.1),(G10=35.1),(G10=37),(G10=38),(G10=#REF!),(G10=#REF!),(G10=#REF!),(G10=#REF!),(G10=#REF!),(G10=#REF!),(G10=#REF!),(G10=#REF!),(G10=#REF!),(G10=#REF!),(G10=#REF!),(G10=#REF!),(G10=#REF!),(G10=#REF!),(G10=#REF!),(G10=#REF!),(G10=#REF!),(G10=#REF!),(G10=#REF!)),1,CB10)) -> #REF! | AW10: APOIO (BW-CB) | AX10: =IF(($AG10=0),1,0) -> 0 | AY10: =(IF((AND(($AX$32="S"),($AX$33="F"))),$BB$6,(IF((AND(($AX$32="S"),($AX$33="V"))),(BB10/(BA10)),0)))) -> 0 | BA10: =IF($A10=FREQUENCIAS!$C$1,FREQUENCIAS!$C$2,"ERRO NO PE") -> 0.759 | BB10: =IF($A10=FREQUENCIAS!$C$1,FREQUENCIAS!$C$3,"ERRO NA MUT") -> 0 | BC10: =(IF((AND(($AX$32="N"),($AX$34="O"),($AX10=1))),1,$AH10)) -> 9.9009901 | BD10: =IF((W10=0),1,0) -> 0 | BF10: 24 | BG10: 38 | BH10: =(IF((AND((B10>=$BF10),(B10<=$BG10),(C10>=$BF10),(C10<=$BG10),(D10>=$BF10),(D10<=$BG10),(E10>=$BF10),(E10<=$BG10),(F10>=$BF10),(F10<=$BG10),(G10>=$BF10),(G10<=$BG10))),"CORRETO",(IF((OR((B10="<24"),(C10="<24"),(D10="<24"),(E10="<24"),(F10="<24"),(G10="<24"),(B10=">38"),(C10=">38"),(D10=">38"),(E10=">38"),(F10=">38"),(G10=">38"))),"CORRETO","ALELO ERRADO")))) -> ALELO ERRADO | BI10: =IF(($W10=($BF10-1)),"<",IF(($W10=($BG10+1)),">","")) | BJ10: =IF(($W10=($BF10-1)),$BF10,IF(($W10=($BG10-1)),$BG10,$W10)) -> 19.3 | BK10: =(IF((OR(($W10=($BF10-1)),($W10=($BG10+1)))),(CONCATENATE((BI10),(BJ10))),$W10)) -> 19.3 | BL10: =IF(($Z10=($BF10-1)),"<",IF(($Z10=($BG10+1)),">","")) | BM10: =IF(($Z10=($BF10-1)),$BF10,IF(($Z10=($BG10+1)),$BG10,$Z10)) -> 16.3 | BN10: =(IF((OR(($Z10=($BF10-1)),($Z10=($BG10+1)))),(CONCATENATE((BL10),(BM10))),$Z10)) -> 16.3 | BO10: =IF(($AA10=($BF10-1)),"<",IF(($AA10=($BG10+1)),">","")) | BP10: =IF((AA10=($BF10-1)),BG10,IF((AA10=($BG10+1)),$BG10,AA10)) -> 0 | BQ10: =(IF((OR(($AA10=($BF10-1)),($AA10=($BG10+1)))),(CONCATENATE((BO10),(BP10))),$AA10)) -> 0 | BT10: 24 | BU10: 30 | BW10: =(IF((B10=35.2),1,0)) -> 0 | BX10: =(IF((C10=35.2),1,0)) -> 0 | BY10: =(IF((D10=35.2),1,0)) -> 0 | BZ10: =(IF((E10=35.2),1,0)) -> 0 | CA10: =(IF((F10=35.2),1,0)) -> 0 | CB10: =(IF((G10=35.2),1,0)) -> 0
A11: D2S441 | B11: ='DADOS FINAIS'!F11 -> 10 | C11: ='DADOS FINAIS'!G11 -> 11 | D11: ='DADOS FINAIS'!D11 -> 10 | E11: ='DADOS FINAIS'!E11 -> 12 | F11: ='DADOS FINAIS'!B11 -> 10 | G11: ='DADOS FINAIS'!C11 -> 12 | H11: =(IF(CODE(B11)=(60),($BF11-1),(IF(CODE(B11)=(62),($BG11+1),B11)))) -> 10 | I11: =(IF(CODE(C11)=(60),($BF11-1),(IF(CODE(C11)=(62),($BG11+1),C11)))) -> 11 | J11: =(IF(CODE(D11)=(60),($BF11-1),(IF(CODE(D11)=(62),($BG11+1),D11)))) -> 10 | K11: =(IF(CODE(E11)=(60),($BF11-1),(IF(CODE(E11)=(62),($BG11+1),E11)))) -> 12 | L11: =(IF(CODE(F11)=(60),($BF11-1),(IF(CODE(F11)=(62),($BG11+1),F11)))) -> 10 | M11: =(IF(CODE(G11)=(60),($BF11-1),(IF(CODE(G11)=(62),($BG11+1),G11)))) -> 12 | N11: =IF((H11>I11),I11,H11) -> 10 | O11: =IF((I11>H11),I11,H11) -> 11 | P11: =IF((J11>K11),K11,J11) -> 10 | Q11: =IF((K11>J11),K11,J11) -> 12 | R11: =IF((L11>M11),M11,L11) -> 10 | S11: =IF((M11>L11),M11,L11) -> 12 | T11: =IF((P11=N11),P11,(IF((P11=O11),P11,0))) -> 10 | U11: =IF((Q11=N11),Q11,(IF((Q11=O11),Q11,0))) -> 0 | V11: =(IF((OR((P11=">22"),(Q11=">22"))),2,(IF(((T11+U11)=(P11+Q11)),0,1)))) -> 1 | W11: =IF(OR((T11=U11),(U11=0)),T11,(IF(AND((T11=0),(U11<>0)),U11,$AJ$7))) -> 10 | X11: =(ROUND( (IF((AND((T11=0),(U11=0))),D11,(IF((V11=2),S11,(IF((W11<>$AJ$7),(P11+Q11-W11),P11)))))),1)) -> 12 | Y11: =(ROUND( (IF((AND((T11=0),(U11=0))),E11,(IF((W11<>$AJ$7),0,Q11)))),1)) -> 0 | Z11: =(IF(OR((X11=R11),(X11=S11)),X11,0)) -> 12 | AA11: =(IF(AND((V11=0),(Z11=0),(OR((S11=T11),(S11=U11)))),Y11,(IF((Y11<>0),(IF(OR((Y11=R11),(Y11=S11)),Y11,0)),0)))) -> 0 | AB11: =IF(X11=0,0,VLOOKUP(X11,FREQUENCIAS!$1:$1048576,(IF(($A11=FREQUENCIAS!$D$1),4,"ERRO")),FREQUENCIAS!$1:$1048576)) -> 0.0731 | AC11: =IF(Y11=0,0,VLOOKUP(Y11,FREQUENCIAS!$1:$1048576,(IF(($A11=FREQUENCIAS!$D$1),4,"ERRO")),FREQUENCIAS!$1:$1048576)) -> 0 | AG11: =(IF((A11="ERRO-FT"),"6",((IF((AND(($Z11=0),($AA11=0),($AX$32="N"))),0,(IF((AND(($Z11=0),($AA11=0),(AX$32="S"))),1,(IF((AB11+AC11+AD11+AE11+AF11)<=$AI$7,$AI$7,(AB11+AC11+AD11+AE11+AF11)))))))))) -> 0.0731 | AH11: =(IF((A11="ERRO-FT"),"15",(IF((AND(($Z11=0),($AA11=0),($AX$32="N"))),0,(IF((AND(($Z11=0),($AA11=0),(AX$32="S"))),$AY11,(IF(OR((AND(($B11=$C11),($C11=$D11),($D11=$E11),($E11=$F11),($F11=$G11))), ((AND(($N11=$P11),($P11=$R11),($O11=$Q11),($Q11=$S11),($N11<>$O11)))),(AND(($D11=$E11),($B11<>$C11),($E11=$F11),($F11=$G11))),((AND(($X11=$Z11),($F11=$G11))))),(1/$AG11),(1/(2*$AG11)))))))))) -> 6.8399453 | AI11: =(IF((AH11=0),0,(AH11/(AH11+1)))) -> 0.87244809 | AK11: =(1-AG11)^2 -> 0.85914361 | AM11: =IF((AND(($Z11=0),($AA11=0),($AX$32="N"))),"EXCLUI",(IF((AND(($Z11=0),($AA11=0),(AX$32="S"))),"MUTAÇÃO",(IF(OR((AND((B11=C11),(C11=D11),(D11=E11),(E11=F11),(F11=G11))),((AND((N11=P11),(P11=R11),(O11=Q11),(Q11=S11),(N11<>O11)))),(AND((D11=E11),(B11<>C11),(E11=F11),(F11=G11))),((AND((X11=Z11),(F11=G11))))),("1 / F"),("1 / 2F")))))) -> 1 / 2F | AN11: =(IF((AND(($BD$31<=2),(BD11=1))),"MT",(IF((AND(($BD$31>2),(BD11=1))),"EM","OK")))) -> OK | AQ11: =(IF(OR((B11="<6"),(B11=">15"),(B11=6),(B11=15),(B11=#REF!),(B11=#REF!),(B11=#REF!),(B11=#REF!),(B11=#REF!),(B11=#REF!),(B11=#REF!),(B11=#REF!)),1,0)) -> #REF! | AR11: =(IF(OR((C11="<6"),(C11=">15"),(C11=6),(C11=15),(C11=#REF!),(C11=#REF!),(C11=#REF!),(C11=#REF!),(C11=#REF!),(C11=#REF!),(C11=#REF!),(C11=#REF!)),1,0)) -> #REF! | AS11: =(IF(OR((D11="<6"),(D11=">15"),(D11=6),(D11=15),(D11=#REF!),(D11=#REF!),(D11=#REF!),(D11=#REF!),(D11=#REF!),(D11=#REF!),(D11=#REF!),(D11=#REF!)),1,0)) -> #REF! | AT11: =(IF(OR((E11="<6"),(E11=">15"),(E11=6),(E11=15),(E11=#REF!),(E11=#REF!),(E11=#REF!),(E11=#REF!),(E11=#REF!),(E11=#REF!),(E11=#REF!),(E11=#REF!)),1,0)) -> #REF! | AU11: =(IF(OR((F11="<6"),(F11=">15"),(F11=6),(F11=15),(F11=#REF!),(F11=#REF!),(F11=#REF!),(F11=#REF!),(F11=#REF!),(F11=#REF!),(F11=#REF!),(F11=#REF!)),1,0)) -> #REF! | AV11: =(IF(OR((G11="<6"),(G11=">15"),(G11=6),(G11=15),(G11=#REF!),(G11=#REF!),(G11=#REF!),(G11=#REF!),(G11=#REF!),(G11=#REF!),(G11=#REF!),(G11=#REF!)),1,0)) -> #REF! | AX11: =IF(($AG11=0),1,0) -> 0 | AY11: =(IF((AND(($AX$32="S"),($AX$33="F"))),$BB$6,(IF((AND(($AX$32="S"),($AX$33="V"))),(BB11/(BA11)),0)))) -> 0 | BA11: =IF($A11=FREQUENCIAS!$D$1,FREQUENCIAS!$D$2,"ERRO NO PE") -> 0.513 | BB11: =IF($A11=FREQUENCIAS!$D$1,FREQUENCIAS!$D$3,"ERRO NA MUT") -> 0 | BC11: =(IF((AND(($AX$32="N"),($AX$34="O"),($AX11=1))),1,$AH11)) -> 6.8399453 | BD11: =IF((W11=0),1,0) -> 0 | BF11: 6 | BG11: 15 | BH11: =(IF((AND((B11>=$BF11),(B11<=$BG11),(C11>=$BF11),(C11<=$BG11),(D11>=$BF11),(D11<=$BG11),(E11>=$BF11),(E11<=$BG11),(F11>=$BF11),(F11<=$BG11),(G11>=$BF11),(G11<=$BG11))),"CORRETO",(IF((OR((B11="<6"),(C11="<6"),(D11="<6"),(E11="<6"),(F11="<6"),(G11="<6"),(B11=">15"),(C11=">15"),(D11=">15"),(E11=">15"),(F11=">15"),(G11=">15"))),"CORRETO","ALELO ERRADO")))) -> CORRETO | BI11: =IF(($W11=($BF11-1)),"<",IF(($W11=($BG11+1)),">","")) | BJ11: =IF(($W11=($BF11-1)),$BF11,IF(($W11=($BG11-1)),$BG11,$W11)) -> 10 | BK11: =(IF((OR(($W11=($BF11-1)),($W11=($BG11+1)))),(CONCATENATE((BI11),(BJ11))),$W11)) -> 10 | BL11: =IF(($Z11=($BF11-1)),"<",IF(($Z11=($BG11+1)),">","")) | BM11: =IF(($Z11=($BF11-1)),$BF11,IF(($Z11=($BG11+1)),$BG11,$Z11)) -> 12 | BN11: =(IF((OR(($Z11=($BF11-1)),($Z11=($BG11+1)))),(CONCATENATE((BL11),(BM11))),$Z11)) -> 12 | BO11: =IF(($AA11=($BF11-1)),"<",IF(($AA11=($BG11+1)),">","")) | BP11: =IF((AA11=($BF11-1)),BG11,IF((AA11=($BG11+1)),$BG11,AA11)) -> 0 | BQ11: =(IF((OR(($AA11=($BF11-1)),($AA11=($BG11+1)))),(CONCATENATE((BO11),(BP11))),$AA11)) -> 0 | BT11: 10 | BU11: 10
A12: D10S1248 | B12: ='DADOS FINAIS'!F12 -> 13 | C12: ='DADOS FINAIS'!G12 -> 14 | D12: ='DADOS FINAIS'!D12 -> <8 | E12: ='DADOS FINAIS'!E12 -> 14 | F12: ='DADOS FINAIS'!B12 -> <8 | G12: ='DADOS FINAIS'!C12 -> 13 | H12: =(IF(CODE(B12)=(60),($BF12-1),(IF(CODE(B12)=(62),($BG12+1),B12)))) -> 13 | I12: =(IF(CODE(C12)=(60),($BF12-1),(IF(CODE(C12)=(62),($BG12+1),C12)))) -> 14 | J12: =(IF(CODE(D12)=(60),($BF12-1),(IF(CODE(D12)=(62),($BG12+1),D12)))) -> 5 | K12: =(IF(CODE(E12)=(60),($BF12-1),(IF(CODE(E12)=(62),($BG12+1),E12)))) -> 14 | L12: =(IF(CODE(F12)=(60),($BF12-1),(IF(CODE(F12)=(62),($BG12+1),F12)))) -> 5 | M12: =(IF(CODE(G12)=(60),($BF12-1),(IF(CODE(G12)=(62),($BG12+1),G12)))) -> 13 | N12: =IF((H12>I12),I12,H12) -> 13 | O12: =IF((I12>H12),I12,H12) -> 14 | P12: =IF((J12>K12),K12,J12) -> 5 | Q12: =IF((K12>J12),K12,J12) -> 14 | R12: =IF((L12>M12),M12,L12) -> 5 | S12: =IF((M12>L12),M12,L12) -> 13 | T12: =IF((P12=N12),P12,(IF((P12=O12),P12,0))) -> 0 | U12: =IF((Q12=N12),Q12,(IF((Q12=O12),Q12,0))) -> 14 | V12: =(IF((OR((P12=">21"),(Q12=">21"))),2,(IF(((T12+U12)=(P12+Q12)),0,1)))) -> 1 | W12: =IF(OR((T12=U12),(U12=0)),T12,(IF(AND((T12=0),(U12<>0)),U12,$AJ$7))) -> 14 | X12: =(ROUND( (IF((AND((T12=0),(U12=0))),D12,(IF((V12=2),S12,(IF((W12<>$AJ$7),(P12+Q12-W12),P12)))))),1)) -> 5 | Y12: =(IF((AND((T12=0),(U12=0))),E12,(IF((W12<>$AJ$7),0,Q12)))) -> 0 | Z12: =(IF(OR((X12=R12),(X12=S12)),X12,0)) -> 5 | AA12: =(IF(AND((V12=0),(Z12=0),(OR((S12=T12),(S12=U12)))),Y12,(IF((Y12<>0),(IF(OR((Y12=R12),(Y12=S12)),Y12,0)),0)))) -> 0 | AB12: =IF(X12=0,0,VLOOKUP(X12,FREQUENCIAS!$1:$1048576,(IF(($A12=FREQUENCIAS!$E$1),5,"ERRO")),FREQUENCIAS!$1:$1048576)) -> 0 | AC12: =IF(Y12=0,0,VLOOKUP(Y12,FREQUENCIAS!$1:$1048576,(IF(($A12=FREQUENCIAS!$E$1),5,"ERRO")),FREQUENCIAS!$1:$1048576)) -> 0 | AG12: =(IF((A12="ERRO-FT"),"6",((IF((AND(($Z12=0),($AA12=0),($AX$32="N"))),0,(IF((AND(($Z12=0),($AA12=0),(AX$32="S"))),1,(IF((AB12+AC12+AD12+AE12+AF12)<=$AI$7,$AI$7,(AB12+AC12+AD12+AE12+AF12)))))))))) -> 0.02 | AH12: =(IF((A12="ERRO-FT"),"15",(IF((AND(($Z12=0),($AA12=0),($AX$32="N"))),0,(IF((AND(($Z12=0),($AA12=0),(AX$32="S"))),$AY12,(IF(OR((AND(($B12=$C12),($C12=$D12),($D12=$E12),($E12=$F12),($F12=$G12))), ((AND(($N12=$P12),($P12=$R12),($O12=$Q12),($Q12=$S12),($N12<>$O12)))),(AND(($D12=$E12),($B12<>$C12),($E12=$F12),($F12=$G12))),((AND(($X12=$Z12),($F12=$G12))))),(1/$AG12),(1/(2*$AG12)))))))))) -> 25 | AI12: =(IF((AH12=0),0,(AH12/(AH12+1)))) -> 0.96153846 | AJ12: NÃO | AK12: =(1-AG12)^2 -> 0.9604 | AM12: =IF((AND(($Z12=0),($AA12=0),($AX$32="N"))),"EXCLUI",(IF((AND(($Z12=0),($AA12=0),(AX$32="S"))),"MUTAÇÃO",(IF(OR((AND((B12=C12),(C12=D12),(D12=E12),(E12=F12),(F12=G12))),((AND((N12=P12),(P12=R12),(O12=Q12),(Q12=S12),(N12<>O12)))),(AND((D12=E12),(B12<>C12),(E12=F12),(F12=G12))),((AND((X12=Z12),(F12=G12))))),("1 / F"),("1 / 2F")))))) -> 1 / 2F | AN12: =(IF((AND(($BD$31<=2),(BD12=1))),"MT",(IF((AND(($BD$31>2),(BD12=1))),"EM","OK")))) -> OK | AQ12: =(IF(OR((B12="<6"),(B12=">15"),(B12=11.3),(B12=15),(B12=#REF!),(B12=#REF!),(B12=#REF!),(B12=#REF!),(B12=#REF!),(B12=#REF!),(B12=#REF!),(B12=#REF!),(B12=#REF!)),1,0)) -> #REF! | AR12: =(IF(OR((C12="<6"),(C12=">15"),(C12=11.3),(C12=15),(C12=#REF!),(C12=#REF!),(C12=#REF!),(C12=#REF!),(C12=#REF!),(C12=#REF!),(C12=#REF!),(C12=#REF!),(C12=#REF!)),1,0)) -> #REF! | AS12: =(IF(OR((D12="<6"),(D12=">15"),(D12=11.3),(D12=15),(D12=#REF!),(D12=#REF!),(D12=#REF!),(D12=#REF!),(D12=#REF!),(D12=#REF!),(D12=#REF!),(D12=#REF!),(D12=#REF!)),1,0)) -> #REF! | AT12: =(IF(OR((E12="<6"),(E12=">15"),(E12=11.3),(E12=15),(E12=#REF!),(E12=#REF!),(E12=#REF!),(E12=#REF!),(E12=#REF!),(E12=#REF!),(E12=#REF!),(E12=#REF!),(E12=#REF!)),1,0)) -> #REF! | AU12: =(IF(OR((F12="<6"),(F12=">15"),(F12=11.3),(F12=15),(F12=#REF!),(F12=#REF!),(F12=#REF!),(F12=#REF!),(F12=#REF!),(F12=#REF!),(F12=#REF!),(F12=#REF!),(F12=#REF!)),1,0)) -> #REF! | AV12: =(IF(OR((G12="<6"),(G12=">15"),(G12=11.3),(G12=15),(G12=#REF!),(G12=#REF!),(G12=#REF!),(G12=#REF!),(G12=#REF!),(G12=#REF!),(G12=#REF!),(G12=#REF!),(G12=#REF!)),1,0)) -> #REF! | AX12: =IF(($AG12=0),1,0) -> 0 | AY12: =(IF((AND(($AX$32="S"),($AX$33="F"))),$BB$6,(IF((AND(($AX$32="S"),($AX$33="V"))),(BB12/(BA12)),0)))) -> 0 | BA12: =IF($A12=FREQUENCIAS!$E$1,FREQUENCIAS!$E$2,"ERRO NO PE") -> 0.543 | BB12: =IF($A12=FREQUENCIAS!$E$1,FREQUENCIAS!$E$3,"ERRO NA MUT") -> 0 | BC12: =(IF((AND(($AX$32="N"),($AX$34="O"),($AX12=1))),1,$AH12)) -> 25 | BD12: =IF((W12=0),1,0) -> 0 | BF12: 6 | BG12: 15 | BH12: =(IF((AND((B12>=$BF12),(B12<=$BG12),(C12>=$BF12),(C12<=$BG12),(D12>=$BF12),(D12<=$BG12),(E12>=$BF12),(E12<=$BG12),(F12>=$BF12),(F12<=$BG12),(G12>=$BF12),(G12<=$BG12))),"CORRETO",(IF((OR((B12="<6"),(C12="<6"),(D12="<6"),(E12="<6"),(F12="<6"),(G12="<6"),(B12=">15"),(C12=">15"),(D12=">15"),(E12=">15"),(F12=">15"),(G12=">15"))),"CORRETO","ALELO ERRADO")))) -> ALELO ERRADO | BI12: =IF(($W12=($BF12-1)),"<",IF(($W12=($BG12+1)),">","")) | BJ12: =IF(($W12=($BF12-1)),$BF12,IF(($W12=($BG12-1)),$BG12,$W12)) -> 15 | BK12: =(IF((OR(($W12=($BF12-1)),($W12=($BG12+1)))),(CONCATENATE((BI12),(BJ12))),$W12)) -> 14 | BL12: =IF(($Z12=($BF12-1)),"<",IF(($Z12=($BG12+1)),">","")) -> < | BM12: =IF(($Z12=($BF12-1)),$BF12,IF(($Z12=($BG12+1)),$BG12,$Z12)) -> 6 | BN12: =(IF((OR(($Z12=($BF12-1)),($Z12=($BG12+1)))),(CONCATENATE((BL12),(BM12))),$Z12)) -> <6 | BO12: =IF(($AA12=($BF12-1)),"<",IF(($AA12=($BG12+1)),">","")) | BP12: =IF((AA12=($BF12-1)),BG12,IF((AA12=($BG12+1)),$BG12,AA12)) -> 0 | BQ12: =(IF((OR(($AA12=($BF12-1)),($AA12=($BG12+1)))),(CONCATENATE((BO12),(BP12))),$AA12)) -> 0 | BT12: 9 | BU12: 12
A13: D13S317 | B13: ='DADOS FINAIS'!F13 -> 12 | C13: ='DADOS FINAIS'!G13 -> 12 | D13: ='DADOS FINAIS'!D13 -> 10 | E13: ='DADOS FINAIS'!E13 -> 12 | F13: ='DADOS FINAIS'!B13 -> 8 | G13: ='DADOS FINAIS'!C13 -> 10 | H13: =(IF(CODE(B13)=(60),($BF13-1),(IF(CODE(B13)=(62),($BG13+1),B13)))) -> 12 | I13: =(IF(CODE(C13)=(60),($BF13-1),(IF(CODE(C13)=(62),($BG13+1),C13)))) -> 12 | J13: =(IF(CODE(D13)=(60),($BF13-1),(IF(CODE(D13)=(62),($BG13+1),D13)))) -> 10 | K13: =(IF(CODE(E13)=(60),($BF13-1),(IF(CODE(E13)=(62),($BG13+1),E13)))) -> 12 | L13: =(IF(CODE(F13)=(60),($BF13-1),(IF(CODE(F13)=(62),($BG13+1),F13)))) -> 8 | M13: =(IF(CODE(G13)=(60),($BF13-1),(IF(CODE(G13)=(62),($BG13+1),G13)))) -> 10 | N13: =IF((H13>I13),I13,H13) -> 12 | O13: =IF((I13>H13),I13,H13) -> 12 | P13: =IF((J13>K13),K13,J13) -> 10 | Q13: =IF((K13>J13),K13,J13) -> 12 | R13: =IF((L13>M13),M13,L13) -> 8 | S13: =IF((M13>L13),M13,L13) -> 10 | T13: =IF((P13=N13),P13,(IF((P13=O13),P13,0))) -> 0 | U13: =IF((Q13=N13),Q13,(IF((Q13=O13),Q13,0))) -> 12 | V13: =(IF((OR((P13=">21"),(Q13=">21"))),2,(IF(((T13+U13)=(P13+Q13)),0,1)))) -> 1 | W13: =IF(OR((T13=U13),(U13=0)),T13,(IF(AND((T13=0),(U13<>0)),U13,$AJ$7))) -> 12 | X13: =(ROUND( (IF((AND((T13=0),(U13=0))),D13,(IF((V13=2),S13,(IF((W13<>$AJ$7),(P13+Q13-W13),P13)))))),1)) -> 10 | Y13: =(IF((AND((T13=0),(U13=0))),E13,(IF((W13<>$AJ$7),0,Q13)))) -> 0 | Z13: =(IF(OR((X13=R13),(X13=S13)),X13,0)) -> 10 | AA13: =(IF(AND((V13=0),(Z13=0),(OR((S13=T13),(S13=U13)))),Y13,(IF((Y13<>0),(IF(OR((Y13=R13),(Y13=S13)),Y13,0)),0)))) -> 0 | AB13: =IF(X13=0,0,VLOOKUP(X13,FREQUENCIAS!$1:$1048576,(IF(($A13=FREQUENCIAS!$F$1),6,"ERRO")),FREQUENCIAS!$1:$1048576)) -> 0.052624 | AC13: =IF(Y13=0,0,VLOOKUP(Y13,FREQUENCIAS!$1:$1048576,(IF(($A13=FREQUENCIAS!$F$1),6,"ERRO")),FREQUENCIAS!$1:$1048576)) -> 0 | AG13: =(IF((A13="ERRO-FT"),"11",((IF((AND(($Z13=0),($AA13=0),($AX$32="N"))),0,(IF((AND(($Z13=0),($AA13=0),(AX$32="S"))),1,(IF((AB13+AC13+AD13+AE13+AF13)<=$AI$7,$AI$7,(AB13+AC13+AD13+AE13+AF13)))))))))) -> 0.052624 | AH13: =(IF((A13="ERRO-FT"),"20",(IF((AND(($Z13=0),($AA13=0),($AX$32="N"))),0,(IF((AND(($Z13=0),($AA13=0),(AX$32="S"))),$AY13,(IF(OR((AND(($B13=$C13),($C13=$D13),($D13=$E13),($E13=$F13),($F13=$G13))), ((AND(($N13=$P13),($P13=$R13),($O13=$Q13),($Q13=$S13),($N13<>$O13)))),(AND(($D13=$E13),($B13<>$C13),($E13=$F13),($F13=$G13))),((AND(($X13=$Z13),($F13=$G13))))),(1/$AG13),(1/(2*$AG13)))))))))) -> 9.5013682 | AI13: =(IF((AH13=0),0,(AH13/(AH13+1)))) -> 0.90477431 | AJ13: EXCLUSÃO | AK13: =(1-AG13)^2 -> 0.89752129 | AM13: =IF((AND(($Z13=0),($AA13=0),($AX$32="N"))),"EXCLUI",(IF((AND(($Z13=0),($AA13=0),(AX$32="S"))),"MUTAÇÃO",(IF(OR((AND((B13=C13),(C13=D13),(D13=E13),(E13=F13),(F13=G13))),((AND((N13=P13),(P13=R13),(O13=Q13),(Q13=S13),(N13<>O13)))),(AND((D13=E13),(B13<>C13),(E13=F13),(F13=G13))),((AND((X13=Z13),(F13=G13))))),("1 / F"),("1 / 2F")))))) -> 1 / 2F | AN13: =(IF((AND(($BD$31<=2),(BD13=1))),"MT",(IF((AND(($BD$31>2),(BD13=1))),"EM","OK")))) -> OK | AQ13: =(IF(OR((B13="<12"),(B13=">19"),(B13=">20"),(B13=11),(B13=15.2),(B13=20),(B13=#REF!),(B13=#REF!),(B13=#REF!),(B13=#REF!),(B13=#REF!),(B13=#REF!),(B13=#REF!),(B13=#REF!)),1,0)) -> #REF! | AR13: =(IF(OR((C13="<12"),(C13=">19"),(C13=">20"),(C13=11),(C13=15.2),(C13=20),(C13=#REF!),(C13=#REF!),(C13=#REF!),(C13=#REF!),(C13=#REF!),(C13=#REF!),(C13=#REF!),(C13=#REF!)),1,0)) -> #REF! | AS13: =(IF(OR((D13="<12"),(D13=">19"),(D13=">20"),(D13=11),(D13=15.2),(D13=20),(D13=#REF!),(D13=#REF!),(D13=#REF!),(D13=#REF!),(D13=#REF!),(D13=#REF!),(D13=#REF!),(D13=#REF!)),1,0)) -> #REF! | AT13: =(IF(OR((E13="<12"),(E13=">19"),(E13=">20"),(E13=11),(E13=15.2),(E13=20),(E13=#REF!),(E13=#REF!),(E13=#REF!),(E13=#REF!),(E13=#REF!),(E13=#REF!),(E13=#REF!),(E13=#REF!)),1,0)) -> #REF! | AU13: =(IF(OR((F13="<12"),(F13=">19"),(F13=">20"),(F13=11),(F13=15.2),(F13=20),(F13=#REF!),(F13=#REF!),(F13=#REF!),(F13=#REF!),(F13=#REF!),(F13=#REF!),(F13=#REF!),(F13=#REF!)),1,0)) -> #REF! | AV13: =(IF(OR((G13="<12"),(G13=">19"),(G13=">20"),(G13=11),(G13=15.2),(G13=20),(G13=#REF!),(G13=#REF!),(G13=#REF!),(G13=#REF!),(G13=#REF!),(G13=#REF!),(G13=#REF!),(G13=#REF!)),1,0)) -> #REF! | AX13: =IF(($AG13=0),1,0) -> 0 | AY13: =(IF((AND(($AX$32="S"),($AX$33="F"))),$BB$6,(IF((AND(($AX$32="S"),($AX$33="V"))),(BB13/(BA13)),0)))) -> 0 | BA13: =IF($A13=FREQUENCIAS!$F$1,FREQUENCIAS!$F$2,"ERRO NO PE") -> 0.569 | BB13: =IF($A13=FREQUENCIAS!$F$1,FREQUENCIAS!$F$3,"ERRO NA MUT") -> 0.0014 | BC13: =(IF((AND(($AX$32="N"),($AX$34="O"),($AX13=1))),1,$AH13)) -> 9.5013682 | BD13: =IF((W13=0),1,0) -> 0 | BF13: 12 | BG13: 19 | BH13: =(IF((AND((B13>=$BF13),(B13<=$BG13),(C13>=$BF13),(C13<=$BG13),(D13>=$BF13),(D13<=$BG13),(E13>=$BF13),(E13<=$BG13),(F13>=$BF13),(F13<=$BG13),(G13>=$BF13),(G13<=$BG13))),"CORRETO",(IF((OR((B13="<12"),(C13="<12"),(D13="<12"),(E13="<12"),(F13="<12"),(G13="<12"),(B13=">19"),(C13=">19"),(D13=">19"),(E13=">19"),(F13=">19"),(G13=">19"))),"CORRETO","ALELO ERRADO")))) -> ALELO ERRADO | BI13: =IF(($W13=($BF13-1)),"<",IF(($W13=($BG13+1)),">","")) | BJ13: =IF(($W13=($BF13-1)),$BF13,IF(($W13=($BG13-1)),$BG13,$W13)) -> 12 | BK13: =(IF((OR(($W13=($BF13-1)),($W13=($BG13+1)))),(CONCATENATE((BI13),(BJ13))),$W13)) -> 12 | BL13: =IF(($Z13=($BF13-1)),"<",IF(($Z13=($BG13+1)),">","")) | BM13: =IF(($Z13=($BF13-1)),$BF13,IF(($Z13=($BG13+1)),$BG13,$Z13)) -> 10 | BN13: =(IF((OR(($Z13=($BF13-1)),($Z13=($BG13+1)))),(CONCATENATE((BL13),(BM13))),$Z13)) -> 10 | BO13: =IF(($AA13=($BF13-1)),"<",IF(($AA13=($BG13+1)),">","")) | BP13: =IF((AA13=($BF13-1)),BG13,IF((AA13=($BG13+1)),$BG13,AA13)) -> 0 | BQ13: =(IF((OR(($AA13=($BF13-1)),($AA13=($BG13+1)))),(CONCATENATE((BO13),(BP13))),$AA13)) -> 0 | BT13: 12 | BU13: 15
A14: Penta E | B14: ='DADOS FINAIS'!F14 -> 7 | C14: ='DADOS FINAIS'!G14 -> 12 | D14: ='DADOS FINAIS'!D14 -> 7 | E14: ='DADOS FINAIS'!E14 -> 11 | F14: ='DADOS FINAIS'!B14 -> 11 | G14: ='DADOS FINAIS'!C14 -> 11 | H14: =(IF(CODE(B14)=(60),($BF14-1),(IF(CODE(B14)=(62),($BG14+1),B14)))) -> 7 | I14: =(IF(CODE(C14)=(60),($BF14-1),(IF(CODE(C14)=(62),($BG14+1),C14)))) -> 12 | J14: =(IF(CODE(D14)=(60),($BF14-1),(IF(CODE(D14)=(62),($BG14+1),D14)))) -> 7 | K14: =(IF(CODE(E14)=(60),($BF14-1),(IF(CODE(E14)=(62),($BG14+1),E14)))) -> 11 | L14: =(IF(CODE(F14)=(60),($BF14-1),(IF(CODE(F14)=(62),($BG14+1),F14)))) -> 11 | M14: =(IF(CODE(G14)=(60),($BF14-1),(IF(CODE(G14)=(62),($BG14+1),G14)))) -> 11 | N14: =IF((H14>I14),I14,H14) -> 7 | O14: =IF((I14>H14),I14,H14) -> 12 | P14: =IF((J14>K14),K14,J14) -> 7 | Q14: =IF((K14>J14),K14,J14) -> 11 | R14: =IF((L14>M14),M14,L14) -> 11 | S14: =IF((M14>L14),M14,L14) -> 11 | T14: =IF((P14=N14),P14,(IF((P14=O14),P14,0))) -> 7 | U14: =IF((Q14=N14),Q14,(IF((Q14=O14),Q14,0))) -> 0 | V14: =(IF((OR((P14=">20"),(Q14=">20"))),2,(IF(((T14+U14)=(P14+Q14)),0,1)))) -> 1 | W14: =IF(OR((T14=U14),(U14=0)),T14,(IF(AND((T14=0),(U14<>0)),U14,$AJ$7))) -> 7 | X14: =(ROUND( (IF((AND((T14=0),(U14=0))),D14,(IF((V14=2),S14,(IF((W14<>$AJ$7),(P14+Q14-W14),P14)))))),1)) -> 11 | Y14: =(IF((AND((T14=0),(U14=0))),E14,(IF((W14<>$AJ$7),0,Q14)))) -> 0 | Z14: =(IF(OR((X14=R14),(X14=S14)),X14,0)) -> 11 | AA14: =(IF(AND((V14=0),(Z14=0),(OR((S14=T14),(S14=U14)))),Y14,(IF((Y14<>0),(IF(OR((Y14=R14),(Y14=S14)),Y14,0)),0)))) -> 0 | AB14: =IF(X14=0,0,VLOOKUP(X14,FREQUENCIAS!$1:$1048576,(IF(($A14=FREQUENCIAS!$G$1),7,"ERRO")),FREQUENCIAS!$1:$1048576)) -> 0.0110308 | AC14: =IF(Y14=0,0,VLOOKUP(Y14,FREQUENCIAS!$1:$1048576,(IF(($A14=FREQUENCIAS!$G$1),7,"ERRO")),FREQUENCIAS!$1:$1048576)) -> 0 | AG14: =(IF((A14="ERRO-FT"),"4",((IF((AND(($Z14=0),($AA14=0),($AX$32="N"))),0,(IF((AND(($Z14=0),($AA14=0),(AX$32="S"))),1,(IF((AB14+AC14+AD14+AE14+AF14)<=$AI$7,$AI$7,(AB14+AC14+AD14+AE14+AF14)))))))))) -> 0.02 | AH14: =(IF((A14="ERRO-FT"),"13,3",(IF((AND(($Z14=0),($AA14=0),($AX$32="N"))),0,(IF((AND(($Z14=0),($AA14=0),(AX$32="S"))),$AY14,(IF(OR((AND(($B14=$C14),($C14=$D14),($D14=$E14),($E14=$F14),($F14=$G14))), ((AND(($N14=$P14),($P14=$R14),($O14=$Q14),($Q14=$S14),($N14<>$O14)))),(AND(($D14=$E14),($B14<>$C14),($E14=$F14),($F14=$G14))),((AND(($X14=$Z14),($F14=$G14))))),(1/$AG14),(1/(2*$AG14)))))))))) -> 50 | AI14: =(IF((AH14=0),0,(AH14/(AH14+1)))) -> 0.98039216 | AK14: =(1-AG14)^2 -> 0.9604 | AM14: =IF((AND(($Z14=0),($AA14=0),($AX$32="N"))),"EXCLUI",(IF((AND(($Z14=0),($AA14=0),(AX$32="S"))),"MUTAÇÃO",(IF(OR((AND((B14=C14),(C14=D14),(D14=E14),(E14=F14),(F14=G14))),((AND((N14=P14),(P14=R14),(O14=Q14),(Q14=S14),(N14<>O14)))),(AND((D14=E14),(B14<>C14),(E14=F14),(F14=G14))),((AND((X14=Z14),(F14=G14))))),("1 / F"),("1 / 2F")))))) -> 1 / F | AN14: =(IF((AND(($BD$31<=2),(BD14=1))),"MT",(IF((AND(($BD$31>2),(BD14=1))),"EM","OK")))) -> OK | AQ14: =(IF(OR((B14="<4"),(B14=">13,3"),(B14=4),(B14=7.3),(B14=8.3),(B14=5),(B14=11),(B14=12),(B14=13),(B14=13.3),(B14=#REF!),(B14=#REF!),(B14=#REF!),(B14=#REF!),(B14=#REF!),(B14=#REF!)),1,0)) -> #REF! | AR14: =(IF(OR((C14="<4"),(C14=">13,3"),(C14=4),(C14=7.3),(C14=8.3),(C14=5),(C14=11),(C14=12),(C14=13),(C14=13.3),(C14=#REF!),(C14=#REF!),(C14=#REF!),(C14=#REF!),(C14=#REF!),(C14=#REF!)),1,0)) -> #REF! | AS14: =(IF(OR((D14="<4"),(D14=">13,3"),(D14=4),(D14=7.3),(D14=8.3),(D14=5),(D14=11),(D14=12),(D14=13),(D14=13.3),(D14=#REF!),(D14=#REF!),(D14=#REF!),(D14=#REF!),(D14=#REF!),(D14=#REF!)),1,0)) -> #REF! | AT14: =(IF(OR((E14="<4"),(E14=">13,3"),(E14=4),(E14=7.3),(E14=8.3),(E14=5),(E14=11),(E14=12),(E14=13),(E14=13.3),(E14=#REF!),(E14=#REF!),(E14=#REF!),(E14=#REF!),(E14=#REF!),(E14=#REF!)),1,0)) -> #REF! | AU14: =(IF(OR((F14="<4"),(F14=">13,3"),(F14=4),(F14=7.3),(F14=8.3),(F14=5),(F14=11),(F14=12),(F14=13),(F14=13.3),(F14=#REF!),(F14=#REF!),(F14=#REF!),(F14=#REF!),(F14=#REF!),(F14=#REF!)),1,0)) -> #REF! | AV14: =(IF(OR((G14="<4"),(G14=">13,3"),(G14=4),(G14=7.3),(G14=8.3),(G14=5),(G14=11),(G14=12),(G14=13),(G14=13.3),(G14=#REF!),(G14=#REF!),(G14=#REF!),(G14=#REF!),(G14=#REF!),(G14=#REF!)),1,0)) -> #REF! | AX14: =IF(($AG14=0),1,0) -> 0 | AY14: =(IF((AND(($AX$32="S"),($AX$33="F"))),$BB$6,(IF((AND(($AX$32="S"),($AX$33="V"))),(BB14/(BA14)),0)))) -> 0 | BA14: =IF($A14=FREQUENCIAS!$G$1,FREQUENCIAS!$G$2,"ERRO NO PE") -> 0.79 | BB14: =IF($A14=FREQUENCIAS!$G$1,FREQUENCIAS!$G$3,"ERRO NA MUT") -> 0.0016 | BC14: =(IF((AND(($AX$32="N"),($AX$34="O"),($AX14=1))),1,$AH14)) -> 50 | BD14: =IF((W14=0),1,0) -> 0 | BF14: 4 | BG14: 13.3 | BH14: =(IF((AND((B14>=$BF14),(B14<=$BG14),(C14>=$BF14),(C14<=$BG14),(D14>=$BF14),(D14<=$BG14),(E14>=$BF14),(E14<=$BG14),(F14>=$BF14),(F14<=$BG14),(G14>=$BF14),(G14<=$BG14))),"CORRETO",(IF((OR((B14="<4"),(C14="<4"),(D14="<4"),(E14="<4"),(F14="<4"),(G14="<4"),(B14=">13,3"),(C14=">13,3"),(D14=">13,3"),(E14=">13,3"),(F14=">13,3"),(G14=">13,3"))),"CORRETO","ALELO ERRADO")))) -> CORRETO | BI14: =IF(($W14=($BF14-1)),"<",IF(($W14=($BG14+1)),">","")) | BJ14: =IF(($W14=($BF14-1)),$BF14,IF(($W14=($BG14-1)),$BG14,$W14)) -> 7 | BK14: =(IF((OR(($W14=($BF14-1)),($W14=($BG14+1)))),(CONCATENATE((BI14),(BJ14))),$W14)) -> 7 | BL14: =IF(($Z14=($BF14-1)),"<",IF(($Z14=($BG14+1)),">","")) | BM14: =IF(($Z14=($BF14-1)),$BF14,IF(($Z14=($BG14+1)),$BG14,$Z14)) -> 11 | BN14: =(IF((OR(($Z14=($BF14-1)),($Z14=($BG14+1)))),(CONCATENATE((BL14),(BM14))),$Z14)) -> 11 | BO14: =IF(($AA14=($BF14-1)),"<",IF(($AA14=($BG14+1)),">","")) | BP14: =IF((AA14=($BF14-1)),BG14,IF((AA14=($BG14+1)),$BG14,AA14)) -> 0 | BQ14: =(IF((OR(($AA14=($BF14-1)),($AA14=($BG14+1)))),(CONCATENATE((BO14),(BP14))),$AA14)) -> 0 | BT14: 5 | BU14: 11
A15: D16S539 | B15: ='DADOS FINAIS'!F15 -> 11 | C15: ='DADOS FINAIS'!G15 -> 12 | D15: ='DADOS FINAIS'!D15 -> 11 | E15: ='DADOS FINAIS'!E15 -> 12 | F15: ='DADOS FINAIS'!B15 -> 8 | G15: ='DADOS FINAIS'!C15 -> 12 | H15: =(IF(CODE(B15)=(60),($BF15-1),(IF(CODE(B15)=(62),($BG15+1),B15)))) -> 11 | I15: =(IF(CODE(C15)=(60),($BF15-1),(IF(CODE(C15)=(62),($BG15+1),C15)))) -> 12 | J15: =(IF(CODE(D15)=(60),($BF15-1),(IF(CODE(D15)=(62),($BG15+1),D15)))) -> 11 | K15: =(IF(CODE(E15)=(60),($BF15-1),(IF(CODE(E15)=(62),($BG15+1),E15)))) -> 12 | L15: =(IF(CODE(F15)=(60),($BF15-1),(IF(CODE(F15)=(62),($BG15+1),F15)))) -> 8 | M15: =(IF(CODE(G15)=(60),($BF15-1),(IF(CODE(G15)=(62),($BG15+1),G15)))) -> 12 | N15: =IF((H15>I15),I15,H15) -> 11 | O15: =IF((I15>H15),I15,H15) -> 12 | P15: =IF((J15>K15),K15,J15) -> 11 | Q15: =IF((K15>J15),K15,J15) -> 12 | R15: =IF((L15>M15),M15,L15) -> 8 | S15: =IF((M15>L15),M15,L15) -> 12 | T15: =IF((P15=N15),P15,(IF((P15=O15),P15,0))) -> 11 | U15: =IF((Q15=N15),Q15,(IF((Q15=O15),Q15,0))) -> 12 | V15: =(IF((OR((P15=">23"),(Q15=">23"))),2,(IF(((T15+U15)=(P15+Q15)),0,1)))) -> 0 | W15: =IF(OR((T15=U15),(U15=0)),T15,(IF(AND((T15=0),(U15<>0)),U15,$AJ$7))) -> NÃO DEF | X15: =(ROUND( (IF((AND((T15=0),(U15=0))),D15,(IF((V15=2),S15,(IF((W15<>$AJ$7),(P15+Q15-W15),P15)))))),1)) -> 11 | Y15: =(IF((AND((T15=0),(U15=0))),E15,(IF((W15<>$AJ$7),0,Q15)))) -> 12 | Z15: =(IF(OR((X15=R15),(X15=S15)),X15,0)) -> 0 | AA15: =(IF(AND((V15=0),(Z15=0),(OR((S15=T15),(S15=U15)))),Y15,(IF((Y15<>0),(IF(OR((Y15=R15),(Y15=S15)),Y15,0)),0)))) -> 12 | AB15: =IF(X15=0,0,VLOOKUP(X15,FREQUENCIAS!$1:$1048576,(IF(($A15=FREQUENCIAS!$H$1),8,"ERRO")),FREQUENCIAS!$1:$1048576)) -> 0.288681 | AC15: =IF(Y15=0,0,VLOOKUP(Y15,FREQUENCIAS!$1:$1048576,(IF(($A15=FREQUENCIAS!$H$1),8,"ERRO")),FREQUENCIAS!$1:$1048576)) -> 0.256043 | AG15: =(IF((A15="ERRO-FT"),"8",((IF((AND(($Z15=0),($AA15=0),($AX$32="N"))),0,(IF((AND(($Z15=0),($AA15=0),(AX$32="S"))),1,(IF((AB15+AC15+AD15+AE15+AF15)<=$AI$7,$AI$7,(AB15+AC15+AD15+AE15+AF15)))))))))) -> 0.544724 | AH15: =(IF((A15="ERRO-FT"),"15",(IF((AND(($Z15=0),($AA15=0),($AX$32="N"))),0,(IF((AND(($Z15=0),($AA15=0),(AX$32="S"))),$AY15,(IF(OR((AND(($B15=$C15),($C15=$D15),($D15=$E15),($E15=$F15),($F15=$G15))), ((AND(($N15=$P15),($P15=$R15),($O15=$Q15),($Q15=$S15),($N15<>$O15)))),(AND(($D15=$E15),($B15<>$C15),($E15=$F15),($F15=$G15))),((AND(($X15=$Z15),($F15=$G15))))),(1/$AG15),(1/(2*$AG15)))))))))) -> 0.91789604 | AI15: =(IF((AH15=0),0,(AH15/(AH15+1)))) -> 0.4785953 | AK15: =(1-AG15)^2 -> 0.20727624 | AM15: =IF((AND(($Z15=0),($AA15=0),($AX$32="N"))),"EXCLUI",(IF((AND(($Z15=0),($AA15=0),(AX$32="S"))),"MUTAÇÃO",(IF(OR((AND((B15=C15),(C15=D15),(D15=E15),(E15=F15),(F15=G15))),((AND((N15=P15),(P15=R15),(O15=Q15),(Q15=S15),(N15<>O15)))),(AND((D15=E15),(B15<>C15),(E15=F15),(F15=G15))),((AND((X15=Z15),(F15=G15))))),("1 / F"),("1 / 2F")))))) -> 1 / 2F | AN15: =(IF((AND(($BD$31<=2),(BD15=1))),"MT",(IF((AND(($BD$31>2),(BD15=1))),"EM","OK")))) -> OK | AQ15: =(IF(OR((B15="<8"),(B15=">15"),(B15=7),(B15=#REF!),(B15=#REF!),(B15=#REF!),(B15=#REF!),(B15=#REF!),(B15=#REF!),(B15=#REF!),(B15=#REF!)),1,0)) -> #REF! | AR15: =(IF(OR((C15="<8"),(C15=">15"),(C15=7),(C15=#REF!),(C15=#REF!),(C15=#REF!),(C15=#REF!),(C15=#REF!),(C15=#REF!),(C15=#REF!),(C15=#REF!)),1,0)) -> #REF! | AS15: =(IF(OR((D15="<8"),(D15=">15"),(D15=7),(D15=#REF!),(D15=#REF!),(D15=#REF!),(D15=#REF!),(D15=#REF!),(D15=#REF!),(D15=#REF!),(D15=#REF!)),1,0)) -> #REF! | AT15: =(IF(OR((E15="<8"),(E15=">15"),(E15=7),(E15=#REF!),(E15=#REF!),(E15=#REF!),(E15=#REF!),(E15=#REF!),(E15=#REF!),(E15=#REF!),(E15=#REF!)),1,0)) -> #REF! | AU15: =(IF(OR((F15="<8"),(F15=">15"),(F15=7),(F15=#REF!),(F15=#REF!),(F15=#REF!),(F15=#REF!),(F15=#REF!),(F15=#REF!),(F15=#REF!),(F15=#REF!)),1,0)) -> #REF! | AV15: =(IF(OR((G15="<8"),(G15=">15"),(G15=7),(G15=#REF!),(G15=#REF!),(G15=#REF!),(G15=#REF!),(G15=#REF!),(G15=#REF!),(G15=#REF!),(G15=#REF!)),1,0)) -> #REF! | AX15: =IF(($AG15=0),1,0) -> 0 | AY15: =(IF((AND(($AX$32="S"),($AX$33="F"))),$BB$6,(IF((AND(($AX$32="S"),($AX$33="V"))),(BB15/(BA15)),0)))) -> 0 | BA15: =IF($A15=FREQUENCIAS!$H$1,FREQUENCIAS!$H$2,"ERRO NO PE") -> 0.754 | BB15: =IF($A15=FREQUENCIAS!$H$1,FREQUENCIAS!$H$3,"ERRO NA MUT") -> 0.0011 | BC15: =(IF((AND(($AX$32="N"),($AX$34="O"),($AX15=1))),1,$AH15)) -> 0.91789604 | BD15: =IF((W15=0),1,0) -> 0 | BF15: 8 | BG15: 15 | BH15: =(IF((AND((B15>=$BF15),(B15<=$BG15),(C15>=$BF15),(C15<=$BG15),(D15>=$BF15),(D15<=$BG15),(E15>=$BF15),(E15<=$BG15),(F15>=$BF15),(F15<=$BG15),(G15>=$BF15),(G15<=$BG15))),"CORRETO",(IF((OR((B15="<8"),(C15="<8"),(D15="<8"),(E15="<8"),(F15="<8"),(G15="<8"),(B15=">15"),(C15=">15"),(D15=">15"),(E15=">15"),(F15=">15"),(G15=">15"))),"CORRETO","ALELO ERRADO")))) -> CORRETO | BI15: =IF(($W15=($BF15-1)),"<",IF(($W15=($BG15+1)),">","")) | BJ15: =IF(($W15=($BF15-1)),$BF15,IF(($W15=($BG15-1)),$BG15,$W15)) -> NÃO DEF | BK15: =(IF((OR(($W15=($BF15-1)),($W15=($BG15+1)))),(CONCATENATE((BI15),(BJ15))),$W15)) -> NÃO DEF | BL15: =IF(($Z15=($BF15-1)),"<",IF(($Z15=($BG15+1)),">","")) | BM15: =IF(($Z15=($BF15-1)),$BF15,IF(($Z15=($BG15+1)),$BG15,$Z15)) -> 0 | BN15: =(IF((OR(($Z15=($BF15-1)),($Z15=($BG15+1)))),(CONCATENATE((BL15),(BM15))),$Z15)) -> 0 | BO15: =IF(($AA15=($BF15-1)),"<",IF(($AA15=($BG15+1)),">","")) | BP15: =IF((AA15=($BF15-1)),BG15,IF((AA15=($BG15+1)),$BG15,AA15)) -> 12 | BQ15: =(IF((OR(($AA15=($BF15-1)),($AA15=($BG15+1)))),(CONCATENATE((BO15),(BP15))),$AA15)) -> 12 | BT15: 8 | BU15: 11
A16: D18S51 | B16: ='DADOS FINAIS'!F16 -> 14 | C16: ='DADOS FINAIS'!G16 -> 18 | D16: ='DADOS FINAIS'!D16 -> 15 | E16: ='DADOS FINAIS'!E16 -> 18 | F16: ='DADOS FINAIS'!B16 -> 15 | G16: ='DADOS FINAIS'!C16 -> 20 | H16: =(IF(CODE(B16)=(60),($BF16-1),(IF(CODE(B16)=(62),($BG16+1),B16)))) -> 14 | I16: =(IF(CODE(C16)=(60),($BF16-1),(IF(CODE(C16)=(62),($BG16+1),C16)))) -> 18 | J16: =(IF(CODE(D16)=(60),($BF16-1),(IF(CODE(D16)=(62),($BG16+1),D16)))) -> 15 | K16: =(IF(CODE(E16)=(60),($BF16-1),(IF(CODE(E16)=(62),($BG16+1),E16)))) -> 18 | L16: =(IF(CODE(F16)=(60),($BF16-1),(IF(CODE(F16)=(62),($BG16+1),F16)))) -> 15 | M16: =(IF(CODE(G16)=(60),($BF16-1),(IF(CODE(G16)=(62),($BG16+1),G16)))) -> 20 | N16: =IF((H16>I16),I16,H16) -> 14 | O16: =IF((I16>H16),I16,H16) -> 18 | P16: =IF((J16>K16),K16,J16) -> 15 | Q16: =IF((K16>J16),K16,J16) -> 18 | R16: =IF((L16>M16),M16,L16) -> 15 | S16: =IF((M16>L16),M16,L16) -> 20 | T16: =IF((P16=N16),P16,(IF((P16=O16),P16,0))) -> 0 | U16: =IF((Q16=N16),Q16,(IF((Q16=O16),Q16,0))) -> 18 | V16: =(IF((OR((P16=">22"),(Q16=">22"))),2,(IF(((T16+U16)=(P16+Q16)),0,1)))) -> 1 | W16: =IF(OR((T16=U16),(U16=0)),T16,(IF(AND((T16=0),(U16<>0)),U16,$AJ$7))) -> 18 | X16: =(ROUND( (IF((AND((T16=0),(U16=0))),D16,(IF((V16=2),S16,(IF((W16<>$AJ$7),(P16+Q16-W16),P16)))))),1)) -> 15 | Y16: =(IF((AND((T16=0),(U16=0))),E16,(IF((W16<>$AJ$7),0,Q16)))) -> 0 | Z16: =(IF(OR((X16=R16),(X16=S16)),X16,0)) -> 15 | AA16: =(IF(AND((V16=0),(Z16=0),(OR((S16=T16),(S16=U16)))),Y16,(IF((Y16<>0),(IF(OR((Y16=R16),(Y16=S16)),Y16,0)),0)))) -> 0 | AB16: =IF(X16=0,0,VLOOKUP(X16,FREQUENCIAS!$1:$1048576,(IF(($A16=FREQUENCIAS!$I$1),9,"ERRO")),FREQUENCIAS!$1:$1048576)) -> 0.152213 | AC16: =IF(Y16=0,0,VLOOKUP(Y16,FREQUENCIAS!$1:$1048576,(IF(($A16=FREQUENCIAS!$I$1),9,"ERRO")),FREQUENCIAS!$1:$1048576)) -> 0 | AG16: =(IF((A16="ERRO-FT"),"5",((IF((AND(($Z16=0),($AA16=0),($AX$32="N"))),0,(IF((AND(($Z16=0),($AA16=0),(AX$32="S"))),1,(IF((AB16+AC16+AD16+AE16+AF16)<=$AI$7,$AI$7,(AB16+AC16+AD16+AE16+AF16)))))))))) -> 0.152213 | AH16: =(IF((A16="ERRO-FT"),"15",(IF((AND(($Z16=0),($AA16=0),($AX$32="N"))),0,(IF((AND(($Z16=0),($AA16=0),(AX$32="S"))),$AY16,(IF(OR((AND(($B16=$C16),($C16=$D16),($D16=$E16),($E16=$F16),($F16=$G16))), ((AND(($N16=$P16),($P16=$R16),($O16=$Q16),($Q16=$S16),($N16<>$O16)))),(AND(($D16=$E16),($B16<>$C16),($E16=$F16),($F16=$G16))),((AND(($X16=$Z16),($F16=$G16))))),(1/$AG16),(1/(2*$AG16)))))))))) -> 3.2848705 | AI16: =(IF((AH16=0),0,(AH16/(AH16+1)))) -> 0.76662072 | AK16: =(1-AG16)^2 -> 0.7187428 | AM16: =IF((AND(($Z16=0),($AA16=0),($AX$32="N"))),"EXCLUI",(IF((AND(($Z16=0),($AA16=0),(AX$32="S"))),"MUTAÇÃO",(IF(OR((AND((B16=C16),(C16=D16),(D16=E16),(E16=F16),(F16=G16))),((AND((N16=P16),(P16=R16),(O16=Q16),(Q16=S16),(N16<>O16)))),(AND((D16=E16),(B16<>C16),(E16=F16),(F16=G16))),((AND((X16=Z16),(F16=G16))))),("1 / F"),("1 / 2F")))))) -> 1 / 2F | AN16: =(IF((AND(($BD$31<=2),(BD16=1))),"MT",(IF((AND(($BD$31>2),(BD16=1))),"EM","OK")))) -> OK | AQ16: =(IF(OR((B16="<5"),(B16=6),(B16=7),(B16=">15"),(B16=#REF!),(B16=#REF!),(B16=#REF!),(B16=#REF!),(B16=#REF!),(B16=#REF!),(B16=#REF!),(B16=#REF!),(B16=#REF!)),1,0)) -> #REF! | AR16: =(IF(OR((C16="<5"),(C16=6),(C16=7),(C16=">15"),(C16=#REF!),(C16=#REF!),(C16=#REF!),(C16=#REF!),(C16=#REF!),(C16=#REF!),(C16=#REF!),(C16=#REF!),(C16=#REF!)),1,0)) -> #REF! | AS16: =(IF(OR((D16="<5"),(D16=6),(D16=7),(D16=">15"),(D16=#REF!),(D16=#REF!),(D16=#REF!),(D16=#REF!),(D16=#REF!),(D16=#REF!),(D16=#REF!),(D16=#REF!),(D16=#REF!)),1,0)) -> #REF! | AT16: =(IF(OR((E16="<5"),(E16=6),(E16=7),(E16=">15"),(E16=#REF!),(E16=#REF!),(E16=#REF!),(E16=#REF!),(E16=#REF!),(E16=#REF!),(E16=#REF!),(E16=#REF!),(E16=#REF!)),1,0)) -> #REF! | AU16: =(IF(OR((F16="<5"),(F16=6),(F16=7),(F16=">15"),(F16=#REF!),(F16=#REF!),(F16=#REF!),(F16=#REF!),(F16=#REF!),(F16=#REF!),(F16=#REF!),(F16=#REF!),(F16=#REF!)),1,0)) -> #REF! | AV16: =(IF(OR((G16="<5"),(G16=6),(G16=7),(G16=">15"),(G16=#REF!),(G16=#REF!),(G16=#REF!),(G16=#REF!),(G16=#REF!),(G16=#REF!),(G16=#REF!),(G16=#REF!),(G16=#REF!)),1,0)) -> #REF! | AX16: =IF(($AG16=0),1,0) -> 0 | AY16: =(IF((AND(($AX$32="S"),($AX$33="F"))),$BB$6,(IF((AND(($AX$32="S"),($AX$33="V"))),(BB16/(BA16)),0)))) -> 0 | BA16: =IF($A16=FREQUENCIAS!$I$1,FREQUENCIAS!$I$2,"ERRO NO PE") -> 0.754 | BB16: =IF($A16=FREQUENCIAS!$I$1,FREQUENCIAS!$I$3,"ERRO NA MUT") -> 0.0022 | BC16: =(IF((AND(($AX$32="N"),($AX$34="O"),($AX16=1))),1,$AH16)) -> 3.2848705 | BD16: =IF((W16=0),1,0) -> 0 | BF16: 5 | BG16: 15 | BH16: =(IF((AND((B16>=$BF16),(B16<=$BG16),(C16>=$BF16),(C16<=$BG16),(D16>=$BF16),(D16<=$BG16),(E16>=$BF16),(E16<=$BG16),(F16>=$BF16),(F16<=$BG16),(G16>=$BF16),(G16<=$BG16))),"CORRETO",(IF((OR((B16="<5"),(C16="<5"),(D16="<5"),(E16="<5"),(F16="<5"),(G16="<5"),(B16=">15"),(C16=">15"),(D16=">15"),(E16=">15"),(F16=">15"),(G16=">15"))),"CORRETO","ALELO ERRADO")))) -> ALELO ERRADO | BI16: =IF(($W16=($BF16-1)),"<",IF(($W16=($BG16+1)),">","")) | BJ16: =IF(($W16=($BF16-1)),$BF16,IF(($W16=($BG16-1)),$BG16,$W16)) -> 18 | BK16: =(IF((OR(($W16=($BF16-1)),($W16=($BG16+1)))),(CONCATENATE((BI16),(BJ16))),$W16)) -> 18 | BL16: =IF(($Z16=($BF16-1)),"<",IF(($Z16=($BG16+1)),">","")) | BM16: =IF(($Z16=($BF16-1)),$BF16,IF(($Z16=($BG16+1)),$BG16,$Z16)) -> 15 | BN16: =(IF((OR(($Z16=($BF16-1)),($Z16=($BG16+1)))),(CONCATENATE((BL16),(BM16))),$Z16)) -> 15 | BO16: =IF(($AA16=($BF16-1)),"<",IF(($AA16=($BG16+1)),">","")) | BP16: =IF((AA16=($BF16-1)),BG16,IF((AA16=($BG16+1)),$BG16,AA16)) -> 0 | BQ16: =(IF((OR(($AA16=($BF16-1)),($AA16=($BG16+1)))),(CONCATENATE((BO16),(BP16))),$AA16)) -> 0 | BT16: 9 | BU16: 10
A17: D2S1338 | B17: ='DADOS FINAIS'!F17 -> 17 | C17: ='DADOS FINAIS'!G17 -> 17 | D17: ='DADOS FINAIS'!D17 -> 17 | E17: ='DADOS FINAIS'!E17 -> 20 | F17: ='DADOS FINAIS'!B17 -> 20 | G17: ='DADOS FINAIS'!C17 -> 22 | H17: =(IF(CODE(B17)=(60),($BF17-1),(IF(CODE(B17)=(62),($BG17+1),B17)))) -> 17 | I17: =(IF(CODE(C17)=(60),($BF17-1),(IF(CODE(C17)=(62),($BG17+1),C17)))) -> 17 | J17: =(IF(CODE(D17)=(60),($BF17-1),(IF(CODE(D17)=(62),($BG17+1),D17)))) -> 17 | K17: =(IF(CODE(E17)=(60),($BF17-1),(IF(CODE(E17)=(62),($BG17+1),E17)))) -> 20 | L17: =(IF(CODE(F17)=(60),($BF17-1),(IF(CODE(F17)=(62),($BG17+1),F17)))) -> 20 | M17: =(IF(CODE(G17)=(60),($BF17-1),(IF(CODE(G17)=(62),($BG17+1),G17)))) -> 22 | N17: =IF((H17>I17),I17,H17) -> 17 | O17: =IF((I17>H17),I17,H17) -> 17 | P17: =IF((J17>K17),K17,J17) -> 17 | Q17: =IF((K17>J17),K17,J17) -> 20 | R17: =IF((L17>M17),M17,L17) -> 20 | S17: =IF((M17>L17),M17,L17) -> 22 | T17: =IF((P17=N17),P17,(IF((P17=O17),P17,0))) -> 17 | U17: =IF((Q17=N17),Q17,(IF((Q17=O17),Q17,0))) -> 0 | V17: =(IF((OR((P17=">28"),(Q17=">28"))),2,(IF(((T17+U17)=(P17+Q17)),0,1)))) -> 1 | W17: =IF(OR((T17=U17),(U17=0)),T17,(IF(AND((T17=0),(U17<>0)),U17,$AJ$7))) -> 17 | X17: =(ROUND( (IF((AND((T17=0),(U17=0))),D17,(IF((V17=2),S17,(IF((W17<>$AJ$7),(P17+Q17-W17),P17)))))),1)) -> 20 | Y17: =(IF((AND((T17=0),(U17=0))),E17,(IF((W17<>$AJ$7),0,Q17)))) -> 0 | Z17: =(IF(OR((X17=R17),(X17=S17)),X17,0)) -> 20 | AA17: =(IF(AND((V17=0),(Z17=0),(OR((S17=T17),(S17=U17)))),Y17,(IF((Y17<>0),(IF(OR((Y17=R17),(Y17=S17)),Y17,0)),0)))) -> 0 | AB17: =IF(X17=0,0,VLOOKUP(X17,FREQUENCIAS!$1:$1048576,(IF(($A17=FREQUENCIAS!$J$1),10,"ERRO")),FREQUENCIAS!$1:$1048576)) -> 0.1367 | AC17: =IF(Y17=0,0,VLOOKUP(Y17,FREQUENCIAS!$1:$1048576,(IF(($A17=FREQUENCIAS!$J$1),10,"ERRO")),FREQUENCIAS!$1:$1048576)) -> 0 | AG17: =(IF((A17="ERRO-FT"),"15",((IF((AND(($Z17=0),($AA17=0),($AX$32="N"))),0,(IF((AND(($Z17=0),($AA17=0),(AX$32="S"))),1,(IF((AB17+AC17+AD17+AE17+AF17)<=$AI$7,$AI$7,(AB17+AC17+AD17+AE17+AF17)))))))))) -> 0.1367 | AH17: =(IF((A17="ERRO-FT"),"28",(IF((AND(($Z17=0),($AA17=0),($AX$32="N"))),0,(IF((AND(($Z17=0),($AA17=0),(AX$32="S"))),$AY17,(IF(OR((AND(($B17=$C17),($C17=$D17),($D17=$E17),($E17=$F17),($F17=$G17))), ((AND(($N17=$P17),($P17=$R17),($O17=$Q17),($Q17=$S17),($N17<>$O17)))),(AND(($D17=$E17),($B17<>$C17),($E17=$F17),($F17=$G17))),((AND(($X17=$Z17),($F17=$G17))))),(1/$AG17),(1/(2*$AG17)))))))))) -> 3.6576445 | AI17: =(IF((AH17=0),0,(AH17/(AH17+1)))) -> 0.7852992 | AJ17: NIHIL | AK17: =(1-AG17)^2 -> 0.74528689 | AM17: =IF((AND(($Z17=0),($AA17=0),($AX$32="N"))),"EXCLUI",(IF((AND(($Z17=0),($AA17=0),(AX$32="S"))),"MUTAÇÃO",(IF(OR((AND((B17=C17),(C17=D17),(D17=E17),(E17=F17),(F17=G17))),((AND((N17=P17),(P17=R17),(O17=Q17),(Q17=S17),(N17<>O17)))),(AND((D17=E17),(B17<>C17),(E17=F17),(F17=G17))),((AND((X17=Z17),(F17=G17))))),("1 / F"),("1 / 2F")))))) -> 1 / 2F | AN17: =(IF((AND(($BD$31<=2),(BD17=1))),"MT",(IF((AND(($BD$31>2),(BD17=1))),"EM","OK")))) -> OK | AQ17: =(IF(OR((B17="<15"),(B17=">28"),(B17=#REF!),(B17=#REF!),(B17=#REF!),(B17=#REF!),(B17=#REF!),(B17=#REF!),(B17=#REF!),(B17=#REF!),(B17=#REF!),(B17=#REF!),(B17=#REF!),(B17=#REF!),(B17=#REF!),(B17=#REF!)),1,0)) -> #REF! | AR17: =(IF(OR((C17="<15"),(C17=">28"),(C17=#REF!),(C17=#REF!),(C17=#REF!),(C17=#REF!),(C17=#REF!),(C17=#REF!),(C17=#REF!),(C17=#REF!),(C17=#REF!),(C17=#REF!),(C17=#REF!),(C17=#REF!),(C17=#REF!),(C17=#REF!)),1,0)) -> #REF! | AS17: =(IF(OR((D17="<15"),(D17=">28"),(D17=#REF!),(D17=#REF!),(D17=#REF!),(D17=#REF!),(D17=#REF!),(D17=#REF!),(D17=#REF!),(D17=#REF!),(D17=#REF!),(D17=#REF!),(D17=#REF!),(D17=#REF!),(D17=#REF!),(D17=#REF!)),1,0)) -> #REF! | AT17: =(IF(OR((E17="<15"),(E17=">28"),(E17=#REF!),(E17=#REF!),(E17=#REF!),(E17=#REF!),(E17=#REF!),(E17=#REF!),(E17=#REF!),(E17=#REF!),(E17=#REF!),(E17=#REF!),(E17=#REF!),(E17=#REF!),(E17=#REF!),(E17=#REF!)),1,0)) -> #REF! | AU17: =(IF(OR((F17="<15"),(F17=">28"),(F17=#REF!),(F17=#REF!),(F17=#REF!),(F17=#REF!),(F17=#REF!),(F17=#REF!),(F17=#REF!),(F17=#REF!),(F17=#REF!),(F17=#REF!),(F17=#REF!),(F17=#REF!),(F17=#REF!),(F17=#REF!)),1,0)) -> #REF! | AV17: =(IF(OR((G17="<15"),(G17=">28"),(G17=#REF!),(G17=#REF!),(G17=#REF!),(G17=#REF!),(G17=#REF!),(G17=#REF!),(G17=#REF!),(G17=#REF!),(G17=#REF!),(G17=#REF!),(G17=#REF!),(G17=#REF!),(G17=#REF!),(G17=#REF!)),1,0)) -> #REF! | AX17: =IF(($AG17=0),1,0) -> 0 | AY17: =(IF((AND(($AX$32="S"),($AX$33="F"))),$BB$6,(IF((AND(($AX$32="S"),($AX$33="V"))),(BB17/(BA17)),0)))) -> 0 | BA17: =IF($A17=FREQUENCIAS!$J$1,FREQUENCIAS!$J$2,"ERRO NO PE") -> 0.7148 | BB17: =IF($A17=FREQUENCIAS!$J$1,FREQUENCIAS!$J$3,"ERRO NA MUT") -> 0.0012 | BC17: =(IF((AND(($AX$32="N"),($AX$34="O"),($AX17=1))),1,$AH17)) -> 3.6576445 | BD17: =IF((W17=0),1,0) -> 0 | BF17: 15 | BG17: 28 | BH17: =(IF((AND((B17>=$BF17),(B17<=$BG17),(C17>=$BF17),(C17<=$BG17),(D17>=$BF17),(D17<=$BG17),(E17>=$BF17),(E17<=$BG17),(F17>=$BF17),(F17<=$BG17),(G17>=$BF17),(G17<=$BG17))),"CORRETO",(IF((OR((B17="<15"),(C17="<15"),(D17="<15"),(E17="<15"),(F17="<15"),(G17="<15"),(B17=">28"),(C17=">28"),(D17=">28"),(E17=">28"),(F17=">28"),(G17=">28"))),"CORRETO","ALELO ERRADO")))) -> CORRETO | BI17: =IF(($W17=($BF17-1)),"<",IF(($W17=($BG17+1)),">","")) | BJ17: =IF(($W17=($BF17-1)),$BF17,IF(($W17=($BG17-1)),$BG17,$W17)) -> 17 | BK17: =(IF((OR(($W17=($BF17-1)),($W17=($BG17+1)))),(CONCATENATE((BI17),(BJ17))),$W17)) -> 17 | BL17: =IF(($Z17=($BF17-1)),"<",IF(($Z17=($BG17+1)),">","")) | BM17: =IF(($Z17=($BF17-1)),$BF17,IF(($Z17=($BG17+1)),$BG17,$Z17)) -> 20 | BN17: =(IF((OR(($Z17=($BF17-1)),($Z17=($BG17+1)))),(CONCATENATE((BL17),(BM17))),$Z17)) -> 20 | BO17: =IF(($AA17=($BF17-1)),"<",IF(($AA17=($BG17+1)),">","")) | BP17: =IF((AA17=($BF17-1)),BG17,IF((AA17=($BG17+1)),$BG17,AA17)) -> 0 | BQ17: =(IF((OR(($AA17=($BF17-1)),($AA17=($BG17+1)))),(CONCATENATE((BO17),(BP17))),$AA17)) -> 0 | BT17: 23 | BU17: 24
A18: CSF1PO | B18: ='DADOS FINAIS'!F18 -> 10 | C18: ='DADOS FINAIS'!G18 -> 10 | D18: ='DADOS FINAIS'!D18 -> 10 | E18: ='DADOS FINAIS'!E18 -> 10 | F18: ='DADOS FINAIS'!B18 -> 10 | G18: ='DADOS FINAIS'!C18 -> 11 | H18: =(IF(CODE(B18)=(60),($BF18-1),(IF(CODE(B18)=(62),($BG18+1),B18)))) -> 10 | I18: =(IF(CODE(C18)=(60),($BF18-1),(IF(CODE(C18)=(62),($BG18+1),C18)))) -> 10 | J18: =(IF(CODE(D18)=(60),($BF18-1),(IF(CODE(D18)=(62),($BG18+1),D18)))) -> 10 | K18: =(IF(CODE(E18)=(60),($BF18-1),(IF(CODE(E18)=(62),($BG18+1),E18)))) -> 10 | L18: =(IF(CODE(F18)=(60),($BF18-1),(IF(CODE(F18)=(62),($BG18+1),F18)))) -> 10 | M18: =(IF(CODE(G18)=(60),($BF18-1),(IF(CODE(G18)=(62),($BG18+1),G18)))) -> 11 | N18: =IF((H18>I18),I18,H18) -> 10 | O18: =IF((I18>H18),I18,H18) -> 10 | P18: =IF((J18>K18),K18,J18) -> 10 | Q18: =IF((K18>J18),K18,J18) -> 10 | R18: =IF((L18>M18),M18,L18) -> 10 | S18: =IF((M18>L18),M18,L18) -> 11 | T18: =IF((P18=N18),P18,(IF((P18=O18),P18,0))) -> 10 | U18: =IF((Q18=N18),Q18,(IF((Q18=O18),Q18,0))) -> 10 | V18: =(IF((OR((P18=">17,2"),(Q18=">17,2"))),2,(IF(((T18+U18)=(P18+Q18)),0,1)))) -> 0 | W18: =IF(OR((T18=U18),(U18=0)),T18,(IF(AND((T18=0),(U18<>0)),U18,$AJ$7))) -> 10 | X18: =(ROUND( (IF((AND((T18=0),(U18=0))),D18,(IF((V18=2),S18,(IF((W18<>$AJ$7),(P18+Q18-W18),P18)))))),1)) -> 10 | Y18: =(IF((AND((T18=0),(U18=0))),E18,(IF((W18<>$AJ$7),0,Q18)))) -> 0 | Z18: =(IF(OR((X18=R18),(X18=S18)),X18,0)) -> 10 | AA18: =(IF(AND((V18=0),(Z18=0),(OR((S18=T18),(S18=U18)))),Y18,(IF((Y18<>0),(IF(OR((Y18=R18),(Y18=S18)),Y18,0)),0)))) -> 0 | AB18: =IF(X18=0,0,VLOOKUP(X18,FREQUENCIAS!$1:$1048576,(IF(($A18=FREQUENCIAS!$K$1),11,"ERRO")),FREQUENCIAS!$1:$1048576)) -> 0.262376 | AC18: =IF(Y18=0,0,VLOOKUP(Y18,FREQUENCIAS!$1:$1048576,(IF(($A18=FREQUENCIAS!$K$1),11,"ERRO")),FREQUENCIAS!$1:$1048576)) -> 0 | AG18: =(IF((A18="ERRO-FT"),"9",((IF((AND(($Z18=0),($AA18=0),($AX$32="N"))),0,(IF((AND(($Z18=0),($AA18=0),(AX$32="S"))),1,(IF((AB18+AC18+AD18+AE18+AF18)<=$AI$7,$AI$7,(AB18+AC18+AD18+AE18+AF18)))))))))) -> 0.262376 | AH18: =(IF((A18="ERRO-FT"),"17,2",(IF((AND(($Z18=0),($AA18=0),($AX$32="N"))),0,(IF((AND(($Z18=0),($AA18=0),(AX$32="S"))),$AY18,(IF(OR((AND(($B18=$C18),($C18=$D18),($D18=$E18),($E18=$F18),($F18=$G18))), ((AND(($N18=$P18),($P18=$R18),($O18=$Q18),($Q18=$S18),($N18<>$O18)))),(AND(($D18=$E18),($B18<>$C18),($E18=$F18),($F18=$G18))),((AND(($X18=$Z18),($F18=$G18))))),(1/$AG18),(1/(2*$AG18)))))))))) -> 1.9056621 | AI18: =(IF((AH18=0),0,(AH18/(AH18+1)))) -> 0.65584436 | AK18: =(1-AG18)^2 -> 0.54408917 | AM18: =IF((AND(($Z18=0),($AA18=0),($AX$32="N"))),"EXCLUI",(IF((AND(($Z18=0),($AA18=0),(AX$32="S"))),"MUTAÇÃO",(IF(OR((AND((B18=C18),(C18=D18),(D18=E18),(E18=F18),(F18=G18))),((AND((N18=P18),(P18=R18),(O18=Q18),(Q18=S18),(N18<>O18)))),(AND((D18=E18),(B18<>C18),(E18=F18),(F18=G18))),((AND((X18=Z18),(F18=G18))))),("1 / F"),("1 / 2F")))))) -> 1 / 2F | AN18: =(IF((AND(($BD$31<=2),(BD18=1))),"MT",(IF((AND(($BD$31>2),(BD18=1))),"EM","OK")))) -> OK | AQ18: =(IF(OR((B18="<9"),(B18=">17,2"),(B18=9.2),(B18=#REF!),(B18=#REF!),(B18=#REF!),(B18=#REF!),(B18=#REF!),(B18=#REF!),(B18=#REF!),(B18=#REF!),(B18=#REF!),(B18=#REF!),(B18=#REF!),(B18=#REF!),(B18=#REF!),(B18=#REF!),(B18=#REF!),(B18=#REF!),(B18=#REF!),(B18=#REF!)),1,0)) -> #REF! | AR18: =(IF(OR((C18="<9"),(C18=">17,2"),(C18=9.2),(C18=#REF!),(C18=#REF!),(C18=#REF!),(C18=#REF!),(C18=#REF!),(C18=#REF!),(C18=#REF!),(C18=#REF!),(C18=#REF!),(C18=#REF!),(C18=#REF!),(C18=#REF!),(C18=#REF!),(C18=#REF!),(C18=#REF!),(C18=#REF!),(C18=#REF!),(C18=#REF!)),1,0)) -> #REF! | AS18: =(IF(OR((D18="<9"),(D18=">17,2"),(D18=9.2),(D18=#REF!),(D18=#REF!),(D18=#REF!),(D18=#REF!),(D18=#REF!),(D18=#REF!),(D18=#REF!),(D18=#REF!),(D18=#REF!),(D18=#REF!),(D18=#REF!),(D18=#REF!),(D18=#REF!),(D18=#REF!),(D18=#REF!),(D18=#REF!),(D18=#REF!),(D18=#REF!)),1,0)) -> #REF! | AT18: =(IF(OR((E18="<9"),(E18=">17,2"),(E18=9.2),(E18=#REF!),(E18=#REF!),(E18=#REF!),(E18=#REF!),(E18=#REF!),(E18=#REF!),(E18=#REF!),(E18=#REF!),(E18=#REF!),(E18=#REF!),(E18=#REF!),(E18=#REF!),(E18=#REF!),(E18=#REF!),(E18=#REF!),(E18=#REF!),(E18=#REF!),(E18=#REF!)),1,0)) -> #REF! | AU18: =(IF(OR((F18="<9"),(F18=">17,2"),(F18=9.2),(F18=#REF!),(F18=#REF!),(F18=#REF!),(F18=#REF!),(F18=#REF!),(F18=#REF!),(F18=#REF!),(F18=#REF!),(F18=#REF!),(F18=#REF!),(F18=#REF!),(F18=#REF!),(F18=#REF!),(F18=#REF!),(F18=#REF!),(F18=#REF!),(F18=#REF!),(F18=#REF!)),1,0)) -> #REF! | AV18: =(IF(OR((G18="<9"),(G18=">17,2"),(G18=9.2),(G18=#REF!),(G18=#REF!),(G18=#REF!),(G18=#REF!),(G18=#REF!),(G18=#REF!),(G18=#REF!),(G18=#REF!),(G18=#REF!),(G18=#REF!),(G18=#REF!),(G18=#REF!),(G18=#REF!),(G18=#REF!),(G18=#REF!),(G18=#REF!),(G18=#REF!),(G18=#REF!)),1,0)) -> #REF! | AX18: =IF(($AG18=0),1,0) -> 0 | AY18: =(IF((AND(($AX$32="S"),($AX$33="F"))),$BB$6,(IF((AND(($AX$32="S"),($AX$33="V"))),(BB18/(BA18)),0)))) -> 0 | BA18: =IF($A18=FREQUENCIAS!$K$1,FREQUENCIAS!$K$2,"ERRO NO PE") -> 0.465 | BB18: =IF($A18=FREQUENCIAS!$K$1,FREQUENCIAS!$K$3,"ERRO NA MUT") -> 0.0016 | BC18: =(IF((AND(($AX$32="N"),($AX$34="O"),($AX18=1))),1,$AH18)) -> 1.9056621 | BD18: =IF((W18=0),1,0) -> 0 | BF18: 9 | BG18: 18.2 | BH18: =(IF((AND((B18>=$BF18),(B18<=$BG18),(C18>=$BF18),(C18<=$BG18),(D18>=$BF18),(D18<=$BG18),(E18>=$BF18),(E18<=$BG18),(F18>=$BF18),(F18<=$BG18),(G18>=$BF18),(G18<=$BG18))),"CORRETO",(IF((OR((B18="<9"),(C18="<9"),(D18="<9"),(E18="<9"),(F18="<9"),(G18="<9"),(B18=">17,2"),(C18=">17,2"),(D18=">17,2"),(E18=">17,2"),(F18=">17,2"),(G18=">17,2"))),"CORRETO","ALELO ERRADO")))) -> CORRETO | BI18: =IF(($W18=($BF18-1)),"<",IF(($W18=($BG18+1)),">","")) | BJ18: =IF(($W18=($BF18-1)),$BF18,IF(($W18=($BG18-1)),$BG18,$W18)) -> 10 | BK18: =(IF((OR(($W18=($BF18-1)),($W18=($BG18+1)))),(CONCATENATE((BI18),(BJ18))),$W18)) -> 10 | BL18: =IF(($Z18=($BF18-1)),"<",IF(($Z18=($BG18+1)),">","")) | BM18: =IF(($Z18=($BF18-1)),$BF18,IF(($Z18=($BG18+1)),$BG18,$Z18)) -> 10 | BN18: =(IF((OR(($Z18=($BF18-1)),($Z18=($BG18+1)))),(CONCATENATE((BL18),(BM18))),$Z18)) -> 10 | BO18: =IF(($AA18=($BF18-1)),"<",IF(($AA18=($BG18+1)),">","")) | BP18: =IF((AA18=($BF18-1)),BG18,IF((AA18=($BG18+1)),$BG18,AA18)) -> 0 | BQ18: =(IF((OR(($AA18=($BF18-1)),($AA18=($BG18+1)))),(CONCATENATE((BO18),(BP18))),$AA18)) -> 0 | BT18: 15 | BU18: 15
A19: Penta D | B19: ='DADOS FINAIS'!F19 -> 11 | C19: ='DADOS FINAIS'!G19 -> 12 | D19: ='DADOS FINAIS'!D19 -> 11 | E19: ='DADOS FINAIS'!E19 -> 11 | F19: ='DADOS FINAIS'!B19 -> 8 | G19: ='DADOS FINAIS'!C19 -> 11 | H19: =(IF(CODE(B19)=(60),($BF19-1),(IF(CODE(B19)=(62),($BG19+1),B19)))) -> 11 | I19: =(IF(CODE(C19)=(60),($BF19-1),(IF(CODE(C19)=(62),($BG19+1),C19)))) -> 12 | J19: =(IF(CODE(D19)=(60),($BF19-1),(IF(CODE(D19)=(62),($BG19+1),D19)))) -> 11 | K19: =(IF(CODE(E19)=(60),($BF19-1),(IF(CODE(E19)=(62),($BG19+1),E19)))) -> 11 | L19: =(IF(CODE(F19)=(60),($BF19-1),(IF(CODE(F19)=(62),($BG19+1),F19)))) -> 8 | M19: =(IF(CODE(G19)=(60),($BF19-1),(IF(CODE(G19)=(62),($BG19+1),G19)))) -> 11 | N19: =IF((H19>I19),I19,H19) -> 11 | O19: =IF((I19>H19),I19,H19) -> 12 | P19: =IF((J19>K19),K19,J19) -> 11 | Q19: =IF((K19>J19),K19,J19) -> 11 | R19: =IF((L19>M19),M19,L19) -> 8 | S19: =IF((M19>L19),M19,L19) -> 11 | T19: =IF((P19=N19),P19,(IF((P19=O19),P19,0))) -> 11 | U19: =IF((Q19=N19),Q19,(IF((Q19=O19),Q19,0))) -> 11 | V19: =(IF((OR((P19=">21"),(Q19=">21"))),2,(IF(((T19+U19)=(P19+Q19)),0,1)))) -> 0 | W19: =IF(OR((T19=U19),(U19=0)),T19,(IF(AND((T19=0),(U19<>0)),U19,$AJ$7))) -> 11 | X19: =(ROUND( (IF((AND((T19=0),(U19=0))),D19,(IF((V19=2),S19,(IF((W19<>$AJ$7),(P19+Q19-W19),P19)))))),1)) -> 11 | Y19: =(IF((AND((T19=0),(U19=0))),E19,(IF((W19<>$AJ$7),0,Q19)))) -> 0 | Z19: =(IF(OR((X19=R19),(X19=S19)),X19,0)) -> 11 | AA19: =(IF(AND((V19=0),(Z19=0),(OR((S19=T19),(S19=U19)))),Y19,(IF((Y19<>0),(IF(OR((Y19=R19),(Y19=S19)),Y19,0)),0)))) -> 0 | AB19: =IF(X19=0,0,VLOOKUP(X19,FREQUENCIAS!$1:$1048576,(IF(($A19=FREQUENCIAS!$L$1),12,"ERRO")),FREQUENCIAS!$1:$1048576)) -> 0.156798 | AC19: =IF(Y19=0,0,VLOOKUP(Y19,FREQUENCIAS!$1:$1048576,(IF(($A19=FREQUENCIAS!$L$1),12,"ERRO")),FREQUENCIAS!$1:$1048576)) -> 0 | AG19: =(IF((A19="ERRO-FT"),"11",((IF((AND(($Z19=0),($AA19=0),($AX$32="N"))),0,(IF((AND(($Z19=0),($AA19=0),(AX$32="S"))),1,(IF((AB19+AC19+AD19+AE19+AF19)<=$AI$7,$AI$7,(AB19+AC19+AD19+AE19+AF19)))))))))) -> 0.156798 | AH19: =(IF((A19="ERRO-FT"),"24",(IF((AND(($Z19=0),($AA19=0),($AX$32="N"))),0,(IF((AND(($Z19=0),($AA19=0),(AX$32="S"))),$AY19,(IF(OR((AND(($B19=$C19),($C19=$D19),($D19=$E19),($E19=$F19),($F19=$G19))), ((AND(($N19=$P19),($P19=$R19),($O19=$Q19),($Q19=$S19),($N19<>$O19)))),(AND(($D19=$E19),($B19<>$C19),($E19=$F19),($F19=$G19))),((AND(($X19=$Z19),($F19=$G19))))),(1/$AG19),(1/(2*$AG19)))))))))) -> 3.1888162 | AI19: =(IF((AH19=0),0,(AH19/(AH19+1)))) -> 0.76126907 | AJ19: POSITIVO | AK19: =(1-AG19)^2 -> 0.71098961 | AM19: =IF((AND(($Z19=0),($AA19=0),($AX$32="N"))),"EXCLUI",(IF((AND(($Z19=0),($AA19=0),(AX$32="S"))),"MUTAÇÃO",(IF(OR((AND((B19=C19),(C19=D19),(D19=E19),(E19=F19),(F19=G19))),((AND((N19=P19),(P19=R19),(O19=Q19),(Q19=S19),(N19<>O19)))),(AND((D19=E19),(B19<>C19),(E19=F19),(F19=G19))),((AND((X19=Z19),(F19=G19))))),("1 / F"),("1 / 2F")))))) -> 1 / 2F | AN19: =(IF((AND(($BD$31<=2),(BD19=1))),"MT",(IF((AND(($BD$31>2),(BD19=1))),"EM","OK")))) -> OK | AQ19: =(IF(OR((B19="<11"),(B19=">24"),(B19=22),(B19=23),(B19=24),(B19=#REF!),(B19=#REF!),(B19=#REF!),(B19=#REF!),(B19=#REF!),(B19=#REF!),(B19=#REF!),(B19=#REF!),(B19=#REF!),(B19=#REF!),(B19=#REF!)),1,0)) -> #REF! | AR19: =(IF(OR((C19="<11"),(C19=">24"),(C19=22),(C19=23),(C19=24),(C19=#REF!),(C19=#REF!),(C19=#REF!),(C19=#REF!),(C19=#REF!),(C19=#REF!),(C19=#REF!),(C19=#REF!),(C19=#REF!),(C19=#REF!),(C19=#REF!)),1,0)) -> #REF! | AS19: =(IF(OR((D19="<11"),(D19=">24"),(D19=22),(D19=23),(D19=24),(D19=#REF!),(D19=#REF!),(D19=#REF!),(D19=#REF!),(D19=#REF!),(D19=#REF!),(D19=#REF!),(D19=#REF!),(D19=#REF!),(D19=#REF!),(D19=#REF!)),1,0)) -> #REF! | AT19: =(IF(OR((E19="<11"),(E19=">24"),(E19=22),(E19=23),(E19=24),(E19=#REF!),(E19=#REF!),(E19=#REF!),(E19=#REF!),(E19=#REF!),(E19=#REF!),(E19=#REF!),(E19=#REF!),(E19=#REF!),(E19=#REF!),(E19=#REF!)),1,0)) -> #REF! | AU19: =(IF(OR((F19="<11"),(F19=">24"),(F19=22),(F19=23),(F19=24),(F19=#REF!),(F19=#REF!),(F19=#REF!),(F19=#REF!),(F19=#REF!),(F19=#REF!),(F19=#REF!),(F19=#REF!),(F19=#REF!),(F19=#REF!),(F19=#REF!)),1,0)) -> #REF! | AV19: =(IF(OR((G19="<11"),(G19=">24"),(G19=22),(G19=23),(G19=24),(G19=#REF!),(G19=#REF!),(G19=#REF!),(G19=#REF!),(G19=#REF!),(G19=#REF!),(G19=#REF!),(G19=#REF!),(G19=#REF!),(G19=#REF!),(G19=#REF!)),1,0)) -> #REF! | AX19: =IF(($AG19=0),1,0) -> 0 | AY19: =(IF((AND(($AX$32="S"),($AX$33="F"))),$BB$6,(IF((AND(($AX$32="S"),($AX$33="V"))),(BB19/(BA19)),0)))) -> 0 | BA19: =IF($A19=FREQUENCIAS!$L$1,FREQUENCIAS!$L$2,"ERRO NO PE") -> 0.702 | BB19: =IF($A19=FREQUENCIAS!$L$1,FREQUENCIAS!$L$3,"ERRO NA MUT") -> 0.0014 | BC19: =(IF((AND(($AX$32="N"),($AX$34="O"),($AX19=1))),1,$AH19)) -> 3.1888162 | BD19: =IF((W19=0),1,0) -> 0 | BF19: 11 | BG19: 24 | BH19: =(IF((AND((B19>=$BF19),(B19<=$BG19),(C19>=$BF19),(C19<=$BG19),(D19>=$BF19),(D19<=$BG19),(E19>=$BF19),(E19<=$BG19),(F19>=$BF19),(F19<=$BG19),(G19>=$BF19),(G19<=$BG19))),"CORRETO",(IF((OR((B19="<11"),(C19="<11"),(D19="<11"),(E19="<11"),(F19="<11"),(G19="<11"),(B19=">24"),(C19=">24"),(D19=">24"),(E19=">24"),(F19=">24"),(G19=">24"))),"CORRETO","ALELO ERRADO")))) -> ALELO ERRADO | BI19: =IF(($W19=($BF19-1)),"<",IF(($W19=($BG19+1)),">","")) | BJ19: =IF(($W19=($BF19-1)),$BF19,IF(($W19=($BG19-1)),$BG19,$W19)) -> 11 | BK19: =(IF((OR(($W19=($BF19-1)),($W19=($BG19+1)))),(CONCATENATE((BI19),(BJ19))),$W19)) -> 11 | BL19: =IF(($Z19=($BF19-1)),"<",IF(($Z19=($BG19+1)),">","")) | BM19: =IF(($Z19=($BF19-1)),$BF19,IF(($Z19=($BG19+1)),$BG19,$Z19)) -> 11 | BN19: =(IF((OR(($Z19=($BF19-1)),($Z19=($BG19+1)))),(CONCATENATE((BL19),(BM19))),$Z19)) -> 11 | BO19: =IF(($AA19=($BF19-1)),"<",IF(($AA19=($BG19+1)),">","")) | BP19: =IF((AA19=($BF19-1)),BG19,IF((AA19=($BG19+1)),$BG19,AA19)) -> 0 | BQ19: =(IF((OR(($AA19=($BF19-1)),($AA19=($BG19+1)))),(CONCATENATE((BO19),(BP19))),$AA19)) -> 0 | BT19: 15 | BU19: 17
A20: TH01 | B20: ='DADOS FINAIS'!F20 -> 6 | C20: ='DADOS FINAIS'!G20 -> 6 | D20: ='DADOS FINAIS'!D20 -> 6 | E20: ='DADOS FINAIS'!E20 -> 6 | F20: ='DADOS FINAIS'!B20 -> 6 | G20: ='DADOS FINAIS'!C20 -> 7 | H20: =(IF(CODE(B20)=(60),($BF20-1),(IF(CODE(B20)=(62),($BG20+1),B20)))) -> 6 | I20: =(IF(CODE(C20)=(60),($BF20-1),(IF(CODE(C20)=(62),($BG20+1),C20)))) -> 6 | J20: =(IF(CODE(D20)=(60),($BF20-1),(IF(CODE(D20)=(62),($BG20+1),D20)))) -> 6 | K20: =(IF(CODE(E20)=(60),($BF20-1),(IF(CODE(E20)=(62),($BG20+1),E20)))) -> 6 | L20: =(IF(CODE(F20)=(60),($BF20-1),(IF(CODE(F20)=(62),($BG20+1),F20)))) -> 6 | M20: =(IF(CODE(G20)=(60),($BF20-1),(IF(CODE(G20)=(62),($BG20+1),G20)))) -> 7 | N20: =IF((H20>I20),I20,H20) -> 6 | O20: =IF((I20>H20),I20,H20) -> 6 | P20: =IF((J20>K20),K20,J20) -> 6 | Q20: =IF((K20>J20),K20,J20) -> 6 | R20: =IF((L20>M20),M20,L20) -> 6 | S20: =IF((M20>L20),M20,L20) -> 7 | T20: =IF((P20=N20),P20,(IF((P20=O20),P20,0))) -> 6 | U20: =IF((Q20=N20),Q20,(IF((Q20=O20),Q20,0))) -> 6 | V20: =(IF((OR((P20=">20"),(Q20=">20"))),2,(IF(((T20+U20)=(P20+Q20)),0,1)))) -> 0 | W20: =IF(OR((T20=U20),(U20=0)),T20,(IF(AND((T20=0),(U20<>0)),U20,$AJ$7))) -> 6 | X20: =(ROUND( (IF((AND((T20=0),(U20=0))),D20,(IF((V20=2),S20,(IF((W20<>$AJ$7),(P20+Q20-W20),P20)))))),1)) -> 6 | Y20: =(IF((AND((T20=0),(U20=0))),E20,(IF((W20<>$AJ$7),0,Q20)))) -> 0 | Z20: =(IF(OR((X20=R20),(X20=S20)),X20,0)) -> 6 | AA20: =(IF(AND((V20=0),(Z20=0),(OR((S20=T20),(S20=U20)))),Y20,(IF((Y20<>0),(IF(OR((Y20=R20),(Y20=S20)),Y20,0)),0)))) -> 0 | AB20: =IF(X20=0,0,VLOOKUP(X20,FREQUENCIAS!$1:$1048576,(IF(($A20=FREQUENCIAS!$M$1),13,"ERRO")),FREQUENCIAS!$1:$1048576)) -> 0.211238 | AC20: =IF(Y20=0,0,VLOOKUP(Y20,FREQUENCIAS!$1:$1048576,(IF(($A20=FREQUENCIAS!$M$1),13,"ERRO")),FREQUENCIAS!$1:$1048576)) -> 0 | AG20: =(IF((A20="ERRO-FT"),"5",((IF((AND(($Z20=0),($AA20=0),($AX$32="N"))),0,(IF((AND(($Z20=0),($AA20=0),(AX$32="S"))),1,(IF((AB20+AC20+AD20+AE20+AF20)<=$AI$7,$AI$7,(AB20+AC20+AD20+AE20+AF20)))))))))) -> 0.211238 | AH20: =(IF((A20="ERRO-FT"),"13",(IF((AND(($Z20=0),($AA20=0),($AX$32="N"))),0,(IF((AND(($Z20=0),($AA20=0),(AX$32="S"))),$AY20,(IF(OR((AND(($B20=$C20),($C20=$D20),($D20=$E20),($E20=$F20),($F20=$G20))), ((AND(($N20=$P20),($P20=$R20),($O20=$Q20),($Q20=$S20),($N20<>$O20)))),(AND(($D20=$E20),($B20<>$C20),($E20=$F20),($F20=$G20))),((AND(($X20=$Z20),($F20=$G20))))),(1/$AG20),(1/(2*$AG20)))))))))) -> 2.3669984 | AI20: =(IF((AH20=0),0,(AH20/(AH20+1)))) -> 0.70299956 | AK20: =(1-AG20)^2 -> 0.62214549 | AM20: =IF((AND(($Z20=0),($AA20=0),($AX$32="N"))),"EXCLUI",(IF((AND(($Z20=0),($AA20=0),(AX$32="S"))),"MUTAÇÃO",(IF(OR((AND((B20=C20),(C20=D20),(D20=E20),(E20=F20),(F20=G20))),((AND((N20=P20),(P20=R20),(O20=Q20),(Q20=S20),(N20<>O20)))),(AND((D20=E20),(B20<>C20),(E20=F20),(F20=G20))),((AND((X20=Z20),(F20=G20))))),("1 / F"),("1 / 2F")))))) -> 1 / 2F | AN20: =(IF((AND(($BD$31<=2),(BD20=1))),"MT",(IF((AND(($BD$31>2),(BD20=1))),"EM","OK")))) -> OK | AQ20: =(IF(OR((B20="<5"),(B20=">13"),(B20=#REF!),(B20=#REF!),(B20=#REF!),(B20=#REF!),(B20=#REF!),(B20=#REF!),(B20=#REF!),(B20=#REF!),(B20=#REF!)),1,0)) -> #REF! | AR20: =(IF(OR((C20="<5"),(C20=">13"),(C20=#REF!),(C20=#REF!),(C20=#REF!),(C20=#REF!),(C20=#REF!),(C20=#REF!),(C20=#REF!),(C20=#REF!),(C20=#REF!)),1,0)) -> #REF! | AS20: =(IF(OR((D20="<5"),(D20=">13"),(D20=#REF!),(D20=#REF!),(D20=#REF!),(D20=#REF!),(D20=#REF!),(D20=#REF!),(D20=#REF!),(D20=#REF!),(D20=#REF!)),1,0)) -> #REF! | AT20: =(IF(OR((E20="<5"),(E20=">13"),(E20=#REF!),(E20=#REF!),(E20=#REF!),(E20=#REF!),(E20=#REF!),(E20=#REF!),(E20=#REF!),(E20=#REF!),(E20=#REF!)),1,0)) -> #REF! | AU20: =(IF(OR((F20="<5"),(F20=">13"),(F20=#REF!),(F20=#REF!),(F20=#REF!),(F20=#REF!),(F20=#REF!),(F20=#REF!),(F20=#REF!),(F20=#REF!),(F20=#REF!)),1,0)) -> #REF! | AV20: =(IF(OR((G20="<5"),(G20=">13"),(G20=#REF!),(G20=#REF!),(G20=#REF!),(G20=#REF!),(G20=#REF!),(G20=#REF!),(G20=#REF!),(G20=#REF!),(G20=#REF!)),1,0)) -> #REF! | AX20: =IF(($AG20=0),1,0) -> 0 | AY20: =(IF((AND(($AX$32="S"),($AX$33="F"))),$BB$6,(IF((AND(($AX$32="S"),($AX$33="V"))),(BB20/(BA20)),0)))) -> 0 | BA20: =IF($A20=FREQUENCIAS!$M$1,FREQUENCIAS!$M$2,"ERRO NO PE") -> 0.583 | BB20: =IF($A20=FREQUENCIAS!$M$1,FREQUENCIAS!$M$3,"ERRO NA MUT") -> 0.0001 | BC20: =(IF((AND(($AX$32="N"),($AX$34="O"),($AX20=1))),1,$AH20)) -> 2.3669984 | BD20: =IF((W20=0),1,0) -> 0 | BF20: 5 | BG20: 13 | BH20: =(IF((AND((B20>=$BF20),(B20<=$BG20),(C20>=$BF20),(C20<=$BG20),(D20>=$BF20),(D20<=$BG20),(E20>=$BF20),(E20<=$BG20),(F20>=$BF20),(F20<=$BG20),(G20>=$BF20),(G20<=$BG20))),"CORRETO",(IF((OR((B20="<6"),(C20="<6"),(D20="<6"),(E20="<6"),(F20="<6"),(G20="<6"),(B20=">13"),(C20=">13"),(D20=">13"),(E20=">13"),(F20=">13"),(G20=">13"))),"CORRETO","ALELO ERRADO")))) -> CORRETO | BI20: =IF(($W20=($BF20-1)),"<",IF(($W20=($BG20+1)),">","")) | BJ20: =IF(($W20=($BF20-1)),$BF20,IF(($W20=($BG20-1)),$BG20,$W20)) -> 6 | BK20: =(IF((OR(($W20=($BF20-1)),($W20=($BG20+1)))),(CONCATENATE((BI20),(BJ20))),$W20)) -> 6 | BL20: =IF(($Z20=($BF20-1)),"<",IF(($Z20=($BG20+1)),">","")) | BM20: =IF(($Z20=($BF20-1)),$BF20,IF(($Z20=($BG20+1)),$BG20,$Z20)) -> 6 | BN20: =(IF((OR(($Z20=($BF20-1)),($Z20=($BG20+1)))),(CONCATENATE((BL20),(BM20))),$Z20)) -> 6 | BO20: =IF(($AA20=($BF20-1)),"<",IF(($AA20=($BG20+1)),">","")) | BP20: =IF((AA20=($BF20-1)),BG20,IF((AA20=($BG20+1)),$BG20,AA20)) -> 0 | BQ20: =(IF((OR(($AA20=($BF20-1)),($AA20=($BG20+1)))),(CONCATENATE((BO20),(BP20))),$AA20)) -> 0 | BT20: 11 | BU20: 11
A21: vWA | B21: ='DADOS FINAIS'!F21 -> 17 | C21: ='DADOS FINAIS'!G21 -> 17 | D21: ='DADOS FINAIS'!D21 -> 15 | E21: ='DADOS FINAIS'!E21 -> 17 | F21: ='DADOS FINAIS'!B21 -> 15 | G21: ='DADOS FINAIS'!C21 -> 17 | H21: =(IF(CODE(B21)=(60),($BF21-1),(IF(CODE(B21)=(62),($BG21+1),B21)))) -> 17 | I21: =(IF(CODE(C21)=(60),($BF21-1),(IF(CODE(C21)=(62),($BG21+1),C21)))) -> 17 | J21: =(IF(CODE(D21)=(60),($BF21-1),(IF(CODE(D21)=(62),($BG21+1),D21)))) -> 15 | K21: =(IF(CODE(E21)=(60),($BF21-1),(IF(CODE(E21)=(62),($BG21+1),E21)))) -> 17 | L21: =(IF(CODE(F21)=(60),($BF21-1),(IF(CODE(F21)=(62),($BG21+1),F21)))) -> 15 | M21: =(IF(CODE(G21)=(60),($BF21-1),(IF(CODE(G21)=(62),($BG21+1),G21)))) -> 17 | N21: =IF((H21>I21),I21,H21) -> 17 | O21: =IF((I21>H21),I21,H21) -> 17 | P21: =IF((J21>K21),K21,J21) -> 15 | Q21: =IF((K21>J21),K21,J21) -> 17 | R21: =IF((L21>M21),M21,L21) -> 15 | S21: =IF((M21>L21),M21,L21) -> 17 | T21: =IF((P21=N21),P21,(IF((P21=O21),P21,0))) -> 0 | U21: =IF((Q21=N21),Q21,(IF((Q21=O21),Q21,0))) -> 17 | V21: =(IF((OR((P21=">24"),(Q21=">24"))),2,(IF(((T21+U21)=(P21+Q21)),0,1)))) -> 1 | W21: =IF(OR((T21=U21),(U21=0)),T21,(IF(AND((T21=0),(U21<>0)),U21,$AJ$7))) -> 17 | X21: =(ROUND( (IF((AND((T21=0),(U21=0))),D21,(IF((V21=2),S21,(IF((W21<>$AJ$7),(P21+Q21-W21),P21)))))),1)) -> 15 | Y21: =(IF((AND((T21=0),(U21=0))),E21,(IF((W21<>$AJ$7),0,Q21)))) -> 0 | Z21: =(IF(OR((X21=R21),(X21=S21)),X21,0)) -> 15 | AA21: =(IF(AND((V21=0),(Z21=0),(OR((S21=T21),(S21=U21)))),Y21,(IF((Y21<>0),(IF(OR((Y21=R21),(Y21=S21)),Y21,0)),0)))) -> 0 | AB21: =IF(X21=0,0,VLOOKUP(X21,FREQUENCIAS!$1:$1048576,(IF(($A21=FREQUENCIAS!$N$1),14,"ERRO")),FREQUENCIAS!$1:$1048576)) -> 0.137994 | AC21: =IF(Y21=0,0,VLOOKUP(Y21,FREQUENCIAS!$1:$1048576,(IF(($A21=FREQUENCIAS!$N$1),14,"ERRO")),FREQUENCIAS!$1:$1048576)) -> 0 | AG21: =(IF((A21="ERRO-FT"),"7",((IF((AND(($Z21=0),($AA21=0),($AX$32="N"))),0,(IF((AND(($Z21=0),($AA21=0),(AX$32="S"))),1,(IF((AB21+AC21+AD21+AE21+AF21)<=$AI$7,$AI$7,(AB21+AC21+AD21+AE21+AF21)))))))))) -> 0.137994 | AH21: =(IF((A21="ERRO-FT"),"27",(IF((AND(($Z21=0),($AA21=0),($AX$32="N"))),0,(IF((AND(($Z21=0),($AA21=0),(AX$32="S"))),$AY21,(IF(OR((AND(($B21=$C21),($C21=$D21),($D21=$E21),($E21=$F21),($F21=$G21))), ((AND(($N21=$P21),($P21=$R21),($O21=$Q21),($Q21=$S21),($N21<>$O21)))),(AND(($D21=$E21),($B21<>$C21),($E21=$F21),($F21=$G21))),((AND(($X21=$Z21),($F21=$G21))))),(1/$AG21),(1/(2*$AG21)))))))))) -> 3.6233459 | AI21: =(IF((AH21=0),0,(AH21/(AH21+1)))) -> 0.78370643 | AK21: =(1-AG21)^2 -> 0.74305434 | AM21: =IF((AND(($Z21=0),($AA21=0),($AX$32="N"))),"EXCLUI",(IF((AND(($Z21=0),($AA21=0),(AX$32="S"))),"MUTAÇÃO",(IF(OR((AND((B21=C21),(C21=D21),(D21=E21),(E21=F21),(F21=G21))),((AND((N21=P21),(P21=R21),(O21=Q21),(Q21=S21),(N21<>O21)))),(AND((D21=E21),(B21<>C21),(E21=F21),(F21=G21))),((AND((X21=Z21),(F21=G21))))),("1 / F"),("1 / 2F")))))) -> 1 / 2F | AN21: =(IF((AND(($BD$31<=2),(BD21=1))),"MT",(IF((AND(($BD$31>2),(BD21=1))),"EM","OK")))) -> OK | AQ21: =(IF(OR((B21="<7"),(B21=">27"),(B21=21.2),(B21=7),(B21=8),(B21=20.2),(B21=23.2),(B21=25),(B21=14.2),(B21=15.2),(B21=26),(B21=27),(B21=#REF!),(B21=#REF!),(B21=#REF!),(B21=#REF!),(B21=#REF!),(B21=#REF!),(B21=#REF!),(B21=#REF!),(B21=#REF!),(B21=#REF!),(B21=#REF!),(B21=#REF!),(B21=#REF!),(B21=#REF!),(B21=#REF!),(B21=#REF!),(B21=#REF!),(B21=#REF!)),1,0)) -> #REF! | AR21: =(IF(OR((C21="<7"),(C21=">27"),(C21=21.2),(C21=7),(C21=8),(C21=20.2),(C21=23.2),(C21=25),(C21=14.2),(C21=15.2),(C21=26),(C21=27),(C21=#REF!),(C21=#REF!),(C21=#REF!),(C21=#REF!),(C21=#REF!),(C21=#REF!),(C21=#REF!),(C21=#REF!),(C21=#REF!),(C21=#REF!),(C21=#REF!),(C21=#REF!),(C21=#REF!),(C21=#REF!),(C21=#REF!),(C21=#REF!),(C21=#REF!),(C21=#REF!)),1,0)) -> #REF! | AS21: =(IF(OR((D21="<7"),(D21=">27"),(D21=21.2),(D21=7),(D21=8),(D21=20.2),(D21=23.2),(D21=25),(D21=14.2),(D21=15.2),(D21=26),(D21=27),(D21=#REF!),(D21=#REF!),(D21=#REF!),(D21=#REF!),(D21=#REF!),(D21=#REF!),(D21=#REF!),(D21=#REF!),(D21=#REF!),(D21=#REF!),(D21=#REF!),(D21=#REF!),(D21=#REF!),(D21=#REF!),(D21=#REF!),(D21=#REF!),(D21=#REF!),(D21=#REF!)),1,0)) -> #REF! | AT21: =(IF(OR((E21="<7"),(E21=">27"),(E21=21.2),(E21=7),(E21=8),(E21=20.2),(E21=23.2),(E21=25),(E21=14.2),(E21=15.2),(E21=26),(E21=27),(E21=#REF!),(E21=#REF!),(E21=#REF!),(E21=#REF!),(E21=#REF!),(E21=#REF!),(E21=#REF!),(E21=#REF!),(E21=#REF!),(E21=#REF!),(E21=#REF!),(E21=#REF!),(E21=#REF!),(E21=#REF!),(E21=#REF!),(E21=#REF!),(E21=#REF!),(E21=#REF!)),1,0)) -> #REF! | AU21: =(IF(OR((F21="<7"),(F21=">27"),(F21=21.2),(F21=7),(F21=8),(F21=20.2),(F21=23.2),(F21=25),(F21=14.2),(F21=15.2),(F21=26),(F21=27),(F21=#REF!),(F21=#REF!),(F21=#REF!),(F21=#REF!),(F21=#REF!),(F21=#REF!),(F21=#REF!),(F21=#REF!),(F21=#REF!),(F21=#REF!),(F21=#REF!),(F21=#REF!),(F21=#REF!),(F21=#REF!),(F21=#REF!),(F21=#REF!),(F21=#REF!),(F21=#REF!)),1,0)) -> #REF! | AV21: =(IF(OR((G21="<7"),(G21=">27"),(G21=21.2),(G21=7),(G21=8),(G21=20.2),(G21=23.2),(G21=25),(G21=14.2),(G21=15.2),(G21=26),(G21=27),(G21=#REF!),(G21=#REF!),(G21=#REF!),(G21=#REF!),(G21=#REF!),(G21=#REF!),(G21=#REF!),(G21=#REF!),(G21=#REF!),(G21=#REF!),(G21=#REF!),(G21=#REF!),(G21=#REF!),(G21=#REF!),(G21=#REF!),(G21=#REF!),(G21=#REF!),(G21=#REF!)),1,0)) -> #REF! | AX21: =IF(($AG21=0),1,0) -> 0 | AY21: =(IF((AND(($AX$32="S"),($AX$33="F"))),$BB$6,(IF((AND(($AX$32="S"),($AX$33="V"))),(BB21/(BA21)),0)))) -> 0 | BA21: =IF($A21=FREQUENCIAS!$N$1,FREQUENCIAS!$N$2,"ERRO NO PE") -> 0.619 | BB21: =IF($A21=FREQUENCIAS!$N$1,FREQUENCIAS!$N$3,"ERRO NA MUT") -> 0.0017 | BC21: =(IF((AND(($AX$32="N"),($AX$34="O"),($AX21=1))),1,$AH21)) -> 3.6233459 | BD21: =IF((W21=0),1,0) -> 0 | BF21: 7 | BG21: 27 | BH21: =(IF((AND((B21>=$BF21),(B21<=$BG21),(C21>=$BF21),(C21<=$BG21),(D21>=$BF21),(D21<=$BG21),(E21>=$BF21),(E21<=$BG21),(F21>=$BF21),(F21<=$BG21),(G21>=$BF21),(G21<=$BG21))),"CORRETO",(IF((OR((B21="<7"),(C21="<7"),(D21="<7"),(E21="<7"),(F21="<7"),(G21="<7"),(B21=">27"),(C21=">27"),(D21=">27"),(E21=">27"),(F21=">27"),(G21=">27"))),"CORRETO","ALELO ERRADO")))) -> CORRETO | BI21: =IF(($W21=($BF21-1)),"<",IF(($W21=($BG21+1)),">","")) | BJ21: =IF(($W21=($BF21-1)),$BF21,IF(($W21=($BG21-1)),$BG21,$W21)) -> 17 | BK21: =(IF((OR(($W21=($BF21-1)),($W21=($BG21+1)))),(CONCATENATE((BI21),(BJ21))),$W21)) -> 17 | BL21: =IF(($Z21=($BF21-1)),"<",IF(($Z21=($BG21+1)),">","")) | BM21: =IF(($Z21=($BF21-1)),$BF21,IF(($Z21=($BG21+1)),$BG21,$Z21)) -> 15 | BN21: =(IF((OR(($Z21=($BF21-1)),($Z21=($BG21+1)))),(CONCATENATE((BL21),(BM21))),$Z21)) -> 15 | BO21: =IF(($AA21=($BF21-1)),"<",IF(($AA21=($BG21+1)),">","")) | BP21: =IF((AA21=($BF21-1)),BG21,IF((AA21=($BG21+1)),$BG21,AA21)) -> 0 | BQ21: =(IF((OR(($AA21=($BF21-1)),($AA21=($BG21+1)))),(CONCATENATE((BO21),(BP21))),$AA21)) -> 0 | BT21: 12 | BU21: 16
A22: D21S11 | B22: ='DADOS FINAIS'!F22 -> 28 | C22: ='DADOS FINAIS'!G22 -> 30 | D22: ='DADOS FINAIS'!D22 -> 28 | E22: ='DADOS FINAIS'!E22 -> 31.2 | F22: ='DADOS FINAIS'!B22 -> 31.2 | G22: ='DADOS FINAIS'!C22 -> 33.2 | H22: =(IF(CODE(B22)=(60),($BF22-1),(IF(CODE(B22)=(62),($BG22+1),B22)))) -> 28 | I22: =(IF(CODE(C22)=(60),($BF22-1),(IF(CODE(C22)=(62),($BG22+1),C22)))) -> 30 | J22: =(IF(CODE(D22)=(60),($BF22-1),(IF(CODE(D22)=(62),($BG22+1),D22)))) -> 28 | K22: =(IF(CODE(E22)=(60),($BF22-1),(IF(CODE(E22)=(62),($BG22+1),E22)))) -> 31.2 | L22: =(IF(CODE(F22)=(60),($BF22-1),(IF(CODE(F22)=(62),($BG22+1),F22)))) -> 31.2 | M22: =(IF(CODE(G22)=(60),($BF22-1),(IF(CODE(G22)=(62),($BG22+1),G22)))) -> 33.2 | N22: =IF((H22>I22),I22,H22) -> 28 | O22: =IF((I22>H22),I22,H22) -> 30 | P22: =IF((J22>K22),K22,J22) -> 28 | Q22: =IF((K22>J22),K22,J22) -> 31.2 | R22: =IF((L22>M22),M22,L22) -> 31.2 | S22: =IF((M22>L22),M22,L22) -> 33.2 | T22: =IF((P22=N22),P22,(IF((P22=O22),P22,0))) -> 28 | U22: =IF((Q22=N22),Q22,(IF((Q22=O22),Q22,0))) -> 0 | V22: =(IF((OR((P22=">22"),(Q22=">22"))),2,(IF(((T22+U22)=(P22+Q22)),0,1)))) -> 1 | W22: =IF(OR((T22=U22),(U22=0)),T22,(IF(AND((T22=0),(U22<>0)),U22,$AJ$7))) -> 28 | X22: =(ROUND( (IF((AND((T22=0),(U22=0))),D22,(IF((V22=2),S22,(IF((W22<>$AJ$7),(P22+Q22-W22),P22)))))),1)) -> 31.2 | Y22: =(IF((AND((T22=0),(U22=0))),E22,(IF((W22<>$AJ$7),0,Q22)))) -> 0 | Z22: =(IF(OR((X22=R22),(X22=S22)),X22,0)) -> 31.2 | AA22: =(IF(AND((V22=0),(Z22=0),(OR((S22=T22),(S22=U22)))),Y22,(IF((Y22<>0),(IF(OR((Y22=R22),(Y22=S22)),Y22,0)),0)))) -> 0 | AB22: =IF(X22=0,0,VLOOKUP(X22,FREQUENCIAS!$1:$1048576,(IF(($A22=FREQUENCIAS!$O$1),15,"ERRO")),FREQUENCIAS!$1:$1048576)) -> 0.089886 | AC22: =IF(Y22=0,0,VLOOKUP(Y22,FREQUENCIAS!$1:$1048576,(IF(($A22=FREQUENCIAS!$O$1),15,"ERRO")),FREQUENCIAS!$1:$1048576)) -> 0 | AG22: =(IF((A22="ERRO-FT"),"7",((IF((AND(($Z22=0),($AA22=0),($AX$32="N"))),0,(IF((AND(($Z22=0),($AA22=0),(AX$32="S"))),1,(IF((AB22+AC22+AD22+AE22+AF22)<=$AI$7,$AI$7,(AB22+AC22+AD22+AE22+AF22)))))))))) -> 0.089886 | AH22: =(IF((A22="ERRO-FT"),"17",(IF((AND(($Z22=0),($AA22=0),($AX$32="N"))),0,(IF((AND(($Z22=0),($AA22=0),(AX$32="S"))),$AY22,(IF(OR((AND(($B22=$C22),($C22=$D22),($D22=$E22),($E22=$F22),($F22=$G22))), ((AND(($N22=$P22),($P22=$R22),($O22=$Q22),($Q22=$S22),($N22<>$O22)))),(AND(($D22=$E22),($B22<>$C22),($E22=$F22),($F22=$G22))),((AND(($X22=$Z22),($F22=$G22))))),(1/$AG22),(1/(2*$AG22)))))))))) -> 5.5626015 | AI22: =(IF((AH22=0),0,(AH22/(AH22+1)))) -> 0.8476214 | AK22: =(1-AG22)^2 -> 0.82830749 | AM22: =IF((AND(($Z22=0),($AA22=0),($AX$32="N"))),"EXCLUI",(IF((AND(($Z22=0),($AA22=0),(AX$32="S"))),"MUTAÇÃO",(IF(OR((AND((B22=C22),(C22=D22),(D22=E22),(E22=F22),(F22=G22))),((AND((N22=P22),(P22=R22),(O22=Q22),(Q22=S22),(N22<>O22)))),(AND((D22=E22),(B22<>C22),(E22=F22),(F22=G22))),((AND((X22=Z22),(F22=G22))))),("1 / F"),("1 / 2F")))))) -> 1 / 2F | AN22: =(IF((AND(($BD$31<=2),(BD22=1))),"MT",(IF((AND(($BD$31>2),(BD22=1))),"EM","OK")))) -> OK | AQ22: =(IF(OR((B22="<7"),(B22=">17"),(B22=16),(B22=17),(B22=#REF!),(B22=#REF!),(B22=#REF!),(B22=#REF!),(B22=#REF!),(B22=#REF!),(B22=#REF!),(B22=#REF!),(B22=#REF!)),1,0)) -> #REF! | AR22: =(IF(OR((C22="<7"),(C22=">17"),(C22=16),(C22=17),(C22=#REF!),(C22=#REF!),(C22=#REF!),(C22=#REF!),(C22=#REF!),(C22=#REF!),(C22=#REF!),(C22=#REF!),(C22=#REF!)),1,0)) -> #REF! | AS22: =(IF(OR((D22="<7"),(D22=">17"),(D22=16),(D22=17),(D22=#REF!),(D22=#REF!),(D22=#REF!),(D22=#REF!),(D22=#REF!),(D22=#REF!),(D22=#REF!),(D22=#REF!),(D22=#REF!)),1,0)) -> #REF! | AT22: =(IF(OR((E22="<7"),(E22=">17"),(E22=16),(E22=17),(E22=#REF!),(E22=#REF!),(E22=#REF!),(E22=#REF!),(E22=#REF!),(E22=#REF!),(E22=#REF!),(E22=#REF!),(E22=#REF!)),1,0)) -> #REF! | AU22: =(IF(OR((F22="<7"),(F22=">17"),(F22=16),(F22=17),(F22=#REF!),(F22=#REF!),(F22=#REF!),(F22=#REF!),(F22=#REF!),(F22=#REF!),(F22=#REF!),(F22=#REF!),(F22=#REF!)),1,0)) -> #REF! | AV22: =(IF(OR((G22="<7"),(G22=">17"),(G22=16),(G22=17),(G22=#REF!),(G22=#REF!),(G22=#REF!),(G22=#REF!),(G22=#REF!),(G22=#REF!),(G22=#REF!),(G22=#REF!),(G22=#REF!)),1,0)) -> #REF! | AX22: =IF(($AG22=0),1,0) -> 0 | AY22: =(IF((AND(($AX$32="S"),($AX$33="F"))),$BB$6,(IF((AND(($AX$32="S"),($AX$33="V"))),(BB22/(BA22)),0)))) -> 0 | BA22: =IF($A22=FREQUENCIAS!$O$1,FREQUENCIAS!$O$2,"ERRO NO PE") -> 0.681 | BB22: =IF($A22=FREQUENCIAS!$O$1,FREQUENCIAS!$O$3,"ERRO NA MUT") -> 0.0019 | BC22: =(IF((AND(($AX$32="N"),($AX$34="O"),($AX22=1))),1,$AH22)) -> 5.5626015 | BD22: =IF((W22=0),1,0) -> 0 | BF22: 7 | BG22: 16 | BH22: =(IF((AND((B22>=$BF22),(B22<=$BG22),(C22>=$BF22),(C22<=$BG22),(D22>=$BF22),(D22<=$BG22),(E22>=$BF22),(E22<=$BG22),(F22>=$BF22),(F22<=$BG22),(G22>=$BF22),(G22<=$BG22))),"CORRETO",(IF((OR((B22="<7"),(C22="<7"),(D22="<7"),(E22="<7"),(F22="<7"),(G22="<7"),(B22=">16"),(C22=">16"),(D22=">16"),(E22=">16"),(F22=">16"),(G22=">16"))),"CORRETO","ALELO ERRADO")))) -> ALELO ERRADO | BI22: =IF(($W22=($BF22-1)),"<",IF(($W22=($BG22+1)),">","")) | BJ22: =IF(($W22=($BF22-1)),$BF22,IF(($W22=($BG22-1)),$BG22,$W22)) -> 28 | BK22: =(IF((OR(($W22=($BF22-1)),($W22=($BG22+1)))),(CONCATENATE((BI22),(BJ22))),$W22)) -> 28 | BL22: =IF(($Z22=($BF22-1)),"<",IF(($Z22=($BG22+1)),">","")) | BM22: =IF(($Z22=($BF22-1)),$BF22,IF(($Z22=($BG22+1)),$BG22,$Z22)) -> 31.2 | BN22: =(IF((OR(($Z22=($BF22-1)),($Z22=($BG22+1)))),(CONCATENATE((BL22),(BM22))),$Z22)) -> 31.2 | BO22: =IF(($AA22=($BF22-1)),"<",IF(($AA22=($BG22+1)),">","")) | BP22: =IF((AA22=($BF22-1)),BG22,IF((AA22=($BG22+1)),$BG22,AA22)) -> 0 | BQ22: =(IF((OR(($AA22=($BF22-1)),($AA22=($BG22+1)))),(CONCATENATE((BO22),(BP22))),$AA22)) -> 0 | BT22: 13 | BU22: 13
A23: D7S820 | B23: ='DADOS FINAIS'!F23 -> 10 | C23: ='DADOS FINAIS'!G23 -> 10 | D23: ='DADOS FINAIS'!D23 -> 10 | E23: ='DADOS FINAIS'!E23 -> 10 | F23: ='DADOS FINAIS'!B23 -> 8 | G23: ='DADOS FINAIS'!C23 -> 10 | H23: =(IF(CODE(B23)=(60),($BF23-1),(IF(CODE(B23)=(62),($BG23+1),B23)))) -> 10 | I23: =(IF(CODE(C23)=(60),($BF23-1),(IF(CODE(C23)=(62),($BG23+1),C23)))) -> 10 | J23: =(IF(CODE(D23)=(60),($BF23-1),(IF(CODE(D23)=(62),($BG23+1),D23)))) -> 10 | K23: =(IF(CODE(E23)=(60),($BF23-1),(IF(CODE(E23)=(62),($BG23+1),E23)))) -> 10 | L23: =(IF(CODE(F23)=(60),($BF23-1),(IF(CODE(F23)=(62),($BG23+1),F23)))) -> 8 | M23: =(IF(CODE(G23)=(60),($BF23-1),(IF(CODE(G23)=(62),($BG23+1),G23)))) -> 10 | N23: =IF((H23>I23),I23,H23) -> 10 | O23: =IF((I23>H23),I23,H23) -> 10 | P23: =IF((J23>K23),K23,J23) -> 10 | Q23: =IF((K23>J23),K23,J23) -> 10 | R23: =IF((L23>M23),M23,L23) -> 8 | S23: =IF((M23>L23),M23,L23) -> 10 | T23: =IF((P23=N23),P23,(IF((P23=O23),P23,0))) -> 10 | U23: =IF((Q23=N23),Q23,(IF((Q23=O23),Q23,0))) -> 10 | V23: =(IF((OR((P23=">32"),(Q23=">32"))),2,(IF(((T23+U23)=(P23+Q23)),0,1)))) -> 0 | W23: =IF(OR((T23=U23),(U23=0)),T23,(IF(AND((T23=0),(U23<>0)),U23,$AJ$7))) -> 10 | X23: =(ROUND( (IF((AND((T23=0),(U23=0))),D23,(IF((V23=2),S23,(IF((W23<>$AJ$7),(P23+Q23-W23),P23)))))),1)) -> 10 | Y23: =(IF((AND((T23=0),(U23=0))),E23,(IF((W23<>$AJ$7),0,Q23)))) -> 0 | Z23: =(IF(OR((X23=R23),(X23=S23)),X23,0)) -> 10 | AA23: =(IF(AND((V23=0),(Z23=0),(OR((S23=T23),(S23=U23)))),Y23,(IF((Y23<>0),(IF(OR((Y23=R23),(Y23=S23)),Y23,0)),0)))) -> 0 | AB23: =IF(X23=0,0,VLOOKUP(X23,FREQUENCIAS!$1:$1048576,(IF(($A23=FREQUENCIAS!$P$1),16,"ERRO")),FREQUENCIAS!$1:$1048576)) -> 0.275034 | AC23: =IF(Y23=0,0,VLOOKUP(Y23,FREQUENCIAS!$1:$1048576,(IF(($A23=FREQUENCIAS!$P$1),16,"ERRO")),FREQUENCIAS!$1:$1048576)) -> 0 | AG23: =(IF((A23="ERRO-FT"),"16",((IF((AND(($Z23=0),($AA23=0),($AX$32="N"))),0,(IF((AND(($Z23=0),($AA23=0),(AX$32="S"))),1,(IF((AB23+AC23+AD23+AE23+AF23)<=$AI$7,$AI$7,(AB23+AC23+AD23+AE23+AF23)))))))))) -> 0.275034 | AH23: =(IF((A23="ERRO-FT"),"51,2",(IF((AND(($Z23=0),($AA23=0),($AX$32="N"))),0,(IF((AND(($Z23=0),($AA23=0),(AX$32="S"))),$AY23,(IF(OR((AND(($B23=$C23),($C23=$D23),($D23=$E23),($E23=$F23),($F23=$G23))), ((AND(($N23=$P23),($P23=$R23),($O23=$Q23),($Q23=$S23),($N23<>$O23)))),(AND(($D23=$E23),($B23<>$C23),($E23=$F23),($F23=$G23))),((AND(($X23=$Z23),($F23=$G23))))),(1/$AG23),(1/(2*$AG23)))))))))) -> 1.8179571 | AI23: =(IF((AH23=0),0,(AH23/(AH23+1)))) -> 0.64513299 | AJ23: NIHIL | AK23: =(1-AG23)^2 -> 0.5255757 | AM23: =IF((AND(($Z23=0),($AA23=0),($AX$32="N"))),"EXCLUI",(IF((AND(($Z23=0),($AA23=0),(AX$32="S"))),"MUTAÇÃO",(IF(OR((AND((B23=C23),(C23=D23),(D23=E23),(E23=F23),(F23=G23))),((AND((N23=P23),(P23=R23),(O23=Q23),(Q23=S23),(N23<>O23)))),(AND((D23=E23),(B23<>C23),(E23=F23),(F23=G23))),((AND((X23=Z23),(F23=G23))))),("1 / F"),("1 / 2F")))))) -> 1 / 2F | AN23: =(IF((AND(($BD$31<=2),(BD23=1))),"MT",(IF((AND(($BD$31>2),(BD23=1))),"EM","OK")))) -> OK | AQ23: =(IF(OR((B23="<16"),(B23=">51,2"),(B23=16),(B23=16.1),(B23=17.2),(B23=18.2),(B23=19.2),(B23=20.2),(B23=21.2),(B23=51.2),(B23=17),(B23=31.2),(B23=32.2),(B23=33.2),(B23=#REF!),(B23=#REF!),(B23=#REF!),(B23=#REF!),(B23=#REF!),(B23=#REF!),(B23=#REF!),(B23=#REF!),(B23=#REF!),(B23=#REF!),(B23=#REF!),(B23=#REF!),(B23=#REF!),(B23=#REF!),(B23=#REF!),(B23=#REF!)),1,BW23)) -> #REF! | AR23: =(IF(OR((C23="<16"),(C23=">51,2"),(C23=16),(C23=16.1),(C23=17.2),(C23=18.2),(C23=19.2),(C23=20.2),(C23=21.2),(C23=51.2),(C23=17),(C23=31.2),(C23=32.2),(C23=33.2),(C23=#REF!),(C23=#REF!),(C23=#REF!),(C23=#REF!),(C23=#REF!),(C23=#REF!),(C23=#REF!),(C23=#REF!),(C23=#REF!),(C23=#REF!),(C23=#REF!),(C23=#REF!),(C23=#REF!),(C23=#REF!),(C23=#REF!),(C23=#REF!)),1,BX23)) -> #REF! | AS23: =(IF(OR((D23="<16"),(D23=">51,2"),(D23=16),(D23=16.1),(D23=17.2),(D23=18.2),(D23=19.2),(D23=20.2),(D23=21.2),(D23=51.2),(D23=17),(D23=31.2),(D23=32.2),(D23=33.2),(D23=#REF!),(D23=#REF!),(D23=#REF!),(D23=#REF!),(D23=#REF!),(D23=#REF!),(D23=#REF!),(D23=#REF!),(D23=#REF!),(D23=#REF!),(D23=#REF!),(D23=#REF!),(D23=#REF!),(D23=#REF!),(D23=#REF!),(D23=#REF!)),1,BY23)) -> #REF! | AT23: =(IF(OR((E23="<16"),(E23=">51,2"),(E23=16),(E23=16.1),(E23=17.2),(E23=18.2),(E23=19.2),(E23=20.2),(E23=21.2),(E23=51.2),(E23=17),(E23=31.2),(E23=32.2),(E23=33.2),(E23=#REF!),(E23=#REF!),(E23=#REF!),(E23=#REF!),(E23=#REF!),(E23=#REF!),(E23=#REF!),(E23=#REF!),(E23=#REF!),(E23=#REF!),(E23=#REF!),(E23=#REF!),(E23=#REF!),(E23=#REF!),(E23=#REF!),(E23=#REF!)),1,BZ23)) -> #REF! | AU23: =(IF(OR((F23="<16"),(F23=">51,2"),(F23=16),(F23=16.1),(F23=17.2),(F23=18.2),(F23=19.2),(F23=20.2),(F23=21.2),(F23=51.2),(F23=17),(F23=31.2),(F23=32.2),(F23=33.2),(F23=#REF!),(F23=#REF!),(F23=#REF!),(F23=#REF!),(F23=#REF!),(F23=#REF!),(F23=#REF!),(F23=#REF!),(F23=#REF!),(F23=#REF!),(F23=#REF!),(F23=#REF!),(F23=#REF!),(F23=#REF!),(F23=#REF!),(F23=#REF!)),1,CA23)) -> #REF! | AV23: =(IF(OR((G23="<16"),(G23=">51,2"),(G23=16),(G23=16.1),(G23=17.2),(G23=18.2),(G23=19.2),(G23=20.2),(G23=21.2),(G23=51.2),(G23=17),(G23=31.2),(G23=32.2),(G23=33.2),(G23=#REF!),(G23=#REF!),(G23=#REF!),(G23=#REF!),(G23=#REF!),(G23=#REF!),(G23=#REF!),(G23=#REF!),(G23=#REF!),(G23=#REF!),(G23=#REF!),(G23=#REF!),(G23=#REF!),(G23=#REF!),(G23=#REF!),(G23=#REF!)),1,CB23)) -> #REF! | AW23: APOIO (BW-CB) | AX23: =IF(($AG23=0),1,0) -> 0 | AY23: =(IF((AND(($AX$32="S"),($AX$33="F"))),$BB$6,(IF((AND(($AX$32="S"),($AX$33="V"))),(BB23/(BA23)),0)))) -> 0 | BA23: =IF($A23=FREQUENCIAS!$P$1,FREQUENCIAS!$P$2,"ERRO NO PE") -> 0.596 | BB23: =IF($A23=FREQUENCIAS!$P$1,FREQUENCIAS!$P$3,"ERRO NA MUT") -> 0.001 | BC23: =(IF((AND(($AX$32="N"),($AX$34="O"),($AX23=1))),1,$AH23)) -> 1.8179571 | BD23: =IF((W23=0),1,0) -> 0 | BF23: 17 | BG23: 33.2 | BH23: =(IF((AND((B23>=$BF23),(B23<=$BG23),(C23>=$BF23),(C23<=$BG23),(D23>=$BF23),(D23<=$BG23),(E23>=$BF23),(E23<=$BG23),(F23>=$BF23),(F23<=$BG23),(G23>=$BF23),(G23<=$BG23))),"CORRETO",(IF((OR((B23="<17"),(C23="<17"),(D23="<17"),(E23="<17"),(F23="<17"),(G23="<17"),(B23=">33,2"),(C23=">33,2"),(D23=">33,2"),(E23=">33,2"),(F23=">33,2"),(G23=">33,2"))),"CORRETO","ALELO ERRADO")))) -> ALELO ERRADO | BI23: =IF(($W23=($BF23-1)),"<",IF(($W23=($BG23+1)),">","")) | BJ23: =IF(($W23=($BF23-1)),$BF23,IF(($W23=($BG23-1)),$BG23,$W23)) -> 10 | BK23: =(IF((OR(($W23=($BF23-1)),($W23=($BG23+1)))),(CONCATENATE((BI23),(BJ23))),$W23)) -> 10 | BL23: =IF(($Z23=($BF23-1)),"<",IF(($Z23=($BG23+1)),">","")) | BM23: =IF(($Z23=($BF23-1)),$BF23,IF(($Z23=($BG23+1)),$BG23,$Z23)) -> 10 | BN23: =(IF((OR(($Z23=($BF23-1)),($Z23=($BG23+1)))),(CONCATENATE((BL23),(BM23))),$Z23)) -> 10 | BO23: =IF(($AA23=($BF23-1)),"<",IF(($AA23=($BG23+1)),">","")) | BP23: =IF((AA23=($BF23-1)),BG23,IF((AA23=($BG23+1)),$BG23,AA23)) -> 0 | BQ23: =(IF((OR(($AA23=($BF23-1)),($AA23=($BG23+1)))),(CONCATENATE((BO23),(BP23))),$AA23)) -> 0 | BT23: 17 | BU23: 23 | BW23: =(IF((OR((B23=22.3),(B23=">42,2"),(B23=23.2),(B23=24.2),(B23=25.2),(B23=26.2),(B23=27.2),(B23=28.2),(B23=29.2),(B23=34.2),(B23=42.2),(B23=43.2),(B23=44.2),(B23=45.2),(B23=46.2),(B23=47.2),(B23=48.2),(B23=50.2))),1,0)) -> 0 | BX23: =(IF((OR((C23=22.3),(C23=">42,2"),(C23=23.2),(C23=24.2),(C23=25.2),(C23=26.2),(C23=27.2),(C23=28.2),(C23=29.2),(C23=34.2),(C23=42.2),(C23=43.2),(C23=44.2),(C23=45.2),(C23=46.2),(C23=47.2),(C23=48.2),(C23=50.2))),1,0)) -> 0 | BY23: =(IF((OR((D23=22.3),(D23=">42,2"),(D23=23.2),(D23=24.2),(D23=25.2),(D23=26.2),(D23=27.2),(D23=28.2),(D23=29.2),(D23=34.2),(D23=42.2),(D23=43.2),(D23=44.2),(D23=45.2),(D23=46.2),(D23=47.2),(D23=48.2),(D23=50.2))),1,0)) -> 0 | BZ23: =(IF((OR((E23=22.3),(E23=">42,2"),(E23=23.2),(E23=24.2),(E23=25.2),(E23=26.2),(E23=27.2),(E23=28.2),(E23=29.2),(E23=34.2),(E23=42.2),(E23=43.2),(E23=44.2),(E23=45.2),(E23=46.2),(E23=47.2),(E23=48.2),(E23=50.2))),1,0)) -> 0 | CA23: =(IF((OR((F23=22.3),(F23=">42,2"),(F23=23.2),(F23=24.2),(F23=25.2),(F23=26.2),(F23=27.2),(F23=28.2),(F23=29.2),(F23=34.2),(F23=42.2),(F23=43.2),(F23=44.2),(F23=45.2),(F23=46.2),(F23=47.2),(F23=48.2),(F23=50.2))),1,0)) -> 0 | CB23: =(IF((OR((G23=22.3),(G23=">42,2"),(G23=23.2),(G23=24.2),(G23=25.2),(G23=26.2),(G23=27.2),(G23=28.2),(G23=29.2),(G23=34.2),(G23=42.2),(G23=43.2),(G23=44.2),(G23=45.2),(G23=46.2),(G23=47.2),(G23=48.2),(G23=50.2))),1,0)) -> 0
A24: D5S818 | B24: ='DADOS FINAIS'!F24 -> 11 | C24: ='DADOS FINAIS'!G24 -> 11 | D24: ='DADOS FINAIS'!D24 -> 9 | E24: ='DADOS FINAIS'!E24 -> 11 | F24: ='DADOS FINAIS'!B24 -> 9 | G24: ='DADOS FINAIS'!C24 -> 13 | H24: =(IF(CODE(B24)=(60),($BF24-1),(IF(CODE(B24)=(62),($BG24+1),B24)))) -> 11 | I24: =(IF(CODE(C24)=(60),($BF24-1),(IF(CODE(C24)=(62),($BG24+1),C24)))) -> 11 | J24: =(IF(CODE(D24)=(60),($BF24-1),(IF(CODE(D24)=(62),($BG24+1),D24)))) -> 9 | K24: =(IF(CODE(E24)=(60),($BF24-1),(IF(CODE(E24)=(62),($BG24+1),E24)))) -> 11 | L24: =(IF(CODE(F24)=(60),($BF24-1),(IF(CODE(F24)=(62),($BG24+1),F24)))) -> 9 | M24: =(IF(CODE(G24)=(60),($BF24-1),(IF(CODE(G24)=(62),($BG24+1),G24)))) -> 13 | N24: =IF((H24>I24),I24,H24) -> 11 | O24: =IF((I24>H24),I24,H24) -> 11 | P24: =IF((J24>K24),K24,J24) -> 9 | Q24: =IF((K24>J24),K24,J24) -> 11 | R24: =IF((L24>M24),M24,L24) -> 9 | S24: =IF((M24>L24),M24,L24) -> 13 | T24: =IF((P24=N24),P24,(IF((P24=O24),P24,0))) -> 0 | U24: =IF((Q24=N24),Q24,(IF((Q24=O24),Q24,0))) -> 11 | V24: =(IF((OR((P24=">18"),(Q24=">18"))),2,(IF(((T24+U24)=(P24+Q24)),0,1)))) -> 1 | W24: =IF(OR(($T24=$U24),($U24=0)),$T24,(IF(AND(($T24=0),($U24<>0)),$U24,$AJ$7))) -> 11 | X24: =(ROUND( (IF((AND((T24=0),(U24=0))),D24,(IF((V24=2),S24,(IF((W24<>$AJ$7),(P24+Q24-W24),P24)))))),1)) -> 9 | Y24: =(IF((AND(($T24=0),($U24=0))),$E24,(IF(($W24<>$AJ$7),0,$Q24)))) -> 0 | Z24: =(IF(OR((X24=R24),(X24=S24)),X24,0)) -> 9 | AA24: =(IF(AND((V24=0),(Z24=0),(OR((S24=T24),(S24=U24)))),Y24,(IF((Y24<>0),(IF(OR((Y24=R24),(Y24=S24)),Y24,0)),0)))) -> 0 | AB24: =IF(X24=0,0,VLOOKUP(X24,FREQUENCIAS!$1:$1048576,(IF(($A24=FREQUENCIAS!$Q$1),17,"ERRO")),FREQUENCIAS!$1:$1048576)) -> 0.038123 | AC24: =IF(Y24=0,0,VLOOKUP(Y24,FREQUENCIAS!$1:$1048576,(IF(($A24=FREQUENCIAS!$Q$1),17,"ERRO")),FREQUENCIAS!$1:$1048576)) -> 0 | AG24: =(IF((A24="ERRO-FT"),"8",((IF((AND(($Z24=0),($AA24=0),($AX$32="N"))),0,(IF((AND(($Z24=0),($AA24=0),(AX$32="S"))),1,(IF((AB24+AC24+AD24+AE24+AF24)<=$AI$7,$AI$7,(AB24+AC24+AD24+AE24+AF24)))))))))) -> 0.038123 | AH24: =(IF((A24="ERRO-FT"),"19",(IF((AND(($Z24=0),($AA24=0),($AX$32="N"))),0,(IF((AND(($Z24=0),($AA24=0),(AX$32="S"))),$AY24,(IF(OR((AND(($B24=$C24),($C24=$D24),($D24=$E24),($E24=$F24),($F24=$G24))), ((AND(($N24=$P24),($P24=$R24),($O24=$Q24),($Q24=$S24),($N24<>$O24)))),(AND(($D24=$E24),($B24<>$C24),($E24=$F24),($F24=$G24))),((AND(($X24=$Z24),($F24=$G24))))),(1/$AG24),(1/(2*$AG24)))))))))) -> 13.115442 | AI24: =(IF((AH24=0),0,(AH24/(AH24+1)))) -> 0.9291556 | AK24: =(1-AG24)^2 -> 0.92520736 | AM24: =IF((AND(($Z24=0),($AA24=0),($AX$32="N"))),"EXCLUI",(IF((AND(($Z24=0),($AA24=0),(AX$32="S"))),"MUTAÇÃO",(IF(OR((AND((B24=C24),(C24=D24),(D24=E24),(E24=F24),(F24=G24))),((AND((N24=P24),(P24=R24),(O24=Q24),(Q24=S24),(N24<>O24)))),(AND((D24=E24),(B24<>C24),(E24=F24),(F24=G24))),((AND((X24=Z24),(F24=G24))))),("1 / F"),("1 / 2F")))))) -> 1 / 2F | AN24: =(IF((AND(($BD$31<=2),(BD24=1))),"MT",(IF((AND(($BD$31>2),(BD24=1))),"EM","OK")))) -> OK | AQ24: =(IF(OR((B24="<8"),(B24=">19"),(B24=19),(B24=#REF!),(B24=#REF!),(B24=#REF!),(B24=#REF!),(B24=#REF!),(B24=#REF!),(B24=#REF!),(B24=#REF!),(B24=#REF!),(B24=#REF!),(B24=#REF!)),1,0)) -> #REF! | AR24: =(IF(OR((C24="<8"),(C24=">19"),(C24=19),(C24=#REF!),(C24=#REF!),(C24=#REF!),(C24=#REF!),(C24=#REF!),(C24=#REF!),(C24=#REF!),(C24=#REF!),(C24=#REF!),(C24=#REF!),(C24=#REF!)),1,0)) -> #REF! | AS24: =(IF(OR((D24="<8"),(D24=">19"),(D24=19),(D24=#REF!),(D24=#REF!),(D24=#REF!),(D24=#REF!),(D24=#REF!),(D24=#REF!),(D24=#REF!),(D24=#REF!),(D24=#REF!),(D24=#REF!),(D24=#REF!)),1,0)) -> #REF! | AT24: =(IF(OR((E24="<8"),(E24=">19"),(E24=19),(E24=#REF!),(E24=#REF!),(E24=#REF!),(E24=#REF!),(E24=#REF!),(E24=#REF!),(E24=#REF!),(E24=#REF!),(E24=#REF!),(E24=#REF!),(E24=#REF!)),1,0)) -> #REF! | AU24: =(IF(OR((F24="<8"),(F24=">19"),(F24=19),(F24=#REF!),(F24=#REF!),(F24=#REF!),(F24=#REF!),(F24=#REF!),(F24=#REF!),(F24=#REF!),(F24=#REF!),(F24=#REF!),(F24=#REF!),(F24=#REF!)),1,0)) -> #REF! | AV24: =(IF(OR((G24="<8"),(G24=">19"),(G24=19),(G24=#REF!),(G24=#REF!),(G24=#REF!),(G24=#REF!),(G24=#REF!),(G24=#REF!),(G24=#REF!),(G24=#REF!),(G24=#REF!),(G24=#REF!),(G24=#REF!)),1,0)) -> #REF! | AX24: =IF(($AG24=0),1,0) -> 0 | AY24: =(IF((AND(($AX$32="S"),($AX$33="F"))),$BB$6,(IF((AND(($AX$32="S"),($AX$33="V"))),(BB24/(BA24)),0)))) -> 0 | BA24: =IF($A24=FREQUENCIAS!$Q$1,FREQUENCIAS!$Q$2,"ERRO NO PE") -> 0.48 | BB24: =IF($A24=FREQUENCIAS!$Q$1,FREQUENCIAS!$Q$3,"ERRO NA MUT") -> 0.0011 | BC24: =(IF((AND(($AX$32="N"),($AX$34="O"),($AX24=1))),1,$AH24)) -> 13.115442 | BD24: =IF((W24=0),1,0) -> 0 | BF24: 8 | BG24: 19 | BH24: =(IF((AND((B24>=$BF24),(B24<=$BG24),(C24>=$BF24),(C24<=$BG24),(D24>=$BF24),(D24<=$BG24),(E24>=$BF24),(E24<=$BG24),(F24>=$BF24),(F24<=$BG24),(G24>=$BF24),(G24<=$BG24))),"CORRETO",(IF((OR((B24="<8"),(C24="<8"),(D24="<8"),(E24="<8"),(F24="<8"),(G24="<8"),(B24=">19"),(C24=">19"),(D24=">19"),(E24=">19"),(F24=">19"),(G24=">19"))),"CORRETO","ALELO ERRADO")))) -> CORRETO | BI24: =IF(($W24=($BF24-1)),"<",IF(($W24=($BG24+1)),">","")) | BJ24: =IF(($W24=($BF24-1)),$BF24,IF(($W24=($BG24-1)),$BG24,$W24)) -> 11 | BK24: =(IF((OR(($W24=($BF24-1)),($W24=($BG24+1)))),(CONCATENATE((BI24),(BJ24))),$W24)) -> 11 | BL24: =IF(($Z24=($BF24-1)),"<",IF(($Z24=($BG24+1)),">","")) | BM24: =IF(($Z24=($BF24-1)),$BF24,IF(($Z24=($BG24+1)),$BG24,$Z24)) -> 9 | BN24: =(IF((OR(($Z24=($BF24-1)),($Z24=($BG24+1)))),(CONCATENATE((BL24),(BM24))),$Z24)) -> 9 | BO24: =IF(($AA24=($BF24-1)),"<",IF(($AA24=($BG24+1)),">","")) | BP24: =IF((AA24=($BF24-1)),BG24,IF((AA24=($BG24+1)),$BG24,AA24)) -> 0 | BQ24: =(IF((OR(($AA24=($BF24-1)),($AA24=($BG24+1)))),(CONCATENATE((BO24),(BP24))),$AA24)) -> 0 | BT24: 9 | BU24: <8
A25: TPOX | B25: ='DADOS FINAIS'!F25 -> 7 | C25: ='DADOS FINAIS'!G25 -> 8 | D25: ='DADOS FINAIS'!D25 -> 8 | E25: ='DADOS FINAIS'!E25 -> 11 | F25: ='DADOS FINAIS'!B25 -> 11 | G25: ='DADOS FINAIS'!C25 -> 11 | H25: =(IF(CODE(B25)=(60),($BF25-1),(IF(CODE(B25)=(62),($BG25+1),B25)))) -> 7 | I25: =(IF(CODE(C25)=(60),($BF25-1),(IF(CODE(C25)=(62),($BG25+1),C25)))) -> 8 | J25: =(IF(CODE(D25)=(60),($BF25-1),(IF(CODE(D25)=(62),($BG25+1),D25)))) -> 8 | K25: =(IF(CODE(E25)=(60),($BF25-1),(IF(CODE(E25)=(62),($BG25+1),E25)))) -> 11 | L25: =(IF(CODE(F25)=(60),($BF25-1),(IF(CODE(F25)=(62),($BG25+1),F25)))) -> 11 | M25: =(IF(CODE(G25)=(60),($BF25-1),(IF(CODE(G25)=(62),($BG25+1),G25)))) -> 11 | N25: =IF((H25>I25),I25,H25) -> 7 | O25: =IF((I25>H25),I25,H25) -> 8 | P25: =IF((J25>K25),K25,J25) -> 8 | Q25: =IF((K25>J25),K25,J25) -> 11 | R25: =IF((L25>M25),M25,L25) -> 11 | S25: =IF((M25>L25),M25,L25) -> 11 | T25: =IF((P25=N25),P25,(IF((P25=O25),P25,0))) -> 8 | U25: =IF((Q25=N25),Q25,(IF((Q25=O25),Q25,0))) -> 0 | V25: =(IF((OR((P25=">36"),(Q25=">36"))),2,(IF(((T25+U25)=(P25+Q25)),0,1)))) -> 1 | W25: =IF(OR((T25=U25),(U25=0)),T25,(IF(AND((T25=0),(U25<>0)),U25,$AJ$7))) -> 8 | X25: =(ROUND( (IF((AND((T25=0),(U25=0))),D25,(IF((V25=2),S25,(IF((W25<>$AJ$7),(P25+Q25-W25),P25)))))),1)) -> 11 | Y25: =(IF((AND((T25=0),(U25=0))),E25,(IF((W25<>$AJ$7),0,Q25)))) -> 0 | Z25: =(IF(OR((X25=R25),(X25=S25)),X25,0)) -> 11 | AA25: =(IF(AND((V25=0),(Z25=0),(OR((S25=T25),(S25=U25)))),Y25,(IF((Y25<>0),(IF(OR((Y25=R25),(Y25=S25)),Y25,0)),0)))) -> 0 | AB25: =IF(X25=0,0,VLOOKUP(X25,FREQUENCIAS!$1:$1048576,(IF(($A25=FREQUENCIAS!$R$1),18,"ERRO")),FREQUENCIAS!$1:$1048576)) -> 0.275532 | AC25: =IF(Y25=0,0,VLOOKUP(Y25,FREQUENCIAS!$1:$1048576,(IF(($A25=FREQUENCIAS!$R$1),18,"ERRO")),FREQUENCIAS!$1:$1048576)) -> 0 | AG25: =(IF((A25="ERRO-FT"),"24",((IF((AND(($Z25=0),($AA25=0),($AX$32="N"))),0,(IF((AND(($Z25=0),($AA25=0),(AX$32="S"))),1,(IF((AB25+AC25+AD25+AE25+AF25)<=$AI$7,$AI$7,(AB25+AC25+AD25+AE25+AF25)))))))))) -> 0.275532 | AH25: =(IF((A25="ERRO-FT"),"38",(IF((AND(($Z25=0),($AA25=0),($AX$32="N"))),0,(IF((AND(($Z25=0),($AA25=0),(AX$32="S"))),$AY25,(IF(OR((AND(($B25=$C25),($C25=$D25),($D25=$E25),($E25=$F25),($F25=$G25))), ((AND(($N25=$P25),($P25=$R25),($O25=$Q25),($Q25=$S25),($N25<>$O25)))),(AND(($D25=$E25),($B25<>$C25),($E25=$F25),($F25=$G25))),((AND(($X25=$Z25),($F25=$G25))))),(1/$AG25),(1/(2*$AG25)))))))))) -> 3.6293425 | AI25: =(IF((AH25=0),0,(AH25/(AH25+1)))) -> 0.7839866 | AK25: =(1-AG25)^2 -> 0.52485388 | AM25: =IF((AND(($Z25=0),($AA25=0),($AX$32="N"))),"EXCLUI",(IF((AND(($Z25=0),($AA25=0),(AX$32="S"))),"MUTAÇÃO",(IF(OR((AND((B25=C25),(C25=D25),(D25=E25),(E25=F25),(F25=G25))),((AND((N25=P25),(P25=R25),(O25=Q25),(Q25=S25),(N25<>O25)))),(AND((D25=E25),(B25<>C25),(E25=F25),(F25=G25))),((AND((X25=Z25),(F25=G25))))),("1 / F"),("1 / 2F")))))) -> 1 / F | AN25: =(IF((AND(($BD$31<=2),(BD25=1))),"MT",(IF((AND(($BD$31>2),(BD25=1))),"EM","OK")))) -> OK | AQ25: =(IF(OR((B25="<24"),(B25=">38"),(B25=24),(B25=24.3),(B25=25.2),(B25=28.2),(B25=29.3),(B25=34.1),(B25=35.1),(B25=37),(B25=38),(B25=#REF!),(B25=#REF!),(B25=#REF!),(B25=#REF!),(B25=#REF!),(B25=#REF!),(B25=#REF!),(B25=#REF!),(B25=#REF!),(B25=#REF!),(B25=#REF!),(B25=#REF!),(B25=#REF!),(B25=#REF!),(B25=#REF!),(B25=#REF!),(B25=#REF!),(B25=#REF!),(B25=#REF!)),1,BW25)) -> #REF! | AR25: =(IF(OR((C25="<24"),(C25=">38"),(C25=24),(C25=24.3),(C25=25.2),(C25=28.2),(C25=29.3),(C25=34.1),(C25=35.1),(C25=37),(C25=38),(C25=#REF!),(C25=#REF!),(C25=#REF!),(C25=#REF!),(C25=#REF!),(C25=#REF!),(C25=#REF!),(C25=#REF!),(C25=#REF!),(C25=#REF!),(C25=#REF!),(C25=#REF!),(C25=#REF!),(C25=#REF!),(C25=#REF!),(C25=#REF!),(C25=#REF!),(C25=#REF!),(C25=#REF!)),1,BX25)) -> #REF! | AS25: =(IF(OR((D25="<24"),(D25=">38"),(D25=24),(D25=24.3),(D25=25.2),(D25=28.2),(D25=29.3),(D25=34.1),(D25=35.1),(D25=37),(D25=38),(D25=#REF!),(D25=#REF!),(D25=#REF!),(D25=#REF!),(D25=#REF!),(D25=#REF!),(D25=#REF!),(D25=#REF!),(D25=#REF!),(D25=#REF!),(D25=#REF!),(D25=#REF!),(D25=#REF!),(D25=#REF!),(D25=#REF!),(D25=#REF!),(D25=#REF!),(D25=#REF!),(D25=#REF!)),1,BY25)) -> #REF! | AT25: =(IF(OR((E25="<24"),(E25=">38"),(E25=24),(E25=24.3),(E25=25.2),(E25=28.2),(E25=29.3),(E25=34.1),(E25=35.1),(E25=37),(E25=38),(E25=#REF!),(E25=#REF!),(E25=#REF!),(E25=#REF!),(E25=#REF!),(E25=#REF!),(E25=#REF!),(E25=#REF!),(E25=#REF!),(E25=#REF!),(E25=#REF!),(E25=#REF!),(E25=#REF!),(E25=#REF!),(E25=#REF!),(E25=#REF!),(E25=#REF!),(E25=#REF!),(E25=#REF!)),1,BZ25)) -> #REF! | AU25: =(IF(OR((F25="<24"),(F25=">38"),(F25=24),(F25=24.3),(F25=25.2),(F25=28.2),(F25=29.3),(F25=34.1),(F25=35.1),(F25=37),(F25=38),(F25=#REF!),(F25=#REF!),(F25=#REF!),(F25=#REF!),(F25=#REF!),(F25=#REF!),(F25=#REF!),(F25=#REF!),(F25=#REF!),(F25=#REF!),(F25=#REF!),(F25=#REF!),(F25=#REF!),(F25=#REF!),(F25=#REF!),(F25=#REF!),(F25=#REF!),(F25=#REF!),(F25=#REF!)),1,CA25)) -> #REF! | AV25: =(IF(OR((G25="<24"),(G25=">38"),(G25=24),(G25=24.3),(G25=25.2),(G25=28.2),(G25=29.3),(G25=34.1),(G25=35.1),(G25=37),(G25=38),(G25=#REF!),(G25=#REF!),(G25=#REF!),(G25=#REF!),(G25=#REF!),(G25=#REF!),(G25=#REF!),(G25=#REF!),(G25=#REF!),(G25=#REF!),(G25=#REF!),(G25=#REF!),(G25=#REF!),(G25=#REF!),(G25=#REF!),(G25=#REF!),(G25=#REF!),(G25=#REF!),(G25=#REF!)),1,CB25)) -> #REF! | AW25: APOIO (BW-CB) | AX25: =IF(($AG25=0),1,0) -> 0 | AY25: =(IF((AND(($AX$32="S"),($AX$33="F"))),$BB$6,(IF((AND(($AX$32="S"),($AX$33="V"))),(BB25/(BA25)),0)))) -> 0 | BA25: =IF($A25=FREQUENCIAS!$R$1,FREQUENCIAS!$R$2,"ERRO NO PE") -> 0.403 | BB25: =IF($A25=FREQUENCIAS!$R$1,FREQUENCIAS!$R$3,"ERRO NA MUT") -> 0.0001 | BC25: =(IF((AND(($AX$32="N"),($AX$34="O"),($AX25=1))),1,$AH25)) -> 3.6293425 | BD25: =IF((W25=0),1,0) -> 0 | BF25: 24 | BG25: 38 | BH25: =(IF((AND((B25>=$BF25),(B25<=$BG25),(C25>=$BF25),(C25<=$BG25),(D25>=$BF25),(D25<=$BG25),(E25>=$BF25),(E25<=$BG25),(F25>=$BF25),(F25<=$BG25),(G25>=$BF25),(G25<=$BG25))),"CORRETO",(IF((OR((B25="<24"),(C25="<24"),(D25="<24"),(E25="<24"),(F25="<24"),(G25="<24"),(B25=">38"),(C25=">38"),(D25=">38"),(E25=">38"),(F25=">38"),(G25=">38"))),"CORRETO","ALELO ERRADO")))) -> ALELO ERRADO | BI25: =IF(($W25=($BF25-1)),"<",IF(($W25=($BG25+1)),">","")) | BJ25: =IF(($W25=($BF25-1)),$BF25,IF(($W25=($BG25-1)),$BG25,$W25)) -> 8 | BK25: =(IF((OR(($W25=($BF25-1)),($W25=($BG25+1)))),(CONCATENATE((BI25),(BJ25))),$W25)) -> 8 | BL25: =IF(($Z25=($BF25-1)),"<",IF(($Z25=($BG25+1)),">","")) | BM25: =IF(($Z25=($BF25-1)),$BF25,IF(($Z25=($BG25+1)),$BG25,$Z25)) -> 11 | BN25: =(IF((OR(($Z25=($BF25-1)),($Z25=($BG25+1)))),(CONCATENATE((BL25),(BM25))),$Z25)) -> 11 | BO25: =IF(($AA25=($BF25-1)),"<",IF(($AA25=($BG25+1)),">","")) | BP25: =IF((AA25=($BF25-1)),BG25,IF((AA25=($BG25+1)),$BG25,AA25)) -> 0 | BQ25: =(IF((OR(($AA25=($BF25-1)),($AA25=($BG25+1)))),(CONCATENATE((BO25),(BP25))),$AA25)) -> 0 | BT25: 24 | BU25: 30 | BW25: =(IF((B25=35.2),1,0)) -> 0 | BX25: =(IF((C25=35.2),1,0)) -> 0 | BY25: =(IF((D25=35.2),1,0)) -> 0 | BZ25: =(IF((E25=35.2),1,0)) -> 0 | CA25: =(IF((F25=35.2),1,0)) -> 0 | CB25: =(IF((G25=35.2),1,0)) -> 0
A26: D8S1179 | B26: ='DADOS FINAIS'!F26 -> 14 | C26: ='DADOS FINAIS'!G26 -> 15 | D26: ='DADOS FINAIS'!D26 -> 10 | E26: ='DADOS FINAIS'!E26 -> 14 | F26: ='DADOS FINAIS'!B26 -> 10 | G26: ='DADOS FINAIS'!C26 -> 14 | H26: =(IF(CODE(B26)=(60),($BF26-1),(IF(CODE(B26)=(62),($BG26+1),B26)))) -> 14 | I26: =(IF(CODE(C26)=(60),($BF26-1),(IF(CODE(C26)=(62),($BG26+1),C26)))) -> 15 | J26: =(IF(CODE(D26)=(60),($BF26-1),(IF(CODE(D26)=(62),($BG26+1),D26)))) -> 10 | K26: =(IF(CODE(E26)=(60),($BF26-1),(IF(CODE(E26)=(62),($BG26+1),E26)))) -> 14 | L26: =(IF(CODE(F26)=(60),($BF26-1),(IF(CODE(F26)=(62),($BG26+1),F26)))) -> 10 | M26: =(IF(CODE(G26)=(60),($BF26-1),(IF(CODE(G26)=(62),($BG26+1),G26)))) -> 14 | N26: =IF((H26>I26),I26,H26) -> 14 | O26: =IF((I26>H26),I26,H26) -> 15 | P26: =IF((J26>K26),K26,J26) -> 10 | Q26: =IF((K26>J26),K26,J26) -> 14 | R26: =IF((L26>M26),M26,L26) -> 10 | S26: =IF((M26>L26),M26,L26) -> 14 | T26: =IF((P26=N26),P26,(IF((P26=O26),P26,0))) -> 0 | U26: =IF((Q26=N26),Q26,(IF((Q26=O26),Q26,0))) -> 14 | V26: =(IF((OR((P26=">21"),(Q26=">21"))),2,(IF(((T26+U26)=(P26+Q26)),0,1)))) -> 1 | W26: =IF(OR((T26=U26),(U26=0)),T26,(IF(AND((T26=0),(U26<>0)),U26,$AJ$7))) -> 14 | X26: =(ROUND( (IF((AND((T26=0),(U26=0))),D26,(IF((V26=2),S26,(IF((W26<>$AJ$7),(P26+Q26-W26),P26)))))),1)) -> 10 | Y26: =(IF((AND((T26=0),(U26=0))),E26,(IF((W26<>$AJ$7),0,Q26)))) -> 0 | Z26: =(IF(OR((X26=R26),(X26=S26)),X26,0)) -> 10 | AA26: =(IF(AND((V26=0),(Z26=0),(OR((S26=T26),(S26=U26)))),Y26,(IF((Y26<>0),(IF(OR((Y26=R26),(Y26=S26)),Y26,0)),0)))) -> 0 | AB26: =IF(X26=0,0,VLOOKUP(X26,FREQUENCIAS!$1:$1048576,(IF(($A26=FREQUENCIAS!$S$1),19,"ERRO")),FREQUENCIAS!$1:$1048576)) -> 0.068213 | AC26: =IF(Y26=0,0,VLOOKUP(Y26,FREQUENCIAS!$1:$1048576,(IF(($A26=FREQUENCIAS!$S$1),19,"ERRO")),FREQUENCIAS!$1:$1048576)) -> 0 | AG26: =(IF((A26="ERRO-FT"),"6",((IF((AND(($Z26=0),($AA26=0),($AX$32="N"))),0,(IF((AND(($Z26=0),($AA26=0),(AX$32="S"))),1,(IF((AB26+AC26+AD26+AE26+AF26)<=$AI$7,$AI$7,(AB26+AC26+AD26+AE26+AF26)))))))))) -> 0.068213 | AH26: =(IF((A26="ERRO-FT"),"15",(IF((AND(($Z26=0),($AA26=0),($AX$32="N"))),0,(IF((AND(($Z26=0),($AA26=0),(AX$32="S"))),$AY26,(IF(OR((AND(($B26=$C26),($C26=$D26),($D26=$E26),($E26=$F26),($F26=$G26))), ((AND(($N26=$P26),($P26=$R26),($O26=$Q26),($Q26=$S26),($N26<>$O26)))),(AND(($D26=$E26),($B26<>$C26),($E26=$F26),($F26=$G26))),((AND(($X26=$Z26),($F26=$G26))))),(1/$AG26),(1/(2*$AG26)))))))))) -> 7.3299811 | AI26: =(IF((AH26=0),0,(AH26/(AH26+1)))) -> 0.87995171 | AJ26: NÃO | AK26: =(1-AG26)^2 -> 0.86822701 | AM26: =IF((AND(($Z26=0),($AA26=0),($AX$32="N"))),"EXCLUI",(IF((AND(($Z26=0),($AA26=0),(AX$32="S"))),"MUTAÇÃO",(IF(OR((AND((B26=C26),(C26=D26),(D26=E26),(E26=F26),(F26=G26))),((AND((N26=P26),(P26=R26),(O26=Q26),(Q26=S26),(N26<>O26)))),(AND((D26=E26),(B26<>C26),(E26=F26),(F26=G26))),((AND((X26=Z26),(F26=G26))))),("1 / F"),("1 / 2F")))))) -> 1 / 2F | AN26: =(IF((AND(($BD$31<=2),(BD26=1))),"MT",(IF((AND(($BD$31>2),(BD26=1))),"EM","OK")))) -> OK | AQ26: =(IF(OR((B26="<6"),(B26=">15"),(B26=11.3),(B26=15),(B26=#REF!),(B26=#REF!),(B26=#REF!),(B26=#REF!),(B26=#REF!),(B26=#REF!),(B26=#REF!),(B26=#REF!),(B26=#REF!)),1,0)) -> #REF! | AR26: =(IF(OR((C26="<6"),(C26=">15"),(C26=11.3),(C26=15),(C26=#REF!),(C26=#REF!),(C26=#REF!),(C26=#REF!),(C26=#REF!),(C26=#REF!),(C26=#REF!),(C26=#REF!),(C26=#REF!)),1,0)) -> #REF! | AS26: =(IF(OR((D26="<6"),(D26=">15"),(D26=11.3),(D26=15),(D26=#REF!),(D26=#REF!),(D26=#REF!),(D26=#REF!),(D26=#REF!),(D26=#REF!),(D26=#REF!),(D26=#REF!),(D26=#REF!)),1,0)) -> #REF! | AT26: =(IF(OR((E26="<6"),(E26=">15"),(E26=11.3),(E26=15),(E26=#REF!),(E26=#REF!),(E26=#REF!),(E26=#REF!),(E26=#REF!),(E26=#REF!),(E26=#REF!),(E26=#REF!),(E26=#REF!)),1,0)) -> #REF! | AU26: =(IF(OR((F26="<6"),(F26=">15"),(F26=11.3),(F26=15),(F26=#REF!),(F26=#REF!),(F26=#REF!),(F26=#REF!),(F26=#REF!),(F26=#REF!),(F26=#REF!),(F26=#REF!),(F26=#REF!)),1,0)) -> #REF! | AV26: =(IF(OR((G26="<6"),(G26=">15"),(G26=11.3),(G26=15),(G26=#REF!),(G26=#REF!),(G26=#REF!),(G26=#REF!),(G26=#REF!),(G26=#REF!),(G26=#REF!),(G26=#REF!),(G26=#REF!)),1,0)) -> #REF! | AX26: =IF(($AG26=0),1,0) -> 0 | AY26: =(IF((AND(($AX$32="S"),($AX$33="F"))),$BB$6,(IF((AND(($AX$32="S"),($AX$33="V"))),(BB26/(BA26)),0)))) -> 0 | BA26: =IF($A26=FREQUENCIAS!$S$1,FREQUENCIAS!$S$2,"ERRO NO PE") -> 0.613 | BB26: =IF($A26=FREQUENCIAS!$S$1,FREQUENCIAS!$S$3,"ERRO NA MUT") -> 0.0014 | BC26: =(IF((AND(($AX$32="N"),($AX$34="O"),($AX26=1))),1,$AH26)) -> 7.3299811 | BD26: =IF((W26=0),1,0) -> 0 | BF26: 6 | BG26: 15 | BH26: =(IF((AND((B26>=$BF26),(B26<=$BG26),(C26>=$BF26),(C26<=$BG26),(D26>=$BF26),(D26<=$BG26),(E26>=$BF26),(E26<=$BG26),(F26>=$BF26),(F26<=$BG26),(G26>=$BF26),(G26<=$BG26))),"CORRETO",(IF((OR((B26="<6"),(C26="<6"),(D26="<6"),(E26="<6"),(F26="<6"),(G26="<6"),(B26=">15"),(C26=">15"),(D26=">15"),(E26=">15"),(F26=">15"),(G26=">15"))),"CORRETO","ALELO ERRADO")))) -> CORRETO | BI26: =IF(($W26=($BF26-1)),"<",IF(($W26=($BG26+1)),">","")) | BJ26: =IF(($W26=($BF26-1)),$BF26,IF(($W26=($BG26-1)),$BG26,$W26)) -> 15 | BK26: =(IF((OR(($W26=($BF26-1)),($W26=($BG26+1)))),(CONCATENATE((BI26),(BJ26))),$W26)) -> 14 | BL26: =IF(($Z26=($BF26-1)),"<",IF(($Z26=($BG26+1)),">","")) | BM26: =IF(($Z26=($BF26-1)),$BF26,IF(($Z26=($BG26+1)),$BG26,$Z26)) -> 10 | BN26: =(IF((OR(($Z26=($BF26-1)),($Z26=($BG26+1)))),(CONCATENATE((BL26),(BM26))),$Z26)) -> 10 | BO26: =IF(($AA26=($BF26-1)),"<",IF(($AA26=($BG26+1)),">","")) | BP26: =IF((AA26=($BF26-1)),BG26,IF((AA26=($BG26+1)),$BG26,AA26)) -> 0 | BQ26: =(IF((OR(($AA26=($BF26-1)),($AA26=($BG26+1)))),(CONCATENATE((BO26),(BP26))),$AA26)) -> 0 | BT26: 9 | BU26: 12
A27: D12S391 | B27: ='DADOS FINAIS'!F27 -> 18.3 | C27: ='DADOS FINAIS'!G27 -> 22 | D27: ='DADOS FINAIS'!D27 -> 18.3 | E27: ='DADOS FINAIS'!E27 -> 19 | F27: ='DADOS FINAIS'!B27 -> 17 | G27: ='DADOS FINAIS'!C27 -> 19 | H27: =(IF(CODE(B27)=(60),($BF27-1),(IF(CODE(B27)=(62),($BG27+1),B27)))) -> 18.3 | I27: =(IF(CODE(C27)=(60),($BF27-1),(IF(CODE(C27)=(62),($BG27+1),C27)))) -> 22 | J27: =(IF(CODE(D27)=(60),($BF27-1),(IF(CODE(D27)=(62),($BG27+1),D27)))) -> 18.3 | K27: =(IF(CODE(E27)=(60),($BF27-1),(IF(CODE(E27)=(62),($BG27+1),E27)))) -> 19 | L27: =(IF(CODE(F27)=(60),($BF27-1),(IF(CODE(F27)=(62),($BG27+1),F27)))) -> 17 | M27: =(IF(CODE(G27)=(60),($BF27-1),(IF(CODE(G27)=(62),($BG27+1),G27)))) -> 19 | N27: =IF((H27>I27),I27,H27) -> 18.3 | O27: =IF((I27>H27),I27,H27) -> 22 | P27: =IF((J27>K27),K27,J27) -> 18.3 | Q27: =IF((K27>J27),K27,J27) -> 19 | R27: =IF((L27>M27),M27,L27) -> 17 | S27: =IF((M27>L27),M27,L27) -> 19 | T27: =IF((P27=N27),P27,(IF((P27=O27),P27,0))) -> 18.3 | U27: =IF((Q27=N27),Q27,(IF((Q27=O27),Q27,0))) -> 0 | V27: =(IF((OR((P27=">21"),(Q27=">21"))),2,(IF(((T27+U27)=(P27+Q27)),0,1)))) -> 1 | W27: =IF(OR((T27=U27),(U27=0)),T27,(IF(AND((T27=0),(U27<>0)),U27,$AJ$7))) -> 18.3 | X27: =(ROUND( (IF((AND((T27=0),(U27=0))),D27,(IF((V27=2),S27,(IF((W27<>$AJ$7),(P27+Q27-W27),P27)))))),1)) -> 19 | Y27: =(IF((AND((T27=0),(U27=0))),E27,(IF((W27<>$AJ$7),0,Q27)))) -> 0 | Z27: =(IF(OR((X27=R27),(X27=S27)),X27,0)) -> 19 | AA27: =(IF(AND((V27=0),(Z27=0),(OR((S27=T27),(S27=U27)))),Y27,(IF((Y27<>0),(IF(OR((Y27=R27),(Y27=S27)),Y27,0)),0)))) -> 0 | AB27: =IF(X27=0,0,VLOOKUP(X27,FREQUENCIAS!$1:$1048576,(IF(($A27=FREQUENCIAS!$T$1),20,"ERRO")),FREQUENCIAS!$1:$1048576)) -> 0.1699 | AC27: =IF(Y27=0,0,VLOOKUP(Y27,FREQUENCIAS!$1:$1048576,(IF(($A27=FREQUENCIAS!$T$1),20,"ERRO")),FREQUENCIAS!$1:$1048576)) -> 0 | AG27: =(IF((A27="ERRO-FT"),"11",((IF((AND(($Z27=0),($AA27=0),($AX$32="N"))),0,(IF((AND(($Z27=0),($AA27=0),(AX$32="S"))),1,(IF((AB27+AC27+AD27+AE27+AF27)<=$AI$7,$AI$7,(AB27+AC27+AD27+AE27+AF27)))))))))) -> 0.1699 | AH27: =(IF((A27="ERRO-FT"),"20",(IF((AND(($Z27=0),($AA27=0),($AX$32="N"))),0,(IF((AND(($Z27=0),($AA27=0),(AX$32="S"))),$AY27,(IF(OR((AND(($B27=$C27),($C27=$D27),($D27=$E27),($E27=$F27),($F27=$G27))), ((AND(($N27=$P27),($P27=$R27),($O27=$Q27),($Q27=$S27),($N27<>$O27)))),(AND(($D27=$E27),($B27<>$C27),($E27=$F27),($F27=$G27))),((AND(($X27=$Z27),($F27=$G27))))),(1/$AG27),(1/(2*$AG27)))))))))) -> 2.9429076 | AI27: =(IF((AH27=0),0,(AH27/(AH27+1)))) -> 0.74638006 | AJ27: EXCLUSÃO | AK27: =(1-AG27)^2 -> 0.68906601 | AM27: =IF((AND(($Z27=0),($AA27=0),($AX$32="N"))),"EXCLUI",(IF((AND(($Z27=0),($AA27=0),(AX$32="S"))),"MUTAÇÃO",(IF(OR((AND((B27=C27),(C27=D27),(D27=E27),(E27=F27),(F27=G27))),((AND((N27=P27),(P27=R27),(O27=Q27),(Q27=S27),(N27<>O27)))),(AND((D27=E27),(B27<>C27),(E27=F27),(F27=G27))),((AND((X27=Z27),(F27=G27))))),("1 / F"),("1 / 2F")))))) -> 1 / 2F | AN27: =(IF((AND(($BD$31<=2),(BD27=1))),"MT",(IF((AND(($BD$31>2),(BD27=1))),"EM","OK")))) -> OK | AQ27: =(IF(OR((B27="<12"),(B27=">19"),(B27=">20"),(B27=11),(B27=15.2),(B27=20),(B27=#REF!),(B27=#REF!),(B27=#REF!),(B27=#REF!),(B27=#REF!),(B27=#REF!),(B27=#REF!),(B27=#REF!)),1,0)) -> #REF! | AR27: =(IF(OR((C27="<12"),(C27=">19"),(C27=">20"),(C27=11),(C27=15.2),(C27=20),(C27=#REF!),(C27=#REF!),(C27=#REF!),(C27=#REF!),(C27=#REF!),(C27=#REF!),(C27=#REF!),(C27=#REF!)),1,0)) -> #REF! | AS27: =(IF(OR((D27="<12"),(D27=">19"),(D27=">20"),(D27=11),(D27=15.2),(D27=20),(D27=#REF!),(D27=#REF!),(D27=#REF!),(D27=#REF!),(D27=#REF!),(D27=#REF!),(D27=#REF!),(D27=#REF!)),1,0)) -> #REF! | AT27: =(IF(OR((E27="<12"),(E27=">19"),(E27=">20"),(E27=11),(E27=15.2),(E27=20),(E27=#REF!),(E27=#REF!),(E27=#REF!),(E27=#REF!),(E27=#REF!),(E27=#REF!),(E27=#REF!),(E27=#REF!)),1,0)) -> #REF! | AU27: =(IF(OR((F27="<12"),(F27=">19"),(F27=">20"),(F27=11),(F27=15.2),(F27=20),(F27=#REF!),(F27=#REF!),(F27=#REF!),(F27=#REF!),(F27=#REF!),(F27=#REF!),(F27=#REF!),(F27=#REF!)),1,0)) -> #REF! | AV27: =(IF(OR((G27="<12"),(G27=">19"),(G27=">20"),(G27=11),(G27=15.2),(G27=20),(G27=#REF!),(G27=#REF!),(G27=#REF!),(G27=#REF!),(G27=#REF!),(G27=#REF!),(G27=#REF!),(G27=#REF!)),1,0)) -> #REF! | AX27: =IF(($AG27=0),1,0) -> 0 | AY27: =(IF((AND(($AX$32="S"),($AX$33="F"))),$BB$6,(IF((AND(($AX$32="S"),($AX$33="V"))),(BB27/(BA27)),0)))) -> 0 | BA27: =IF($A27=FREQUENCIAS!$T$1,FREQUENCIAS!$T$2,"ERRO NO PE") -> 0.74 | BB27: =IF($A27=FREQUENCIAS!$T$1,FREQUENCIAS!$T$3,"ERRO NA MUT") -> 0 | BC27: =(IF((AND(($AX$32="N"),($AX$34="O"),($AX27=1))),1,$AH27)) -> 2.9429076 | BD27: =IF((W27=0),1,0) -> 0 | BF27: 12 | BG27: 19 | BH27: =(IF((AND((B27>=$BF27),(B27<=$BG27),(C27>=$BF27),(C27<=$BG27),(D27>=$BF27),(D27<=$BG27),(E27>=$BF27),(E27<=$BG27),(F27>=$BF27),(F27<=$BG27),(G27>=$BF27),(G27<=$BG27))),"CORRETO",(IF((OR((B27="<12"),(C27="<12"),(D27="<12"),(E27="<12"),(F27="<12"),(G27="<12"),(B27=">19"),(C27=">19"),(D27=">19"),(E27=">19"),(F27=">19"),(G27=">19"))),"CORRETO","ALELO ERRADO")))) -> ALELO ERRADO | BI27: =IF(($W27=($BF27-1)),"<",IF(($W27=($BG27+1)),">","")) | BJ27: =IF(($W27=($BF27-1)),$BF27,IF(($W27=($BG27-1)),$BG27,$W27)) -> 18.3 | BK27: =(IF((OR(($W27=($BF27-1)),($W27=($BG27+1)))),(CONCATENATE((BI27),(BJ27))),$W27)) -> 18.3 | BL27: =IF(($Z27=($BF27-1)),"<",IF(($Z27=($BG27+1)),">","")) | BM27: =IF(($Z27=($BF27-1)),$BF27,IF(($Z27=($BG27+1)),$BG27,$Z27)) -> 19 | BN27: =(IF((OR(($Z27=($BF27-1)),($Z27=($BG27+1)))),(CONCATENATE((BL27),(BM27))),$Z27)) -> 19 | BO27: =IF(($AA27=($BF27-1)),"<",IF(($AA27=($BG27+1)),">","")) | BP27: =IF((AA27=($BF27-1)),BG27,IF((AA27=($BG27+1)),$BG27,AA27)) -> 0 | BQ27: =(IF((OR(($AA27=($BF27-1)),($AA27=($BG27+1)))),(CONCATENATE((BO27),(BP27))),$AA27)) -> 0 | BT27: 12 | BU27: 15
A28: D19S433 | B28: ='DADOS FINAIS'!F28 -> 14 | C28: ='DADOS FINAIS'!G28 -> 14 | D28: ='DADOS FINAIS'!D28 -> 14 | E28: ='DADOS FINAIS'!E28 -> 14 | F28: ='DADOS FINAIS'!B28 -> 12 | G28: ='DADOS FINAIS'!C28 -> 14 | H28: =(IF(CODE(B28)=(60),($BF28-1),(IF(CODE(B28)=(62),($BG28+1),B28)))) -> 14 | I28: =(IF(CODE(C28)=(60),($BF28-1),(IF(CODE(C28)=(62),($BG28+1),C28)))) -> 14 | J28: =(IF(CODE(D28)=(60),($BF28-1),(IF(CODE(D28)=(62),($BG28+1),D28)))) -> 14 | K28: =(IF(CODE(E28)=(60),($BF28-1),(IF(CODE(E28)=(62),($BG28+1),E28)))) -> 14 | L28: =(IF(CODE(F28)=(60),($BF28-1),(IF(CODE(F28)=(62),($BG28+1),F28)))) -> 12 | M28: =(IF(CODE(G28)=(60),($BF28-1),(IF(CODE(G28)=(62),($BG28+1),G28)))) -> 14 | N28: =IF((H28>I28),I28,H28) -> 14 | O28: =IF((I28>H28),I28,H28) -> 14 | P28: =IF((J28>K28),K28,J28) -> 14 | Q28: =IF((K28>J28),K28,J28) -> 14 | R28: =IF((L28>M28),M28,L28) -> 12 | S28: =IF((M28>L28),M28,L28) -> 14 | T28: =IF((P28=N28),P28,(IF((P28=O28),P28,0))) -> 14 | U28: =IF((Q28=N28),Q28,(IF((Q28=O28),Q28,0))) -> 14 | V28: =(IF((OR((P28=">20"),(Q28=">20"))),2,(IF(((T28+U28)=(P28+Q28)),0,1)))) -> 0 | W28: =IF(OR((T28=U28),(U28=0)),T28,(IF(AND((T28=0),(U28<>0)),U28,$AJ$7))) -> 14 | X28: =(ROUND( (IF((AND((T28=0),(U28=0))),D28,(IF((V28=2),S28,(IF((W28<>$AJ$7),(P28+Q28-W28),P28)))))),1)) -> 14 | Y28: =(IF((AND((T28=0),(U28=0))),E28,(IF((W28<>$AJ$7),0,Q28)))) -> 0 | Z28: =(IF(OR((X28=R28),(X28=S28)),X28,0)) -> 14 | AA28: =(IF(AND((V28=0),(Z28=0),(OR((S28=T28),(S28=U28)))),Y28,(IF((Y28<>0),(IF(OR((Y28=R28),(Y28=S28)),Y28,0)),0)))) -> 0 | AB28: =IF(X28=0,0,VLOOKUP(X28,FREQUENCIAS!$1:$1048576,(IF(($A28=FREQUENCIAS!$U$1),21,"ERRO")),FREQUENCIAS!$1:$1048576)) -> 0.2941 | AC28: =IF(Y28=0,0,VLOOKUP(Y28,FREQUENCIAS!$1:$1048576,(IF(($A28=FREQUENCIAS!$U$1),21,"ERRO")),FREQUENCIAS!$1:$1048576)) -> 0 | AG28: =(IF((A28="ERRO-FT"),"4",((IF((AND(($Z28=0),($AA28=0),($AX$32="N"))),0,(IF((AND(($Z28=0),($AA28=0),(AX$32="S"))),1,(IF((AB28+AC28+AD28+AE28+AF28)<=$AI$7,$AI$7,(AB28+AC28+AD28+AE28+AF28)))))))))) -> 0.2941 | AH28: =(IF((A28="ERRO-FT"),"13,3",(IF((AND(($Z28=0),($AA28=0),($AX$32="N"))),0,(IF((AND(($Z28=0),($AA28=0),(AX$32="S"))),$AY28,(IF(OR((AND(($B28=$C28),($C28=$D28),($D28=$E28),($E28=$F28),($F28=$G28))), ((AND(($N28=$P28),($P28=$R28),($O28=$Q28),($Q28=$S28),($N28<>$O28)))),(AND(($D28=$E28),($B28<>$C28),($E28=$F28),($F28=$G28))),((AND(($X28=$Z28),($F28=$G28))))),(1/$AG28),(1/(2*$AG28)))))))))) -> 1.700102 | AI28: =(IF((AH28=0),0,(AH28/(AH28+1)))) -> 0.62964362 | AK28: =(1-AG28)^2 -> 0.49829481 | AM28: =IF((AND(($Z28=0),($AA28=0),($AX$32="N"))),"EXCLUI",(IF((AND(($Z28=0),($AA28=0),(AX$32="S"))),"MUTAÇÃO",(IF(OR((AND((B28=C28),(C28=D28),(D28=E28),(E28=F28),(F28=G28))),((AND((N28=P28),(P28=R28),(O28=Q28),(Q28=S28),(N28<>O28)))),(AND((D28=E28),(B28<>C28),(E28=F28),(F28=G28))),((AND((X28=Z28),(F28=G28))))),("1 / F"),("1 / 2F")))))) -> 1 / 2F | AN28: =(IF((AND(($BD$31<=2),(BD28=1))),"MT",(IF((AND(($BD$31>2),(BD28=1))),"EM","OK")))) -> OK | AQ28: =(IF(OR((B28="<4"),(B28=">13,3"),(B28=4),(B28=7.3),(B28=8.3),(B28=5),(B28=11),(B28=12),(B28=13),(B28=13.3),(B28=#REF!),(B28=#REF!),(B28=#REF!),(B28=#REF!),(B28=#REF!),(B28=#REF!)),1,0)) -> #REF! | AR28: =(IF(OR((C28="<4"),(C28=">13,3"),(C28=4),(C28=7.3),(C28=8.3),(C28=5),(C28=11),(C28=12),(C28=13),(C28=13.3),(C28=#REF!),(C28=#REF!),(C28=#REF!),(C28=#REF!),(C28=#REF!),(C28=#REF!)),1,0)) -> #REF! | AS28: =(IF(OR((D28="<4"),(D28=">13,3"),(D28=4),(D28=7.3),(D28=8.3),(D28=5),(D28=11),(D28=12),(D28=13),(D28=13.3),(D28=#REF!),(D28=#REF!),(D28=#REF!),(D28=#REF!),(D28=#REF!),(D28=#REF!)),1,0)) -> #REF! | AT28: =(IF(OR((E28="<4"),(E28=">13,3"),(E28=4),(E28=7.3),(E28=8.3),(E28=5),(E28=11),(E28=12),(E28=13),(E28=13.3),(E28=#REF!),(E28=#REF!),(E28=#REF!),(E28=#REF!),(E28=#REF!),(E28=#REF!)),1,0)) -> #REF! | AU28: =(IF(OR((F28="<4"),(F28=">13,3"),(F28=4),(F28=7.3),(F28=8.3),(F28=5),(F28=11),(F28=12),(F28=13),(F28=13.3),(F28=#REF!),(F28=#REF!),(F28=#REF!),(F28=#REF!),(F28=#REF!),(F28=#REF!)),1,0)) -> #REF! | AV28: =(IF(OR((G28="<4"),(G28=">13,3"),(G28=4),(G28=7.3),(G28=8.3),(G28=5),(G28=11),(G28=12),(G28=13),(G28=13.3),(G28=#REF!),(G28=#REF!),(G28=#REF!),(G28=#REF!),(G28=#REF!),(G28=#REF!)),1,0)) -> #REF! | AX28: =IF(($AG28=0),1,0) -> 0 | AY28: =(IF((AND(($AX$32="S"),($AX$33="F"))),$BB$6,(IF((AND(($AX$32="S"),($AX$33="V"))),(BB28/(BA28)),0)))) -> 0 | BA28: =IF($A28=FREQUENCIAS!$U$1,FREQUENCIAS!$U$2,"ERRO NO PE") -> 0.556 | BB28: =IF($A28=FREQUENCIAS!$U$1,FREQUENCIAS!$U$3,"ERRO NA MUT") -> 0.0011 | BC28: =(IF((AND(($AX$32="N"),($AX$34="O"),($AX28=1))),1,$AH28)) -> 1.700102 | BD28: =IF((W28=0),1,0) -> 0 | BF28: 4 | BG28: 13.3 | BH28: =(IF((AND((B28>=$BF28),(B28<=$BG28),(C28>=$BF28),(C28<=$BG28),(D28>=$BF28),(D28<=$BG28),(E28>=$BF28),(E28<=$BG28),(F28>=$BF28),(F28<=$BG28),(G28>=$BF28),(G28<=$BG28))),"CORRETO",(IF((OR((B28="<4"),(C28="<4"),(D28="<4"),(E28="<4"),(F28="<4"),(G28="<4"),(B28=">13,3"),(C28=">13,3"),(D28=">13,3"),(E28=">13,3"),(F28=">13,3"),(G28=">13,3"))),"CORRETO","ALELO ERRADO")))) -> ALELO ERRADO | BI28: =IF(($W28=($BF28-1)),"<",IF(($W28=($BG28+1)),">","")) | BJ28: =IF(($W28=($BF28-1)),$BF28,IF(($W28=($BG28-1)),$BG28,$W28)) -> 14 | BK28: =(IF((OR(($W28=($BF28-1)),($W28=($BG28+1)))),(CONCATENATE((BI28),(BJ28))),$W28)) -> 14 | BL28: =IF(($Z28=($BF28-1)),"<",IF(($Z28=($BG28+1)),">","")) | BM28: =IF(($Z28=($BF28-1)),$BF28,IF(($Z28=($BG28+1)),$BG28,$Z28)) -> 14 | BN28: =(IF((OR(($Z28=($BF28-1)),($Z28=($BG28+1)))),(CONCATENATE((BL28),(BM28))),$Z28)) -> 14 | BO28: =IF(($AA28=($BF28-1)),"<",IF(($AA28=($BG28+1)),">","")) | BP28: =IF((AA28=($BF28-1)),BG28,IF((AA28=($BG28+1)),$BG28,AA28)) -> 0 | BQ28: =(IF((OR(($AA28=($BF28-1)),($AA28=($BG28+1)))),(CONCATENATE((BO28),(BP28))),$AA28)) -> 0 | BT28: 5 | BU28: 11
A29: FGA | B29: ='DADOS FINAIS'!F29 -> 19 | C29: ='DADOS FINAIS'!G29 -> 26 | D29: ='DADOS FINAIS'!D29 -> 19 | E29: ='DADOS FINAIS'!E29 -> 21 | F29: ='DADOS FINAIS'!B29 -> 21 | G29: ='DADOS FINAIS'!C29 -> 23 | H29: =(IF(CODE(B29)=(60),($BF29-1),(IF(CODE(B29)=(62),($BG29+1),B29)))) -> 19 | I29: =(IF(CODE(C29)=(60),($BF29-1),(IF(CODE(C29)=(62),($BG29+1),C29)))) -> 26 | J29: =(IF(CODE(D29)=(60),($BF29-1),(IF(CODE(D29)=(62),($BG29+1),D29)))) -> 19 | K29: =(IF(CODE(E29)=(60),($BF29-1),(IF(CODE(E29)=(62),($BG29+1),E29)))) -> 21 | L29: =(IF(CODE(F29)=(60),($BF29-1),(IF(CODE(F29)=(62),($BG29+1),F29)))) -> 21 | M29: =(IF(CODE(G29)=(60),($BF29-1),(IF(CODE(G29)=(62),($BG29+1),G29)))) -> 23 | N29: =IF((H29>I29),I29,H29) -> 19 | O29: =IF((I29>H29),I29,H29) -> 26 | P29: =IF((J29>K29),K29,J29) -> 19 | Q29: =IF((K29>J29),K29,J29) -> 21 | R29: =IF((L29>M29),M29,L29) -> 21 | S29: =IF((M29>L29),M29,L29) -> 23 | T29: =IF((P29=N29),P29,(IF((P29=O29),P29,0))) -> 19 | U29: =IF((Q29=N29),Q29,(IF((Q29=O29),Q29,0))) -> 0 | V29: =(IF((OR((P29=">23"),(Q29=">23"))),2,(IF(((T29+U29)=(P29+Q29)),0,1)))) -> 1 | W29: =IF(OR((T29=U29),(U29=0)),T29,(IF(AND((T29=0),(U29<>0)),U29,$AJ$7))) -> 19 | X29: =(ROUND( (IF((AND((T29=0),(U29=0))),D29,(IF((V29=2),S29,(IF((W29<>$AJ$7),(P29+Q29-W29),P29)))))),1)) -> 21 | Y29: =(IF((AND((T29=0),(U29=0))),E29,(IF((W29<>$AJ$7),0,Q29)))) -> 0 | Z29: =(IF(OR((X29=R29),(X29=S29)),X29,0)) -> 21 | AA29: =(IF(AND((V29=0),(Z29=0),(OR((S29=T29),(S29=U29)))),Y29,(IF((Y29<>0),(IF(OR((Y29=R29),(Y29=S29)),Y29,0)),0)))) -> 0 | AB29: =IF(X29=0,0,VLOOKUP(X29,FREQUENCIAS!$1:$1048576,(IF(($A29=FREQUENCIAS!$V$1),22,"ERRO")),FREQUENCIAS!$1:$1048576)) -> 0.15108 | AC29: =IF(Y29=0,0,VLOOKUP(Y29,FREQUENCIAS!$1:$1048576,(IF(($A29=FREQUENCIAS!$V$1),22,"ERRO")),FREQUENCIAS!$1:$1048576)) -> 0 | AG29: =(IF((A29="ERRO-FT"),"8",((IF((AND(($Z29=0),($AA29=0),($AX$32="N"))),0,(IF((AND(($Z29=0),($AA29=0),(AX$32="S"))),1,(IF((AB29+AC29+AD29+AE29+AF29)<=$AI$7,$AI$7,(AB29+AC29+AD29+AE29+AF29)))))))))) -> 0.15108 | AH29: =(IF((A29="ERRO-FT"),"15",(IF((AND(($Z29=0),($AA29=0),($AX$32="N"))),0,(IF((AND(($Z29=0),($AA29=0),(AX$32="S"))),$AY29,(IF(OR((AND(($B29=$C29),($C29=$D29),($D29=$E29),($E29=$F29),($F29=$G29))), ((AND(($N29=$P29),($P29=$R29),($O29=$Q29),($Q29=$S29),($N29<>$O29)))),(AND(($D29=$E29),($B29<>$C29),($E29=$F29),($F29=$G29))),((AND(($X29=$Z29),($F29=$G29))))),(1/$AG29),(1/(2*$AG29)))))))))) -> 3.3095049 | AI29: =(IF((AH29=0),0,(AH29/(AH29+1)))) -> 0.76795478 | AK29: =(1-AG29)^2 -> 0.72066517 | AM29: =IF((AND(($Z29=0),($AA29=0),($AX$32="N"))),"EXCLUI",(IF((AND(($Z29=0),($AA29=0),(AX$32="S"))),"MUTAÇÃO",(IF(OR((AND((B29=C29),(C29=D29),(D29=E29),(E29=F29),(F29=G29))),((AND((N29=P29),(P29=R29),(O29=Q29),(Q29=S29),(N29<>O29)))),(AND((D29=E29),(B29<>C29),(E29=F29),(F29=G29))),((AND((X29=Z29),(F29=G29))))),("1 / F"),("1 / 2F")))))) -> 1 / 2F | AN29: =(IF((AND(($BD$31<=2),(BD29=1))),"MT",(IF((AND(($BD$31>2),(BD29=1))),"EM","OK")))) -> OK | AQ29: =(IF(OR((B29="<8"),(B29=">15"),(B29=7),(B29=#REF!),(B29=#REF!),(B29=#REF!),(B29=#REF!),(B29=#REF!),(B29=#REF!),(B29=#REF!),(B29=#REF!)),1,0)) -> #REF! | AR29: =(IF(OR((C29="<8"),(C29=">15"),(C29=7),(C29=#REF!),(C29=#REF!),(C29=#REF!),(C29=#REF!),(C29=#REF!),(C29=#REF!),(C29=#REF!),(C29=#REF!)),1,0)) -> #REF! | AS29: =(IF(OR((D29="<8"),(D29=">15"),(D29=7),(D29=#REF!),(D29=#REF!),(D29=#REF!),(D29=#REF!),(D29=#REF!),(D29=#REF!),(D29=#REF!),(D29=#REF!)),1,0)) -> #REF! | AT29: =(IF(OR((E29="<8"),(E29=">15"),(E29=7),(E29=#REF!),(E29=#REF!),(E29=#REF!),(E29=#REF!),(E29=#REF!),(E29=#REF!),(E29=#REF!),(E29=#REF!)),1,0)) -> #REF! | AU29: =(IF(OR((F29="<8"),(F29=">15"),(F29=7),(F29=#REF!),(F29=#REF!),(F29=#REF!),(F29=#REF!),(F29=#REF!),(F29=#REF!),(F29=#REF!),(F29=#REF!)),1,0)) -> #REF! | AV29: =(IF(OR((G29="<8"),(G29=">15"),(G29=7),(G29=#REF!),(G29=#REF!),(G29=#REF!),(G29=#REF!),(G29=#REF!),(G29=#REF!),(G29=#REF!),(G29=#REF!)),1,0)) -> #REF! | AX29: =IF(($AG29=0),1,0) -> 0 | AY29: =(IF((AND(($AX$32="S"),($AX$33="F"))),$BB$6,(IF((AND(($AX$32="S"),($AX$33="V"))),(BB29/(BA29)),0)))) -> 0 | BA29: =IF($A29=FREQUENCIAS!$V$1,FREQUENCIAS!$V$2,"ERRO NO PE") -> 0.736 | BB29: =IF($A29=FREQUENCIAS!$V$1,FREQUENCIAS!$V$3,"ERRO NA MUT") -> 0.0028 | BC29: =(IF((AND(($AX$32="N"),($AX$34="O"),($AX29=1))),1,$AH29)) -> 3.3095049 | BD29: =IF((W29=0),1,0) -> 0 | BF29: 8 | BG29: 15 | BH29: =(IF((AND((B29>=$BF29),(B29<=$BG29),(C29>=$BF29),(C29<=$BG29),(D29>=$BF29),(D29<=$BG29),(E29>=$BF29),(E29<=$BG29),(F29>=$BF29),(F29<=$BG29),(G29>=$BF29),(G29<=$BG29))),"CORRETO",(IF((OR((B29="<8"),(C29="<8"),(D29="<8"),(E29="<8"),(F29="<8"),(G29="<8"),(B29=">15"),(C29=">15"),(D29=">15"),(E29=">15"),(F29=">15"),(G29=">15"))),"CORRETO","ALELO ERRADO")))) -> ALELO ERRADO | BI29: =IF(($W29=($BF29-1)),"<",IF(($W29=($BG29+1)),">","")) | BJ29: =IF(($W29=($BF29-1)),$BF29,IF(($W29=($BG29-1)),$BG29,$W29)) -> 19 | BK29: =(IF((OR(($W29=($BF29-1)),($W29=($BG29+1)))),(CONCATENATE((BI29),(BJ29))),$W29)) -> 19 | BL29: =IF(($Z29=($BF29-1)),"<",IF(($Z29=($BG29+1)),">","")) | BM29: =IF(($Z29=($BF29-1)),$BF29,IF(($Z29=($BG29+1)),$BG29,$Z29)) -> 21 | BN29: =(IF((OR(($Z29=($BF29-1)),($Z29=($BG29+1)))),(CONCATENATE((BL29),(BM29))),$Z29)) -> 21 | BO29: =IF(($AA29=($BF29-1)),"<",IF(($AA29=($BG29+1)),">","")) | BP29: =IF((AA29=($BF29-1)),BG29,IF((AA29=($BG29+1)),$BG29,AA29)) -> 0 | BQ29: =(IF((OR(($AA29=($BF29-1)),($AA29=($BG29+1)))),(CONCATENATE((BO29),(BP29))),$AA29)) -> 0 | BT29: 8 | BU29: 11
A30: D22S1045 | B30: ='DADOS FINAIS'!F30 -> 16 | C30: ='DADOS FINAIS'!G30 -> 17 | D30: ='DADOS FINAIS'!D30 -> 16 | E30: ='DADOS FINAIS'!E30 -> 16 | F30: ='DADOS FINAIS'!B30 -> 11 | G30: ='DADOS FINAIS'!C30 -> 16 | H30: =(IF(CODE(B30)=(60),($BF30-1),(IF(CODE(B30)=(62),($BG30+1),B30)))) -> 16 | I30: =(IF(CODE(C30)=(60),($BF30-1),(IF(CODE(C30)=(62),($BG30+1),C30)))) -> 17 | J30: =(IF(CODE(D30)=(60),($BF30-1),(IF(CODE(D30)=(62),($BG30+1),D30)))) -> 16 | K30: =(IF(CODE(E30)=(60),($BF30-1),(IF(CODE(E30)=(62),($BG30+1),E30)))) -> 16 | L30: =(IF(CODE(F30)=(60),($BF30-1),(IF(CODE(F30)=(62),($BG30+1),F30)))) -> 11 | M30: =(IF(CODE(G30)=(60),($BF30-1),(IF(CODE(G30)=(62),($BG30+1),G30)))) -> 16 | N30: =IF((H30>I30),I30,H30) -> 16 | O30: =IF((I30>H30),I30,H30) -> 17 | P30: =IF((J30>K30),K30,J30) -> 16 | Q30: =IF((K30>J30),K30,J30) -> 16 | R30: =IF((L30>M30),M30,L30) -> 11 | S30: =IF((M30>L30),M30,L30) -> 16 | T30: =IF((P30=N30),P30,(IF((P30=O30),P30,0))) -> 16 | U30: =IF((Q30=N30),Q30,(IF((Q30=O30),Q30,0))) -> 16 | V30: =(IF((OR((P30=">22"),(Q30=">22"))),2,(IF(((T30+U30)=(P30+Q30)),0,1)))) -> 0 | W30: =IF(OR((T30=U30),(U30=0)),T30,(IF(AND((T30=0),(U30<>0)),U30,$AJ$7))) -> 16 | X30: =(ROUND( (IF((AND((T30=0),(U30=0))),D30,(IF((V30=2),S30,(IF((W30<>$AJ$7),(P30+Q30-W30),P30)))))),1)) -> 16 | Y30: =(IF((AND((T30=0),(U30=0))),E30,(IF((W30<>$AJ$7),0,Q30)))) -> 0 | Z30: =(IF(OR((X30=R30),(X30=S30)),X30,0)) -> 16 | AA30: =(IF(AND((V30=0),(Z30=0),(OR((S30=T30),(S30=U30)))),Y30,(IF((Y30<>0),(IF(OR((Y30=R30),(Y30=S30)),Y30,0)),0)))) -> 0 | AB30: =IF(X30=0,0,VLOOKUP(X30,FREQUENCIAS!$1:$1048576,(IF(($A30=FREQUENCIAS!$W$1),23,"ERRO")),FREQUENCIAS!$1:$1048576)) -> 0.3287 | AC30: =IF(Y30=0,0,VLOOKUP(Y30,FREQUENCIAS!$1:$1048576,(IF(($A30=FREQUENCIAS!$W$1),23,"ERRO")),FREQUENCIAS!$1:$1048576)) -> 0 | AG30: =(IF((A30="ERRO-FT"),"5",((IF((AND(($Z30=0),($AA30=0),($AX$32="N"))),0,(IF((AND(($Z30=0),($AA30=0),(AX$32="S"))),1,(IF((AB30+AC30+AD30+AE30+AF30)<=$AI$7,$AI$7,(AB30+AC30+AD30+AE30+AF30)))))))))) -> 0.3287 | AH30: =(IF((A30="ERRO-FT"),"15",(IF((AND(($Z30=0),($AA30=0),($AX$32="N"))),0,(IF((AND(($Z30=0),($AA30=0),(AX$32="S"))),$AY30,(IF(OR((AND(($B30=$C30),($C30=$D30),($D30=$E30),($E30=$F30),($F30=$G30))), ((AND(($N30=$P30),($P30=$R30),($O30=$Q30),($Q30=$S30),($N30<>$O30)))),(AND(($D30=$E30),($B30<>$C30),($E30=$F30),($F30=$G30))),((AND(($X30=$Z30),($F30=$G30))))),(1/$AG30),(1/(2*$AG30)))))))))) -> 1.5211439 | AI30: =(IF((AH30=0),0,(AH30/(AH30+1)))) -> 0.60335465 | AK30: =(1-AG30)^2 -> 0.45064369 | AM30: =IF((AND(($Z30=0),($AA30=0),($AX$32="N"))),"EXCLUI",(IF((AND(($Z30=0),($AA30=0),(AX$32="S"))),"MUTAÇÃO",(IF(OR((AND((B30=C30),(C30=D30),(D30=E30),(E30=F30),(F30=G30))),((AND((N30=P30),(P30=R30),(O30=Q30),(Q30=S30),(N30<>O30)))),(AND((D30=E30),(B30<>C30),(E30=F30),(F30=G30))),((AND((X30=Z30),(F30=G30))))),("1 / F"),("1 / 2F")))))) -> 1 / 2F | AN30: =(IF((AND(($BD$31<=2),(BD30=1))),"MT",(IF((AND(($BD$31>2),(BD30=1))),"EM","OK")))) -> OK | AQ30: =(IF(OR((B30="<5"),(B30=6),(B30=7),(B30=">15"),(B30=#REF!),(B30=#REF!),(B30=#REF!),(B30=#REF!),(B30=#REF!),(B30=#REF!),(B30=#REF!),(B30=#REF!),(B30=#REF!)),1,0)) -> #REF! | AR30: =(IF(OR((C30="<5"),(C30=6),(C30=7),(C30=">15"),(C30=#REF!),(C30=#REF!),(C30=#REF!),(C30=#REF!),(C30=#REF!),(C30=#REF!),(C30=#REF!),(C30=#REF!),(C30=#REF!)),1,0)) -> #REF! | AS30: =(IF(OR((D30="<5"),(D30=6),(D30=7),(D30=">15"),(D30=#REF!),(D30=#REF!),(D30=#REF!),(D30=#REF!),(D30=#REF!),(D30=#REF!),(D30=#REF!),(D30=#REF!),(D30=#REF!)),1,0)) -> #REF! | AT30: =(IF(OR((E30="<5"),(E30=6),(E30=7),(E30=">15"),(E30=#REF!),(E30=#REF!),(E30=#REF!),(E30=#REF!),(E30=#REF!),(E30=#REF!),(E30=#REF!),(E30=#REF!),(E30=#REF!)),1,0)) -> #REF! | AU30: =(IF(OR((F30="<5"),(F30=6),(F30=7),(F30=">15"),(F30=#REF!),(F30=#REF!),(F30=#REF!),(F30=#REF!),(F30=#REF!),(F30=#REF!),(F30=#REF!),(F30=#REF!),(F30=#REF!)),1,0)) -> #REF! | AV30: =(IF(OR((G30="<5"),(G30=6),(G30=7),(G30=">15"),(G30=#REF!),(G30=#REF!),(G30=#REF!),(G30=#REF!),(G30=#REF!),(G30=#REF!),(G30=#REF!),(G30=#REF!),(G30=#REF!)),1,0)) -> #REF! | AX30: =IF(($AG30=0),1,0) -> 0 | AY30: =(IF((AND(($AX$32="S"),($AX$33="F"))),$BB$6,(IF((AND(($AX$32="S"),($AX$33="V"))),(BB30/(BA30)),0)))) -> 0 | BA30: =IF($A30=FREQUENCIAS!$W$1,FREQUENCIAS!$W$2,"ERRO NO PE") -> 0.454 | BB30: =IF($A30=FREQUENCIAS!$W$1,FREQUENCIAS!$W$3,"ERRO NA MUT") -> 0 | BC30: =(IF((AND(($AX$32="N"),($AX$34="O"),($AX30=1))),1,$AH30)) -> 1.5211439 | BD30: =IF((W30=0),1,0) -> 0 | BF30: 5 | BG30: 15 | BH30: =(IF((AND((B30>=$BF30),(B30<=$BG30),(C30>=$BF30),(C30<=$BG30),(D30>=$BF30),(D30<=$BG30),(E30>=$BF30),(E30<=$BG30),(F30>=$BF30),(F30<=$BG30),(G30>=$BF30),(G30<=$BG30))),"CORRETO",(IF((OR((B30="<5"),(C30="<5"),(D30="<5"),(E30="<5"),(F30="<5"),(G30="<5"),(B30=">15"),(C30=">15"),(D30=">15"),(E30=">15"),(F30=">15"),(G30=">15"))),"CORRETO","ALELO ERRADO")))) -> ALELO ERRADO | BI30: =IF(($W30=($BF30-1)),"<",IF(($W30=($BG30+1)),">","")) -> > | BJ30: =IF(($W30=($BF30-1)),$BF30,IF(($W30=($BG30-1)),$BG30,$W30)) -> 16 | BK30: =(IF((OR(($W30=($BF30-1)),($W30=($BG30+1)))),(CONCATENATE((BI30),(BJ30))),$W30)) -> >16 | BL30: =IF(($Z30=($BF30-1)),"<",IF(($Z30=($BG30+1)),">","")) -> > | BM30: =IF(($Z30=($BF30-1)),$BF30,IF(($Z30=($BG30+1)),$BG30,$Z30)) -> 15 | BN30: =(IF((OR(($Z30=($BF30-1)),($Z30=($BG30+1)))),(CONCATENATE((BL30),(BM30))),$Z30)) -> >15 | BO30: =IF(($AA30=($BF30-1)),"<",IF(($AA30=($BG30+1)),">","")) | BP30: =IF((AA30=($BF30-1)),BG30,IF((AA30=($BG30+1)),$BG30,AA30)) -> 0 | BQ30: =(IF((OR(($AA30=($BF30-1)),($AA30=($BG30+1)))),(CONCATENATE((BO30),(BP30))),$AA30)) -> 0 | BT30: 9 | BU30: 10
G31: ÍNDICE DE PATERNIDADE ACUMULADO: | AG31: =((IF((OR(($A9="ERRO-FT"),($A10="ERRO-FT"),($A11="ERRO-FT"),($A12="ERRO-FT"),($A13="ERRO-FT"),($A14="ERRO-FT"),($A15="ERRO-FT"),($A16="ERRO-FT"),($A17="ERRO-FT"),($A18="ERRO-FT"),($A19="ERRO-FT"),($A20="ERRO-FT"),($A21="ERRO-FT"),($A22="ERRO-FT"),($A23="ERRO-FT"))),"VERIFICAR ALELOS",(IF((AND(($AX$32="N"),($AX$34="O"),($AX$31<=2))),($BC$31),(IF(AND(((PRODUCT(AH9:AH30))<>0),($AX$31<=2)),($AH9*$AH10*$AH11*$AH12*$AH13*$AH14*$AH15*$AH16*$AH17*$AH18*$AH19*$AH20*$AH21*$AH22*$AH23),"NIHIL"))))))) -> 1.8862226e+10 | AK31: =(IF(((AI9*AI10*AI11*AI12*AI13*AI14*AI15*AI16*AI17*AI18*AI19*AI20*AI21*AI22*AI23)<>0),((1-AK9)*(1-AK10)*(1-AK11)*(1-AK12)*(1-AK13)*(1-AK14)*(1-AK15)*(1-AK16)*(1-AK17)*(1-AK18)*(1-AK19)*(1-AK20)*(1-AK21)*(1-AK22)*(1-AK23)),$AJ$23)) -> 3.0660692e-11 | AX31: =SUM(AX9:AX23) -> 0 | BC31: =(IF((AND(($AX$32="N"),($AX$34="O"))),(BC9*BC10*BC11*BC12*BC13*BC14*BC15*BC16*BC17*BC18*BC19*BC20*BC21*BC22*BC23),0)) -> 0 | BD31: =SUM(BD9:BD23) -> 0
G32: PROBABILIDADE DE PATERNIDADE: | AG32: =((IF((OR(($A9="ERRO-FT"),($A10="ERRO-FT"),($A11="ERRO-FT"),($A12="ERRO-FT"),($A13="ERRO-FT"),($A14="ERRO-FT"),($A15="ERRO-FT"),($A16="ERRO-FT"),($A17="ERRO-FT"),($A18="ERRO-FT"),($A19="ERRO-FT"),($A20="ERRO-FT"),($A21="ERRO-FT"),($A22="ERRO-FT"),($A23="ERRO-FT"))),"OCORRÊNCIA DE 'OUT LADDER'",(IF((AND(($AX$32="N"),($AX$34="O"),($AX$31<=2))),(ROUNDDOWN(($AG31/($AG31+1)),11)),(IF(((PRODUCT(AH9:AH30))<>0),(ROUNDDOWN(($AG31/($AG31+1)),11)),"NIHIL"))))))) -> 1 | AR32: N | AS32: SIM | AX32: =IF(AH41="SIM","S",IF(AH41="NÃO","N","")) -> N | AY32: <= exclusao
G33: =(IF((AND(($AX$31=1),($AX$32="N"),($AX$34="O"))),"OBSERVAÇÃO TÉCNICA RELEVANTE: ",(IF((AND(($AX$31=2),($AX$32="N"),($AX$34="O"))),"OBSERVAÇÃO TÉCNICA RELEVANTE: ","CAP. DE EFICIÊNCIA DOS MARCADORES: ")))) -> CAP. DE EFICIÊNCIA DOS MARCADORES: | AG33: =((IF((OR(($A9="ERRO-FT"),($A10="ERRO-FT"),($A11="ERRO-FT"),($A12="ERRO-FT"),($A13="ERRO-FT"),($A14="ERRO-FT"),($A15="ERRO-FT"),($A16="ERRO-FT"),($A17="ERRO-FT"),($A18="ERRO-FT"),($A19="ERRO-FT"),($A20="ERRO-FT"),($A21="ERRO-FT"),($A22="ERRO-FT"),($A23="ERRO-FT"))),"ANALISAR DIGITAÇÃO", (IF((AND( ((OR(($AX$31=1),($AX$31=2)))),($AX$32="N"),($AX$34="O"))),"CÁLCULO COM OMISSÃO DE LOCUS",(IF(((PRODUCT(AH9:AH30))<>0),(ROUNDDOWN((1-$AK31),11)),"EXCLUSÃO"))))))) -> 1 | AR33: V | AS33: NÃO | AX33: V | AY33: <= criterio
G34: RESULTADO: | AG34: =((IF((OR(($A9="ERRO-FT"),($A10="ERRO-FT"),($A11="ERRO-FT"),($A12="ERRO-FT"),($A13="ERRO-FT"),($A14="ERRO-FT"),($A15="ERRO-FT"),($A16="ERRO-FT"),($A17="ERRO-FT"),($A18="ERRO-FT"),($A19="ERRO-FT"),($A20="ERRO-FT"),($A21="ERRO-FT"),($A22="ERRO-FT"),($A23="ERRO-FT"))),"IMPOSSIBILIDADE DE ANÁLISE",(IF((AND((($AG32)<>0),($AG32)<=0.9799)),"PATERNIDADE REMOTA",(IF((AND((($AG32)>0.9799),($AG32)<=0.9849)),"PATERNIDADE POUCO POSSÍVEL",(IF((AND((($AG32)>0.9849),($AG32)<=0.9899)),"PATERNIDADE POSSÍVEL",(IF((AND((($AG32)>0.9899),($AG32)<=0.9949)),"PATERNIDADE PROVÁVEL",(IF((AND((($AG32)>0.9949),($AG32)<=0.9999)),"PATERNIDADE MUITO PROVÁVEL",(IF((AND((($AG32)>0.9949),($AG32)<=1)),"VÍNCULO BIOLOGICAMENTE PROVADO",A7))))))))))))))) -> VÍNCULO BIOLOGICAMENTE PROVADO | AY34: <= omissão
A35: OBS.: A frequência "F" representa a frequência "p" do alelo paterno obrigatório ou a soma das
A36: frequências "p" e "q" quando o alelo paterno não for definido. | AI36: 37319 | AR36: O QUE EU FIZ:
A37: A indicação "OK" na coluna "AM" (alelos maternos) indica que no locus houve o compartilhamento | AR37: MUDANÇA NA AY PARA ESSA FORMULA: SE((E(($AX$32="S");($AX$33="F")));$BB$6;(SE((E(($AX$32="S");($AX$33="V")));(BB9/(BA9));0)))), ANTES TINHA O ...(BB9/(100*BA9));0))
A38: alélico entre a Mãe e a Criança. "MT" indica que houve a ocorrência de uma mutação no locus
A39: (biologicamente normal). A inscrição "EM" denota a exclusão de vínculo Mãe x Criança no locus.
AG40: Expor mensagens de supervisão (sim ou não)? | AH40: SIM | AI40: =(IF((OR(($AH$40="SIM"),($AH$40="S"))),(IF(($AM$4="VERIFICAR"),"",(IF(($AM$5="VERIFICAR"),"",(IF(($AM$7="VERIFICAR"),"",(IF(AND(($BD$24<>0),($BD$24<=2),($AM$6="VERIFICAR")),"SUPERVISÃO OK","= SUPERVISÃO OK")))))))),(IF(($AH$40="NÃO"),"","(OPÇÃO INCORRETA)")))) -> = SUPERVISÃO OK | AR40: CRIEI A FORMULA NO AX32, =SE(AH41="SIM";"S";SE(AH41="NÃO";"N";""))
AG41: =(IF(($AX$31=1),"Estudar ocorrência de MUTAÇÃO?",(IF(($AX$31=2),"Estudar ocorrência de MUTAÇÃO?",(IF(($AX$32="S"),"Estudar ocorrência de MUTAÇÃO?"," ")))))) | AH41: NÃO
F44: C. Grande (MS), | G44: =TODAY() -> 41863
A47: =(IF((OR(($AH$40="SIM"),($AH$46="S"))),(IF(($AM$4="VERIFICAR"),"ATENÇÃO: Possibilidade de ter havido troca de alelos entre Mãe e Criança",(IF(($AM$5="VERIFICAR"),"ATENÇÃO: Possibilidade de ter havido troca de alelos entre Criança e Suposto Pai",(IF(($AM$7="VERIFICAR"),"ATENÇÃO: Verificar ocorrência de repetição alélica entre 2 pessoas genotipadas",(IF(AND(($BD$31>2),($AM$6="VERIFICAR")),"ATENÇÃO: Possibilidade de ter havido troca de alelos entre Mãe e Suposto Pai","")))))))),""))
A49: Farm. Bioquímica ANA PAULA MALUF RABACOW, Msc. | G49: e/ou | AG49: Biólogo BRUNO BOIKO PEREIRA DE FIGUEIREDO
A50: Mestre em Biotecnologia - CRF 1959 | AG50: Mestrando em Biotecnologia - UCDB - Genética Humana
A51: Analista Pericial - Chefe de Divisão | AG51: CRBio-1 54.040 - Diretor da Div. Genética Molecular
A52: IPC MS EXAMES DE DNA - DIVISÃO DE GENÉTICA MOLECULAR - A Tecnologia a Serviço da Ciência
A53: ANEXO 01 | B53: ANEXO 02 | C53: ANEXO 03 | D53: ANEXO 04 | E53: ANEXO 05 | F53: ANEXO 06 | AN53: ANEXO 01
A54: ='IMPORTAÇÃO GENOTIPER'!$O$1 -> Helder - MS | B54: Perito em Biol. Molecular - Esp. pela UNIFESP - Diretor Executivo - IPC-MS/IPC-PR | AN54: (nesta lauda)
B55: CREA-MS 668/D - CRC-MS 6.580 - OAB-MS 5.765 - CRBio-1 31.764
B56: Biólogo CARLOS ALBERTO MARTINEZ ALONSO, MSc.
B57: Perito em Genética Molecular - Dir. Divisão de Genética Molecular
B58: Mestre em Engenharia Genética - CRBio-3 8.106
B59: Professor Doutor RUI FERNANDO PILOTTO
B60: Médico, Biólogo, Mestre e Doutor em Genética
B61: Perito Forense - CRM-PR 8.799

Sheet SUPERVISÃO 2
A1: IPC MS EXAMES DE DNA - DIVISÃO DE GENÉTICA MOLECULAR
AN2: Sistema automatizado de cálculo de Genética de Populações desenvolvido pelo Engº e Biólogo Helder Pereira de Figueiredo
A3: CÓDIGO: | AH3: AMELOGENINA | AM3: SUPERV
A4: MÃE: | AI4: =(IF(('IMPORTAÇÃO GENOTIPER'!W4="X"),"XX",(IF(('IMPORTAÇÃO GENOTIPER'!W4<>"X"),"ERRO")))) -> XX | AM4: =IF(('SUPERVISÃO 1'!$AB$34="EVIDÊNCIA DE TROCA"),"VERIFICAR","OK") -> OK
A5: INVTE: | AI5: =(IF(('IMPORTAÇÃO GENOTIPER'!AM4="Y"),"XY",(IF(('IMPORTAÇÃO GENOTIPER'!AM4="X"),"XX","ERRO")))) -> XY | AM5: =IF(('SUPERVISÃO 2'!$AB$34="EVIDÊNCIA DE TROCA"),"VERIFICAR","OK") -> OK
A6: SP. PAI: | AI6: =(IF(('IMPORTAÇÃO GENOTIPER'!BC4="Y"),"XY",(IF(('IMPORTAÇÃO GENOTIPER'!BC4<>"Y"),"ERRO")))) -> XY | AJ6: EXCLUI | AM6: =IF(('SUPERVISÃO 3'!$AB$34="TROCA POSSÍVEL"),"VERIFICAR","OK") -> OK | AZ6: TAXA FIXA: | BB6: 0.001
A7: VERIFICAÇÃO - HIPÓTESE: Troca C x SP | AB7: aqui colocar coluna = num. Corresp. | AH7: FREQ. MÍN.: | AI7: 0.02 | AJ7: NÃO DEF | AM7: =IF(('SUPERVISÃO 4'!$AG$34="VERIFICAR"),"VERIFICAR","OK") -> OK | AQ7: AQUI NÃO USOU POIS NÃO TEM O LIMITE DOS MARCADORES | AZ7: MUTAÇÃO VARIÁVEL | BI7: AL. MAT. ORIGINÁRIOS | BL7: AL. 1 SP. ORIGINÁRIOS | BO7: AL. 2 SP. ORIGINÁRIOS
A8: REGIÃO | B8: MÃE | D8: CRIA - HIP | F8: SP - HIP | H8: MÃE 'A' | J8: CRIA 'A' | L8: SP 'A' | N8: M CALC | P8: C CALC | R8: SP CALC | T8: AM1 | U8: AM2 | V8: AM3 | W8: AL. MAT | X8: AL. PAT. | Z8: COMP. | AB8: Fr 1A | AC8: Fr 2A | AD8: Fr 1B | AE8: Fr 2B | AF8: Fr Sp | AG8: =((IF((OR(($A9="ERRO-FT"),($A10="ERRO-FT"),($A11="ERRO-FT"),($A12="ERRO-FT"),($A13="ERRO-FT"),($A14="ERRO-FT"),($A15="ERRO-FT"),($A16="ERRO-FT"),($A17="ERRO-FT"),($A18="ERRO-FT"),($A19="ERRO-FT"),($A20="ERRO-FT"),($A21="ERRO-FT"),($A22="ERRO-FT"),($A23="ERRO-FT"))),"AL.INF.","FREQ."))) -> FREQ. | AH8: =((IF((OR(($A9="ERRO-FT"),($A10="ERRO-FT"),($A11="ERRO-FT"),($A12="ERRO-FT"),($A13="ERRO-FT"),($A14="ERRO-FT"),($A15="ERRO-FT"),($A16="ERRO-FT"),($A17="ERRO-FT"),($A18="ERRO-FT"),($A19="ERRO-FT"),($A20="ERRO-FT"),($A21="ERRO-FT"),($A22="ERRO-FT"),($A23="ERRO-FT"))),"AL.SUP.","PI"))) -> PI | AI8: PR. PAT | AJ8: SIM | AM8: FÓRM | AN8: AM | AX8: MT | AY8: TX. MUTAÇÃO | AZ8: LOCUS | BA8: PE | BB8: MUT | BC8: OMISSÃO | BD8: EXCL. MÃE | BF8: L. INF | BG8: L. SUP | BI8: < / > | BJ8: AL.MAT. | BK8: MT.ORIG | BL8: < / > | BM8: AL.PT.1 | BN8: AL1-OR | BO8: < / > | BP8: AL.PT.2 | BQ8: AL2-OR
A9: D3S1358 | B9: ='DADOS FINAIS'!B9 -> 16 | C9: ='DADOS FINAIS'!C9 -> 18 | D9: ='DADOS FINAIS'!F9 -> 14 | E9: ='DADOS FINAIS'!G9 -> 15 | F9: ='DADOS FINAIS'!D9 -> 15 | G9: ='DADOS FINAIS'!E9 -> 18 | H9: =(IF(CODE(B9)=(60),($BF9-1),(IF(CODE(B9)=(62),($BG9+1),B9)))) -> 16 | I9: =(IF(CODE(C9)=(60),($BF9-1),(IF(CODE(C9)=(62),($BG9+1),C9)))) -> 18 | J9: =(IF(CODE(D9)=(60),($BF9-1),(IF(CODE(D9)=(62),($BG9+1),D9)))) -> 14 | K9: =(IF(CODE(E9)=(60),($BF9-1),(IF(CODE(E9)=(62),($BG9+1),E9)))) -> 15 | L9: =(IF(CODE(F9)=(60),($BF9-1),(IF(CODE(F9)=(62),($BG9+1),F9)))) -> 15 | M9: =(IF(CODE(G9)=(60),($BF9-1),(IF(CODE(G9)=(62),($BG9+1),G9)))) -> 18 | N9: =IF((H9>I9),I9,H9) -> 16 | O9: =IF((I9>H9),I9,H9) -> 18 | P9: =IF((J9>K9),K9,J9) -> 14 | Q9: =IF((K9>J9),K9,J9) -> 15 | R9: =IF((L9>M9),M9,L9) -> 15 | S9: =IF((M9>L9),M9,L9) -> 18 | T9: =IF((P9=N9),P9,(IF((P9=O9),P9,0))) -> 0 | U9: =IF((Q9=N9),Q9,(IF((Q9=O9),Q9,0))) -> 0 | V9: =(IF((OR((P9=">18"),(Q9=">18"))),2,(IF(((T9+U9)=(P9+Q9)),0,1)))) -> 1 | W9: =IF(OR(($T9=$U9),($U9=0)),$T9,(IF(AND(($T9=0),($U9<>0)),$U9,$AJ$7))) -> 0 | X9: =(ROUND( (IF((AND((T9=0),(U9=0))),D9,(IF((V9=2),S9,(IF((W9<>$AJ$7),(P9+Q9-W9),P9)))))),1)) -> 14 | Y9: =(IF((AND(($T9=0),($U9=0))),$E9,(IF(($W9<>$AJ$7),0,$Q9)))) -> 15 | Z9: =(IF(OR((X9=R9),(X9=S9)),X9,0)) -> 0 | AA9: =(IF(AND((V9=0),(Z9=0),(OR((S9=T9),(S9=U9)))),Y9,(IF((Y9<>0),(IF(OR((Y9=R9),(Y9=S9)),Y9,0)),0)))) -> 15 | AB9: =IF(X9=0,0,VLOOKUP(X9,FREQUENCIAS!$1:$1048576,(IF(($A9=FREQUENCIAS!$B$1),2,"ERRO")),FREQUENCIAS!$1:$1048576)) -> 0.093156 | AC9: =IF(Y9=0,0,VLOOKUP(Y9,FREQUENCIAS!$1:$1048576,(IF(($A9=FREQUENCIAS!$B$1),2,"ERRO")),FREQUENCIAS!$1:$1048576)) -> 0.290991 | AG9: =(IF((A9="ERRO-FT"),"8",((IF((AND(($Z9=0),($AA9=0),($AX$32="N"))),0,(IF((AND(($Z9=0),($AA9=0),(AX$32="S"))),1,(IF((AB9+AC9+AD9+AE9+AF9)<=$AI$7,$AI$7,(AB9+AC9+AD9+AE9+AF9)))))))))) -> 0.384147 | AH9: =(IF((A9="ERRO-FT"),"19",(IF((AND(($Z9=0),($AA9=0),($AX$32="N"))),0,(IF((AND(($Z9=0),($AA9=0),(AX$32="S"))),$AY9,(IF(OR((AND(($B9=$C9),($C9=$D9),($D9=$E9),($E9=$F9),($F9=$G9))), ((AND(($N9=$P9),($P9=$R9),($O9=$Q9),($Q9=$S9),($N9<>$O9)))),(AND(($D9=$E9),($B9<>$C9),($E9=$F9),($F9=$G9))),((AND(($X9=$Z9),($F9=$G9))))),(1/$AG9),(1/(2*$AG9)))))))))) -> 1.3015851 | AI9: =(IF((AH9=0),0,(AH9/(AH9+1)))) -> 0.56551682 | AK9: =(1-AG9)^2 -> 0.37927492 | AM9: =IF((AND(($Z9=0),($AA9=0),($AX$32="N"))),"EXCLUI",(IF((AND(($Z9=0),($AA9=0),(AX$32="S"))),"MUTAÇÃO",(IF(OR((AND((B9=C9),(C9=D9),(D9=E9),(E9=F9),(F9=G9))),((AND((N9=P9),(P9=R9),(O9=Q9),(Q9=S9),(N9<>O9)))),(AND((D9=E9),(B9<>C9),(E9=F9),(F9=G9))),((AND((X9=Z9),(F9=G9))))),("1 / F"),("1 / 2F")))))) -> 1 / 2F | AN9: =(IF((AND(($BD$31<=2),(BD9=1))),"MT",(IF((AND(($BD$31>2),(BD9=1))),"EM","OK")))) -> EM | AQ9: =(IF(OR((B9="<8"),(B9=">19"),(B9=19),(B9=#REF!),(B9=#REF!),(B9=#REF!),(B9=#REF!),(B9=#REF!),(B9=#REF!),(B9=#REF!),(B9=#REF!),(B9=#REF!),(B9=#REF!),(B9=#REF!)),1,0)) -> #REF! | AR9: =(IF(OR((C9="<8"),(C9=">19"),(C9=19),(C9=#REF!),(C9=#REF!),(C9=#REF!),(C9=#REF!),(C9=#REF!),(C9=#REF!),(C9=#REF!),(C9=#REF!),(C9=#REF!),(C9=#REF!),(C9=#REF!)),1,0)) -> #REF! | AS9: =(IF(OR((D9="<8"),(D9=">19"),(D9=19),(D9=#REF!),(D9=#REF!),(D9=#REF!),(D9=#REF!),(D9=#REF!),(D9=#REF!),(D9=#REF!),(D9=#REF!),(D9=#REF!),(D9=#REF!),(D9=#REF!)),1,0)) -> #REF! | AT9: =(IF(OR((E9="<8"),(E9=">19"),(E9=19),(E9=#REF!),(E9=#REF!),(E9=#REF!),(E9=#REF!),(E9=#REF!),(E9=#REF!),(E9=#REF!),(E9=#REF!),(E9=#REF!),(E9=#REF!),(E9=#REF!)),1,0)) -> #REF! | AU9: =(IF(OR((F9="<8"),(F9=">19"),(F9=19),(F9=#REF!),(F9=#REF!),(F9=#REF!),(F9=#REF!),(F9=#REF!),(F9=#REF!),(F9=#REF!),(F9=#REF!),(F9=#REF!),(F9=#REF!),(F9=#REF!)),1,0)) -> #REF! | AV9: =(IF(OR((G9="<8"),(G9=">19"),(G9=19),(G9=#REF!),(G9=#REF!),(G9=#REF!),(G9=#REF!),(G9=#REF!),(G9=#REF!),(G9=#REF!),(G9=#REF!),(G9=#REF!),(G9=#REF!),(G9=#REF!)),1,0)) -> #REF! | AX9: =IF(($AG9=0),1,0) -> 0 | AY9: =(IF((AND(($AX$32="S"),($AX$33="F"))),$BB$6,(IF((AND(($AX$32="S"),($AX$33="V"))),(BB9/(BA9)),0)))) -> 0 | BA9: =IF($A9=FREQUENCIAS!$B$1,FREQUENCIAS!$B$2,"ERRO NO PE") -> 0.549 | BB9: =IF($A9=FREQUENCIAS!$B$1,FREQUENCIAS!$B$3,"ERRO NA MUT") -> 0.0012 | BC9: =(IF((AND(($AX$32="N"),($AX$34="O"),($AX9=1))),1,$AH9)) -> 1.3015851 | BD9: =IF((W9=0),1,0) -> 1 | BF9: 8 | BG9: 19 | BH9: =(IF((AND((B9>=$BF9),(B9<=$BG9),(C9>=$BF9),(C9<=$BG9),(D9>=$BF9),(D9<=$BG9),(E9>=$BF9),(E9<=$BG9),(F9>=$BF9),(F9<=$BG9),(G9>=$BF9),(G9<=$BG9))),"CORRETO",(IF((OR((B9="<8"),(C9="<8"),(D9="<8"),(E9="<8"),(F9="<8"),(G9="<8"),(B9=">19"),(C9=">19"),(D9=">19"),(E9=">19"),(F9=">19"),(G9=">19"))),"CORRETO","ALELO ERRADO")))) -> CORRETO | BI9: =IF(($W9=($BF9-1)),"<",IF(($W9=($BG9+1)),">","")) | BJ9: =IF(($W9=($BF9-1)),$BF9,IF(($W9=($BG9-1)),$BG9,$W9)) -> 0 | BK9: =(IF((OR(($W9=($BF9-1)),($W9=($BG9+1)))),(CONCATENATE((BI9),(BJ9))),$W9)) -> 0 | BL9: =IF(($Z9=($BF9-1)),"<",IF(($Z9=($BG9+1)),">","")) | BM9: =IF(($Z9=($BF9-1)),$BF9,IF(($Z9=($BG9+1)),$BG9,$Z9)) -> 0 | BN9: =(IF((OR(($Z9=($BF9-1)),($Z9=($BG9+1)))),(CONCATENATE((BL9),(BM9))),$Z9)) -> 0 | BO9: =IF(($AA9=($BF9-1)),"<",IF(($AA9=($BG9+1)),">","")) | BP9: =IF((AA9=($BF9-1)),BG9,IF((AA9=($BG9+1)),$BG9,AA9)) -> 15 | BQ9: =(IF((OR(($AA9=($BF9-1)),($AA9=($BG9+1)))),(CONCATENATE((BO9),(BP9))),$AA9)) -> 15 | BT9: 9 | BU9: <8
A10: D1S1656 | B10: ='DADOS FINAIS'!B10 -> 15 | C10: ='DADOS FINAIS'!C10 -> 16.3 | D10: ='DADOS FINAIS'!F10 -> 13 | E10: ='DADOS FINAIS'!G10 -> 19.3 | F10: ='DADOS FINAIS'!D10 -> 16.3 | G10: ='DADOS FINAIS'!E10 -> 19.3 | H10: =(IF(CODE(B10)=(60),($BF10-1),(IF(CODE(B10)=(62),($BG10+1),B10)))) -> 15 | I10: =(IF(CODE(C10)=(60),($BF10-1),(IF(CODE(C10)=(62),($BG10+1),C10)))) -> 16.3 | J10: =(IF(CODE(D10)=(60),($BF10-1),(IF(CODE(D10)=(62),($BG10+1),D10)))) -> 13 | K10: =(IF(CODE(E10)=(60),($BF10-1),(IF(CODE(E10)=(62),($BG10+1),E10)))) -> 19.3 | L10: =(IF(CODE(F10)=(60),($BF10-1),(IF(CODE(F10)=(62),($BG10+1),F10)))) -> 16.3 | M10: =(IF(CODE(G10)=(60),($BF10-1),(IF(CODE(G10)=(62),($BG10+1),G10)))) -> 19.3 | N10: =IF((H10>I10),I10,H10) -> 15 | O10: =IF((I10>H10),I10,H10) -> 16.3 | P10: =IF((J10>K10),K10,J10) -> 13 | Q10: =IF((K10>J10),K10,J10) -> 19.3 | R10: =IF((L10>M10),M10,L10) -> 16.3 | S10: =IF((M10>L10),M10,L10) -> 19.3 | T10: =IF((P10=N10),P10,(IF((P10=O10),P10,0))) -> 0 | U10: =IF((Q10=N10),Q10,(IF((Q10=O10),Q10,0))) -> 0 | V10: =(IF((OR((P10=">36"),(Q10=">36"))),2,(IF(((T10+U10)=(P10+Q10)),0,1)))) -> 1 | W10: =IF(OR((T10=U10),(U10=0)),T10,(IF(AND((T10=0),(U10<>0)),U10,$AJ$7))) -> 0 | X10: =(ROUND( (IF((AND((T10=0),(U10=0))),D10,(IF((V10=2),S10,(IF((W10<>$AJ$7),(P10+Q10-W10),P10)))))),1)) -> 13 | Y10: =(IF((AND((T10=0),(U10=0))),E10,(IF((W10<>$AJ$7),0,Q10)))) -> 19.3 | Z10: =(IF(OR((X10=R10),(X10=S10)),X10,0)) -> 0 | AA10: =(IF(AND((V10=0),(Z10=0),(OR((S10=T10),(S10=U10)))),Y10,(IF((Y10<>0),(IF(OR((Y10=R10),(Y10=S10)),Y10,0)),0)))) -> 19.3 | AB10: =IF(X10=0,0,VLOOKUP(X10,FREQUENCIAS!$1:$1048576,(IF(($A10=FREQUENCIAS!$C$1),3,"ERRO")),FREQUENCIAS!$1:$1048576)) -> 0.0853 | AC10: =IF(Y10=0,0,VLOOKUP(Y10,FREQUENCIAS!$1:$1048576,(IF(($A10=FREQUENCIAS!$C$1),3,"ERRO")),FREQUENCIAS!$1:$1048576)) -> 0.0036 | AG10: =(IF((A10="ERRO-FT"),"24",((IF((AND(($Z10=0),($AA10=0),($AX$32="N"))),0,(IF((AND(($Z10=0),($AA10=0),(AX$32="S"))),1,(IF((AB10+AC10+AD10+AE10+AF10)<=$AI$7,$AI$7,(AB10+AC10+AD10+AE10+AF10)))))))))) -> 0.0889 | AH10: =(IF((A10="ERRO-FT"),"38",(IF((AND(($Z10=0),($AA10=0),($AX$32="N"))),0,(IF((AND(($Z10=0),($AA10=0),(AX$32="S"))),$AY10,(IF(OR((AND(($B10=$C10),($C10=$D10),($D10=$E10),($E10=$F10),($F10=$G10))), ((AND(($N10=$P10),($P10=$R10),($O10=$Q10),($Q10=$S10),($N10<>$O10)))),(AND(($D10=$E10),($B10<>$C10),($E10=$F10),($F10=$G10))),((AND(($X10=$Z10),($F10=$G10))))),(1/$AG10),(1/(2*$AG10)))))))))) -> 5.624297 | AI10: =(IF((AH10=0),0,(AH10/(AH10+1)))) -> 0.84904058 | AK10: =(1-AG10)^2 -> 0.83010321 | AM10: =IF((AND(($Z10=0),($AA10=0),($AX$32="N"))),"EXCLUI",(IF((AND(($Z10=0),($AA10=0),(AX$32="S"))),"MUTAÇÃO",(IF(OR((AND((B10=C10),(C10=D10),(D10=E10),(E10=F10),(F10=G10))),((AND((N10=P10),(P10=R10),(O10=Q10),(Q10=S10),(N10<>O10)))),(AND((D10=E10),(B10<>C10),(E10=F10),(F10=G10))),((AND((X10=Z10),(F10=G10))))),("1 / F"),("1 / 2F")))))) -> 1 / 2F | AN10: =(IF((AND(($BD$31<=2),(BD10=1))),"MT",(IF((AND(($BD$31>2),(BD10=1))),"EM","OK")))) -> EM | AQ10: =(IF(OR((B10="<24"),(B10=">38"),(B10=24),(B10=24.3),(B10=25.2),(B10=28.2),(B10=29.3),(B10=34.1),(B10=35.1),(B10=37),(B10=38),(B10=#REF!),(B10=#REF!),(B10=#REF!),(B10=#REF!),(B10=#REF!),(B10=#REF!),(B10=#REF!),(B10=#REF!),(B10=#REF!),(B10=#REF!),(B10=#REF!),(B10=#REF!),(B10=#REF!),(B10=#REF!),(B10=#REF!),(B10=#REF!),(B10=#REF!),(B10=#REF!),(B10=#REF!)),1,BW10)) -> #REF! | AR10: =(IF(OR((C10="<24"),(C10=">38"),(C10=24),(C10=24.3),(C10=25.2),(C10=28.2),(C10=29.3),(C10=34.1),(C10=35.1),(C10=37),(C10=38),(C10=#REF!),(C10=#REF!),(C10=#REF!),(C10=#REF!),(C10=#REF!),(C10=#REF!),(C10=#REF!),(C10=#REF!),(C10=#REF!),(C10=#REF!),(C10=#REF!),(C10=#REF!),(C10=#REF!),(C10=#REF!),(C10=#REF!),(C10=#REF!),(C10=#REF!),(C10=#REF!),(C10=#REF!)),1,BX10)) -> #REF! | AS10: =(IF(OR((D10="<24"),(D10=">38"),(D10=24),(D10=24.3),(D10=25.2),(D10=28.2),(D10=29.3),(D10=34.1),(D10=35.1),(D10=37),(D10=38),(D10=#REF!),(D10=#REF!),(D10=#REF!),(D10=#REF!),(D10=#REF!),(D10=#REF!),(D10=#REF!),(D10=#REF!),(D10=#REF!),(D10=#REF!),(D10=#REF!),(D10=#REF!),(D10=#REF!),(D10=#REF!),(D10=#REF!),(D10=#REF!),(D10=#REF!),(D10=#REF!),(D10=#REF!)),1,BY10)) -> #REF! | AT10: =(IF(OR((E10="<24"),(E10=">38"),(E10=24),(E10=24.3),(E10=25.2),(E10=28.2),(E10=29.3),(E10=34.1),(E10=35.1),(E10=37),(E10=38),(E10=#REF!),(E10=#REF!),(E10=#REF!),(E10=#REF!),(E10=#REF!),(E10=#REF!),(E10=#REF!),(E10=#REF!),(E10=#REF!),(E10=#REF!),(E10=#REF!),(E10=#REF!),(E10=#REF!),(E10=#REF!),(E10=#REF!),(E10=#REF!),(E10=#REF!),(E10=#REF!),(E10=#REF!)),1,BZ10)) -> #REF! | AU10: =(IF(OR((F10="<24"),(F10=">38"),(F10=24),(F10=24.3),(F10=25.2),(F10=28.2),(F10=29.3),(F10=34.1),(F10=35.1),(F10=37),(F10=38),(F10=#REF!),(F10=#REF!),(F10=#REF!),(F10=#REF!),(F10=#REF!),(F10=#REF!),(F10=#REF!),(F10=#REF!),(F10=#REF!),(F10=#REF!),(F10=#REF!),(F10=#REF!),(F10=#REF!),(F10=#REF!),(F10=#REF!),(F10=#REF!),(F10=#REF!),(F10=#REF!),(F10=#REF!)),1,CA10)) -> #REF! | AV10: =(IF(OR((G10="<24"),(G10=">38"),(G10=24),(G10=24.3),(G10=25.2),(G10=28.2),(G10=29.3),(G10=34.1),(G10=35.1),(G10=37),(G10=38),(G10=#REF!),(G10=#REF!),(G10=#REF!),(G10=#REF!),(G10=#REF!),(G10=#REF!),(G10=#REF!),(G10=#REF!),(G10=#REF!),(G10=#REF!),(G10=#REF!),(G10=#REF!),(G10=#REF!),(G10=#REF!),(G10=#REF!),(G10=#REF!),(G10=#REF!),(G10=#REF!),(G10=#REF!)),1,CB10)) -> #REF! | AW10: APOIO (BW-CB) | AX10: =IF(($AG10=0),1,0) -> 0 | AY10: =(IF((AND(($AX$32="S"),($AX$33="F"))),$BB$6,(IF((AND(($AX$32="S"),($AX$33="V"))),(BB10/(BA10)),0)))) -> 0 | BA10: =IF($A10=FREQUENCIAS!$C$1,FREQUENCIAS!$C$2,"ERRO NO PE") -> 0.759 | BB10: =IF($A10=FREQUENCIAS!$C$1,FREQUENCIAS!$C$3,"ERRO NA MUT") -> 0 | BC10: =(IF((AND(($AX$32="N"),($AX$34="O"),($AX10=1))),1,$AH10)) -> 5.624297 | BD10: =IF((W10=0),1,0) -> 1 | BF10: 24 | BG10: 38 | BH10: =(IF((AND((B10>=$BF10),(B10<=$BG10),(C10>=$BF10),(C10<=$BG10),(D10>=$BF10),(D10<=$BG10),(E10>=$BF10),(E10<=$BG10),(F10>=$BF10),(F10<=$BG10),(G10>=$BF10),(G10<=$BG10))),"CORRETO",(IF((OR((B10="<24"),(C10="<24"),(D10="<24"),(E10="<24"),(F10="<24"),(G10="<24"),(B10=">38"),(C10=">38"),(D10=">38"),(E10=">38"),(F10=">38"),(G10=">38"))),"CORRETO","ALELO ERRADO")))) -> ALELO ERRADO | BI10: =IF(($W10=($BF10-1)),"<",IF(($W10=($BG10+1)),">","")) | BJ10: =IF(($W10=($BF10-1)),$BF10,IF(($W10=($BG10-1)),$BG10,$W10)) -> 0 | BK10: =(IF((OR(($W10=($BF10-1)),($W10=($BG10+1)))),(CONCATENATE((BI10),(BJ10))),$W10)) -> 0 | BL10: =IF(($Z10=($BF10-1)),"<",IF(($Z10=($BG10+1)),">","")) | BM10: =IF(($Z10=($BF10-1)),$BF10,IF(($Z10=($BG10+1)),$BG10,$Z10)) -> 0 | BN10: =(IF((OR(($Z10=($BF10-1)),($Z10=($BG10+1)))),(CONCATENATE((BL10),(BM10))),$Z10)) -> 0 | BO10: =IF(($AA10=($BF10-1)),"<",IF(($AA10=($BG10+1)),">","")) | BP10: =IF((AA10=($BF10-1)),BG10,IF((AA10=($BG10+1)),$BG10,AA10)) -> 19.3 | BQ10: =(IF((OR(($AA10=($BF10-1)),($AA10=($BG10+1)))),(CONCATENATE((BO10),(BP10))),$AA10)) -> 19.3 | BT10: 24 | BU10: 30 | BW10: =(IF((B10=35.2),1,0)) -> 0 | BX10: =(IF((C10=35.2),1,0)) -> 0 | BY10: =(IF((D10=35.2),1,0)) -> 0 | BZ10: =(IF((E10=35.2),1,0)) -> 0 | CA10: =(IF((F10=35.2),1,0)) -> 0 | CB10: =(IF((G10=35.2),1,0)) -> 0
A11: D2S441 | B11: ='DADOS FINAIS'!B11 -> 10 | C11: ='DADOS FINAIS'!C11 -> 12 | D11: ='DADOS FINAIS'!F11 -> 10 | E11: ='DADOS FINAIS'!G11 -> 11 | F11: ='DADOS FINAIS'!D11 -> 10 | G11: ='DADOS FINAIS'!E11 -> 12 | H11: =(IF(CODE(B11)=(60),($BF11-1),(IF(CODE(B11)=(62),($BG11+1),B11)))) -> 10 | I11: =(IF(CODE(C11)=(60),($BF11-1),(IF(CODE(C11)=(62),($BG11+1),C11)))) -> 12 | J11: =(IF(CODE(D11)=(60),($BF11-1),(IF(CODE(D11)=(62),($BG11+1),D11)))) -> 10 | K11: =(IF(CODE(E11)=(60),($BF11-1),(IF(CODE(E11)=(62),($BG11+1),E11)))) -> 11 | L11: =(IF(CODE(F11)=(60),($BF11-1),(IF(CODE(F11)=(62),($BG11+1),F11)))) -> 10 | M11: =(IF(CODE(G11)=(60),($BF11-1),(IF(CODE(G11)=(62),($BG11+1),G11)))) -> 12 | N11: =IF((H11>I11),I11,H11) -> 10 | O11: =IF((I11>H11),I11,H11) -> 12 | P11: =IF((J11>K11),K11,J11) -> 10 | Q11: =IF((K11>J11),K11,J11) -> 11 | R11: =IF((L11>M11),M11,L11) -> 10 | S11: =IF((M11>L11),M11,L11) -> 12 | T11: =IF((P11=N11),P11,(IF((P11=O11),P11,0))) -> 10 | U11: =IF((Q11=N11),Q11,(IF((Q11=O11),Q11,0))) -> 0 | V11: =(IF((OR((P11=">22"),(Q11=">22"))),2,(IF(((T11+U11)=(P11+Q11)),0,1)))) -> 1 | W11: =IF(OR((T11=U11),(U11=0)),T11,(IF(AND((T11=0),(U11<>0)),U11,$AJ$7))) -> 10 | X11: =(ROUND( (IF((AND((T11=0),(U11=0))),D11,(IF((V11=2),S11,(IF((W11<>$AJ$7),(P11+Q11-W11),P11)))))),1)) -> 11 | Y11: =(ROUND( (IF((AND((T11=0),(U11=0))),E11,(IF((W11<>$AJ$7),0,Q11)))),1)) -> 0 | Z11: =(IF(OR((X11=R11),(X11=S11)),X11,0)) -> 0 | AA11: =(IF(AND((V11=0),(Z11=0),(OR((S11=T11),(S11=U11)))),Y11,(IF((Y11<>0),(IF(OR((Y11=R11),(Y11=S11)),Y11,0)),0)))) -> 0 | AB11: =IF(X11=0,0,VLOOKUP(X11,FREQUENCIAS!$1:$1048576,(IF(($A11=FREQUENCIAS!$D$1),4,"ERRO")),FREQUENCIAS!$1:$1048576)) -> 0.2886 | AC11: =IF(Y11=0,0,VLOOKUP(Y11,FREQUENCIAS!$1:$1048576,(IF(($A11=FREQUENCIAS!$D$1),4,"ERRO")),FREQUENCIAS!$1:$1048576)) -> 0 | AG11: =(IF((A11="ERRO-FT"),"6",((IF((AND(($Z11=0),($AA11=0),($AX$32="N"))),0,(IF((AND(($Z11=0),($AA11=0),(AX$32="S"))),1,(IF((AB11+AC11+AD11+AE11+AF11)<=$AI$7,$AI$7,(AB11+AC11+AD11+AE11+AF11)))))))))) -> 0 | AH11: =(IF((A11="ERRO-FT"),"15",(IF((AND(($Z11=0),($AA11=0),($AX$32="N"))),0,(IF((AND(($Z11=0),($AA11=0),(AX$32="S"))),$AY11,(IF(OR((AND(($B11=$C11),($C11=$D11),($D11=$E11),($E11=$F11),($F11=$G11))), ((AND(($N11=$P11),($P11=$R11),($O11=$Q11),($Q11=$S11),($N11<>$O11)))),(AND(($D11=$E11),($B11<>$C11),($E11=$F11),($F11=$G11))),((AND(($X11=$Z11),($F11=$G11))))),(1/$AG11),(1/(2*$AG11)))))))))) -> 0 | AI11: =(IF((AH11=0),0,(AH11/(AH11+1)))) -> 0 | AK11: =(1-AG11)^2 -> 1 | AM11: =IF((AND(($Z11=0),($AA11=0),($AX$32="N"))),"EXCLUI",(IF((AND(($Z11=0),($AA11=0),(AX$32="S"))),"MUTAÇÃO",(IF(OR((AND((B11=C11),(C11=D11),(D11=E11),(E11=F11),(F11=G11))),((AND((N11=P11),(P11=R11),(O11=Q11),(Q11=S11),(N11<>O11)))),(AND((D11=E11),(B11<>C11),(E11=F11),(F11=G11))),((AND((X11=Z11),(F11=G11))))),("1 / F"),("1 / 2F")))))) -> EXCLUI | AN11: =(IF((AND(($BD$31<=2),(BD11=1))),"MT",(IF((AND(($BD$31>2),(BD11=1))),"EM","OK")))) -> OK | AQ11: =(IF(OR((B11="<6"),(B11=">15"),(B11=6),(B11=15),(B11=#REF!),(B11=#REF!),(B11=#REF!),(B11=#REF!),(B11=#REF!),(B11=#REF!),(B11=#REF!),(B11=#REF!)),1,0)) -> #REF! | AR11: =(IF(OR((C11="<6"),(C11=">15"),(C11=6),(C11=15),(C11=#REF!),(C11=#REF!),(C11=#REF!),(C11=#REF!),(C11=#REF!),(C11=#REF!),(C11=#REF!),(C11=#REF!)),1,0)) -> #REF! | AS11: =(IF(OR((D11="<6"),(D11=">15"),(D11=6),(D11=15),(D11=#REF!),(D11=#REF!),(D11=#REF!),(D11=#REF!),(D11=#REF!),(D11=#REF!),(D11=#REF!),(D11=#REF!)),1,0)) -> #REF! | AT11: =(IF(OR((E11="<6"),(E11=">15"),(E11=6),(E11=15),(E11=#REF!),(E11=#REF!),(E11=#REF!),(E11=#REF!),(E11=#REF!),(E11=#REF!),(E11=#REF!),(E11=#REF!)),1,0)) -> #REF! | AU11: =(IF(OR((F11="<6"),(F11=">15"),(F11=6),(F11=15),(F11=#REF!),(F11=#REF!),(F11=#REF!),(F11=#REF!),(F11=#REF!),(F11=#REF!),(F11=#REF!),(F11=#REF!)),1,0)) -> #REF! | AV11: =(IF(OR((G11="<6"),(G11=">15"),(G11=6),(G11=15),(G11=#REF!),(G11=#REF!),(G11=#REF!),(G11=#REF!),(G11=#REF!),(G11=#REF!),(G11=#REF!),(G11=#REF!)),1,0)) -> #REF! | AX11: =IF(($AG11=0),1,0) -> 1 | AY11: =(IF((AND(($AX$32="S"),($AX$33="F"))),$BB$6,(IF((AND(($AX$32="S"),($AX$33="V"))),(BB11/(BA11)),0)))) -> 0 | BA11: =IF($A11=FREQUENCIAS!$D$1,FREQUENCIAS!$D$2,"ERRO NO PE") -> 0.513 | BB11: =IF($A11=FREQUENCIAS!$D$1,FREQUENCIAS!$D$3,"ERRO NA MUT") -> 0 | BC11: =(IF((AND(($AX$32="N"),($AX$34="O"),($AX11=1))),1,$AH11)) -> 0 | BD11: =IF((W11=0),1,0) -> 0 | BF11: 6 | BG11: 15 | BH11: =(IF((AND((B11>=$BF11),(B11<=$BG11),(C11>=$BF11),(C11<=$BG11),(D11>=$BF11),(D11<=$BG11),(E11>=$BF11),(E11<=$BG11),(F11>=$BF11),(F11<=$BG11),(G11>=$BF11),(G11<=$BG11))),"CORRETO",(IF((OR((B11="<6"),(C11="<6"),(D11="<6"),(E11="<6"),(F11="<6"),(G11="<6"),(B11=">15"),(C11=">15"),(D11=">15"),(E11=">15"),(F11=">15"),(G11=">15"))),"CORRETO","ALELO ERRADO")))) -> CORRETO | BI11: =IF(($W11=($BF11-1)),"<",IF(($W11=($BG11+1)),">","")) | BJ11: =IF(($W11=($BF11-1)),$BF11,IF(($W11=($BG11-1)),$BG11,$W11)) -> 10 | BK11: =(IF((OR(($W11=($BF11-1)),($W11=($BG11+1)))),(CONCATENATE((BI11),(BJ11))),$W11)) -> 10 | BL11: =IF(($Z11=($BF11-1)),"<",IF(($Z11=($BG11+1)),">","")) | BM11: =IF(($Z11=($BF11-1)),$BF11,IF(($Z11=($BG11+1)),$BG11,$Z11)) -> 0 | BN11: =(IF((OR(($Z11=($BF11-1)),($Z11=($BG11+1)))),(CONCATENATE((BL11),(BM11))),$Z11)) -> 0 | BO11: =IF(($AA11=($BF11-1)),"<",IF(($AA11=($BG11+1)),">","")) | BP11: =IF((AA11=($BF11-1)),BG11,IF((AA11=($BG11+1)),$BG11,AA11)) -> 0 | BQ11: =(IF((OR(($AA11=($BF11-1)),($AA11=($BG11+1)))),(CONCATENATE((BO11),(BP11))),$AA11)) -> 0 | BT11: 10 | BU11: 10
