Workbook

Sheet IPCMS
A1: IPCMS - Instituto de Perícias Científicas | J1: PLACA
C3: Extração Caixa | F3: PCR | J3: Observação
C4: Extração Perito
C5: Extração Data | F5: Reaction Mix: n x 5.25 uL =
F6: Primer: n x 2.75 uL =
C7: PCR Caixa | F7: Taq Gold: n x 0.25 uL =
C8: PCR Perito | F8: Água: n x 4.40 uL =
C9: PCR Data | F9: DNA 0.5-1.25ng
C10: PCR Maquina | F10: Volume Final 12.5 uL por reação
B12: 1 | C12: =B12+1 -> 2 | D12: =C12+1 -> 3 | E12: =D12+1 -> 4 | F12: =E12+1 -> 5 | G12: =F12+1 -> 6 | H12: =G12+1 -> 7 | I12: =H12+1 -> 8 | J12: =I12+1 -> 9 | ... M12: =L12+1 -> 12
A13: A
A14: B
A15: C
A16: D
A17: E
A18: F
A19: G
A20: H
C22: Diluição | F22: Eletroforese LIZ Lote | J22: Observação
A23: ABI 3130 | C23: Corrida Data
C24: Perito Data | F24: Formamida: n+4 x 8.7 uL =
C25: Análise Data | F25: GS500 LIZ: n+4 x 0.3 uL =
C26: Análise Perito | F26: Distribuir 9 uL/poço e adicionar
C27: Conferente | F27: 1 uL do produto de PCR ou ladder

Sheet EXPORTAR
A1: Container Name | B1: Description | C1: ContainerType | D1: AppType | E1: Owner | F1: Operator
A2: =IPCMS!K1 -> 0 | B2: 10_09_20 | C2: 96-Well | D2: Regular | E2: Bruno | F2: Bruno
A3: AppServer | B3: AppInstance
A4: GeneMapper | B4: GeneMapper_Generic_Instance
A5: Well | B5: Sample Name | C5: Comment | D5: Priority | E5: Sample Type | F5: Snp Set | G5: Analysis Method | H5: Panel | I5: User-Defined 3 | J5: Size Standard | K5: User-Defined 2 | L5: User-Defined 1 | M5: Results Group 1 | N5: Instrument Protocol 1
A6: A01 | B6: =IF((IPCMS!$B13)="",0,IPCMS!$B13) -> 0 | D6: =IF($B6="","",100) -> 100 | E6: =IF($B6="FUSION","Allelic Ladder","Sample") -> Sample | G6: =IF($B6="","","Fusion") -> Fusion | H6: =IF($B6="","","PowerPlex_Fusion_Panels_IDX_v2.0") -> PowerPlex_Fusion_Panels_IDX_v2.0 | J6: =IF($B6="","","CC5_ILS_500_IDX") -> CC5_ILS_500_IDX | M6: =IF($B6="","","Paternidade") -> Paternidade | N6: =IF($B6="","","Fusion") -> Fusion
A7: B01 | B7: =IF((IPCMS!$B14)="",0,IPCMS!$B14) -> 0 | D7: =IF($B7="","",100) -> 100 | E7: =IF($B7="FUSION","Allelic Ladder","Sample") -> Sample | G7: =IF($B7="","","Fusion") -> Fusion | H7: =IF($B7="","","PowerPlex_Fusion_Panels_IDX_v2.0") -> PowerPlex_Fusion_Panels_IDX_v2.0 | J7: =IF($B7="","","CC5_ILS_500_IDX") -> CC5_ILS_500_IDX | M7: =IF($B7="","","Paternidade") -> Paternidade | N7: =IF($B7="","","Fusion") -> Fusion
A8: C01 | B8: =IF((IPCMS!$B15)="",0,IPCMS!$B15) -> 0 | D8: =IF($B8="","",100) -> 100 | E8: =IF($B8="FUSION","Allelic Ladder","Sample") -> Sample | G8: =IF($B8="","","Fusion") -> Fusion | H8: =IF($B8="","","PowerPlex_Fusion_Panels_IDX_v2.0") -> PowerPlex_Fusion_Panels_IDX_v2.0 | J8: =IF($B8="","","CC5_ILS_500_IDX") -> CC5_ILS_500_IDX | M8: =IF($B8="","","Paternidade") -> Paternidade | N8: =IF($B8="","","Fusion") -> Fusion
A9: D01 | B9: =IF((IPCMS!$B16)="",0,IPCMS!$B16) -> 0 | D9: =IF($B9="","",100) -> 100 | E9: =IF($B9="FUSION","Allelic Ladder","Sample") -> Sample | G9: =IF($B9="","","Fusion") -> Fusion | H9: =IF($B9="","","PowerPlex_Fusion_Panels_IDX_v2.0") -> PowerPlex_Fusion_Panels_IDX_v2.0 | J9: =IF($B9="","","CC5_ILS_500_IDX") -> CC5_ILS_500_IDX | M9: =IF($B9="","","Paternidade") -> Paternidade | N9: =IF($B9="","","Fusion") -> Fusion
A10: E01 | B10: =IF((IPCMS!$B17)="",0,IPCMS!$B17) -> 0 | D10: =IF($B10="","",100) -> 100 | E10: =IF($B10="FUSION","Allelic Ladder","Sample") -> Sample | G10: =IF($B10="","","Fusion") -> Fusion | H10: =IF($B10="","","PowerPlex_Fusion_Panels_IDX_v2.0") -> PowerPlex_Fusion_Panels_IDX_v2.0 | J10: =IF($B10="","","CC5_ILS_500_IDX") -> CC5_ILS_500_IDX | M10: =IF($B10="","","Paternidade") -> Paternidade | N10: =IF($B10="","","Fusion") -> Fusion
A11: F01 | B11: =IF((IPCMS!$B18)="",0,IPCMS!$B18) -> 0 | D11: =IF($B11="","",100) -> 100 | E11: =IF($B11="FUSION","Allelic Ladder","Sample") -> Sample | G11: =IF($B11="","","Fusion") -> Fusion | H11: =IF($B11="","","PowerPlex_Fusion_Panels_IDX_v2.0") -> PowerPlex_Fusion_Panels_IDX_v2.0 | J11: =IF($B11="","","CC5_ILS_500_IDX") -> CC5_ILS_500_IDX | M11: =IF($B11="","","Paternidade") -> Paternidade | N11: =IF($B11="","","Fusion") -> Fusion
A12: G01 | B12: =IF((IPCMS!$B19)="",0,IPCMS!$B19) -> 0 | D12: =IF($B12="","",100) -> 100 | E12: =IF($B12="FUSION","Allelic Ladder","Sample") -> Sample | G12: =IF($B12="","","Fusion") -> Fusion | H12: =IF($B12="","","PowerPlex_Fusion_Panels_IDX_v2.0") -> PowerPlex_Fusion_Panels_IDX_v2.0 | J12: =IF($B12="","","CC5_ILS_500_IDX") -> CC5_ILS_500_IDX | M12: =IF($B12="","","Paternidade") -> Paternidade | N12: =IF($B12="","","Fusion") -> Fusion
A13: H01 | B13: =IF((IPCMS!$B20)="",0,IPCMS!$B20) -> 0 | D13: =IF($B13="","",100) -> 100 | E13: =IF($B13="FUSION","Allelic Ladder","Sample") -> Sample | G13: =IF($B13="","","Fusion") -> Fusion | H13: =IF($B13="","","PowerPlex_Fusion_Panels_IDX_v2.0") -> PowerPlex_Fusion_Panels_IDX_v2.0 | J13: =IF($B13="","","CC5_ILS_500_IDX") -> CC5_ILS_500_IDX | M13: =IF($B13="","","Paternidade") -> Paternidade | N13: =IF($B13="","","Fusion") -> Fusion
A14: A02 | B14: =IF((IPCMS!$C13)="",0,IPCMS!$C13) -> 0 | D14: =IF($B14="","",100) -> 100 | E14: =IF($B14="FUSION","Allelic Ladder","Sample") -> Sample | G14: =IF($B14="","","Fusion") -> Fusion | H14: =IF($B14="","","PowerPlex_Fusion_Panels_IDX_v2.0") -> PowerPlex_Fusion_Panels_IDX_v2.0 | J14: =IF($B14="","","CC5_ILS_500_IDX") -> CC5_ILS_500_IDX | M14: =IF($B14="","","Paternidade") -> Paternidade | N14: =IF($B14="","","Fusion") -> Fusion
A15: B02 | B15: =IF((IPCMS!$C14)="",0,IPCMS!$C14) -> 0 | D15: =IF($B15="","",100) -> 100 | E15: =IF($B15="FUSION","Allelic Ladder","Sample") -> Sample | G15: =IF($B15="","","Fusion") -> Fusion | H15: =IF($B15="","","PowerPlex_Fusion_Panels_IDX_v2.0") -> PowerPlex_Fusion_Panels_IDX_v2.0 | J15: =IF($B15="","","CC5_ILS_500_IDX") -> CC5_ILS_500_IDX | M15: =IF($B15="","","Paternidade") -> Paternidade | N15: =IF($B15="","","Fusion") -> Fusion
A16: C02 | B16: =IF((IPCMS!$C15)="",0,IPCMS!$C15) -> 0 | D16: =IF($B16="","",100) -> 100 | E16: =IF($B16="FUSION","Allelic Ladder","Sample") -> Sample | G16: =IF($B16="","","Fusion") -> Fusion | H16: =IF($B16="","","PowerPlex_Fusion_Panels_IDX_v2.0") -> PowerPlex_Fusion_Panels_IDX_v2.0 | J16: =IF($B16="","","CC5_ILS_500_IDX") -> CC5_ILS_500_IDX | M16: =IF($B16="","","Paternidade") -> Paternidade | N16: =IF($B16="","","Fusion") -> Fusion
A17: D02 | B17: =IF((IPCMS!$C16)="",0,IPCMS!$C16) -> 0 | D17: =IF($B17="","",100) -> 100 | E17: =IF($B17="FUSION","Allelic Ladder","Sample") -> Sample | G17: =IF($B17="","","Fusion") -> Fusion | H17: =IF($B17="","","PowerPlex_Fusion_Panels_IDX_v2.0") -> PowerPlex_Fusion_Panels_IDX_v2.0 | J17: =IF($B17="","","CC5_ILS_500_IDX") -> CC5_ILS_500_IDX | M17: =IF($B17="","","Paternidade") -> Paternidade | N17: =IF($B17="","","Fusion") -> Fusion
A18: E02 | B18: =IF((IPCMS!$C17)="",0,IPCMS!$C17) -> 0 | D18: =IF($B18="","",100) -> 100 | E18: =IF($B18="FUSION","Allelic Ladder","Sample") -> Sample | G18: =IF($B18="","","Fusion") -> Fusion | H18: =IF($B18="","","PowerPlex_Fusion_Panels_IDX_v2.0") -> PowerPlex_Fusion_Panels_IDX_v2.0 | J18: =IF($B18="","","CC5_ILS_500_IDX") -> CC5_ILS_500_IDX | M18: =IF($B18="","","Paternidade") -> Paternidade | N18: =IF($B18="","","Fusion") -> Fusion
A19: F02 | B19: =IF((IPCMS!$C18)="",0,IPCMS!$C18) -> 0 | D19: =IF($B19="","",100) -> 100 | E19: =IF($B19="FUSION","Allelic Ladder","Sample") -> Sample | G19: =IF($B19="","","Fusion") -> Fusion | H19: =IF($B19="","","PowerPlex_Fusion_Panels_IDX_v2.0") -> PowerPlex_Fusion_Panels_IDX_v2.0 | J19: =IF($B19="","","CC5_ILS_500_IDX") -> CC5_ILS_500_IDX | M19: =IF($B19="","","Paternidade") -> Paternidade | N19: =IF($B19="","","Fusion") -> Fusion
A20: G02 | B20: =IF((IPCMS!$C19)="",0,IPCMS!$C19) -> 0 | D20: =IF($B20="","",100) -> 100 | E20: =IF($B20="FUSION","Allelic Ladder","Sample") -> Sample | G20: =IF($B20="","","Fusion") -> Fusion | H20: =IF($B20="","","PowerPlex_Fusion_Panels_IDX_v2.0") -> PowerPlex_Fusion_Panels_IDX_v2.0 | J20: =IF($B20="","","CC5_ILS_500_IDX") -> CC5_ILS_500_IDX | M20: =IF($B20="","","Paternidade") -> Paternidade | N20: =IF($B20="","","Fusion") -> Fusion
A21: H02 | B21: =IF((IPCMS!$C20)="",0,IPCMS!$C20) -> 0 | D21: =IF($B21="","",100) -> 100 | E21: =IF($B21="FUSION","Allelic Ladder","Sample") -> Sample | G21: =IF($B21="","","Fusion") -> Fusion | H21: =IF($B21="","","PowerPlex_Fusion_Panels_IDX_v2.0") -> PowerPlex_Fusion_Panels_IDX_v2.0 | J21: =IF($B21="","","CC5_ILS_500_IDX") -> CC5_ILS_500_IDX | M21: =IF($B21="","","Paternidade") -> Paternidade | N21: =IF($B21="","","Fusion") -> Fusion
A22: A03 | B22: =IF((IPCMS!$D13)="",0,IPCMS!$D13) -> 0 | D22: =IF($B22="","",100) -> 100 | E22: =IF($B22="FUSION","Allelic Ladder","Sample") -> Sample | G22: =IF($B22="","","Fusion") -> Fusion | H22: =IF($B22="","","PowerPlex_Fusion_Panels_IDX_v2.0") -> PowerPlex_Fusion_Panels_IDX_v2.0 | J22: =IF($B22="","","CC5_ILS_500_IDX") -> CC5_ILS_500_IDX | M22: =IF($B22="","","Paternidade") -> Paternidade | N22: =IF($B22="","","Fusion") -> Fusion
A23: B03 | B23: =IF((IPCMS!$D14)="",0,IPCMS!$D14) -> 0 | D23: =IF($B23="","",100) -> 100 | E23: =IF($B23="FUSION","Allelic Ladder","Sample") -> Sample | G23: =IF($B23="","","Fusion") -> Fusion | H23: =IF($B23="","","PowerPlex_Fusion_Panels_IDX_v2.0") -> PowerPlex_Fusion_Panels_IDX_v2.0 | J23: =IF($B23="","","CC5_ILS_500_IDX") -> CC5_ILS_500_IDX | M23: =IF($B23="","","Paternidade") -> Paternidade | N23: =IF($B23="","","Fusion") -> Fusion
A24: C03 | B24: =IF((IPCMS!$D15)="",0,IPCMS!$D15) -> 0 | D24: =IF($B24="","",100) -> 100 | E24: =IF($B24="FUSION","Allelic Ladder","Sample") -> Sample | G24: =IF($B24="","","Fusion") -> Fusion | H24: =IF($B24="","","PowerPlex_Fusion_Panels_IDX_v2.0") -> PowerPlex_Fusion_Panels_IDX_v2.0 | J24: =IF($B24="","","CC5_ILS_500_IDX") -> CC5_ILS_500_IDX | M24: =IF($B24="","","Paternidade") -> Paternidade | N24: =IF($B24="","","Fusion") -> Fusion
A25: D03 | B25: =IF((IPCMS!$D16)="",0,IPCMS!$D16) -> 0 | D25: =IF($B25="","",100) -> 100 | E25: =IF($B25="FUSION","Allelic Ladder","Sample") -> Sample | G25: =IF($B25="","","Fusion") -> Fusion | H25: =IF($B25="","","PowerPlex_Fusion_Panels_IDX_v2.0") -> PowerPlex_Fusion_Panels_IDX_v2.0 | J25: =IF($B25="","","CC5_ILS_500_IDX") -> CC5_ILS_500_IDX | M25: =IF($B25="","","Paternidade") -> Paternidade | N25: =IF($B25="","","Fusion") -> Fusion
A26: E03 | B26: =IF((IPCMS!$D17)="",0,IPCMS!$D17) -> 0 | D26: =IF($B26="","",100) -> 100 | E26: =IF($B26="FUSION","Allelic Ladder","Sample") -> Sample | G26: =IF($B26="","","Fusion") -> Fusion | H26: =IF($B26="","","PowerPlex_Fusion_Panels_IDX_v2.0") -> PowerPlex_Fusion_Panels_IDX_v2.0 | J26: =IF($B26="","","CC5_ILS_500_IDX") -> CC5_ILS_500_IDX | M26: =IF($B26="","","Paternidade") -> Paternidade | N26: =IF($B26="","","Fusion") -> Fusion
A27: F03 | B27: =IF((IPCMS!$D18)="",0,IPCMS!$D18) -> 0 | D27: =IF($B27="","",100) -> 100 | E27: =IF($B27="FUSION","Allelic Ladder","Sample") -> Sample | G27: =IF($B27="","","Fusion") -> Fusion | H27: =IF($B27="","","PowerPlex_Fusion_Panels_IDX_v2.0") -> PowerPlex_Fusion_Panels_IDX_v2.0 | J27: =IF($B27="","","CC5_ILS_500_IDX") -> CC5_ILS_500_IDX | M27: =IF($B27="","","Paternidade") -> Paternidade | N27: =IF($B27="","","Fusion") -> Fusion
A28: G03 | B28: =IF((IPCMS!$D19)="",0,IPCMS!$D19) -> 0 | D28: =IF($B28="","",100) -> 100 | E28: =IF($B28="FUSION","Allelic Ladder","Sample") -> Sample | G28: =IF($B28="","","Fusion") -> Fusion | H28: =IF($B28="","","PowerPlex_Fusion_Panels_IDX_v2.0") -> PowerPlex_Fusion_Panels_IDX_v2.0 | J28: =IF($B28="","","CC5_ILS_500_IDX") -> CC5_ILS_500_IDX | M28: =IF($B28="","","Paternidade") -> Paternidade | N28: =IF($B28="","","Fusion") -> Fusion
A29: H03 | B29: =IF((IPCMS!$D20)="",0,IPCMS!$D20) -> 0 | D29: =IF($B29="","",100) -> 100 | E29: =IF($B29="FUSION","Allelic Ladder","Sample") -> Sample | G29: =IF($B29="","","Fusion") -> Fusion | H29: =IF($B29="","","PowerPlex_Fusion_Panels_IDX_v2.0") -> PowerPlex_Fusion_Panels_IDX_v2.0 | J29: =IF($B29="","","CC5_ILS_500_IDX") -> CC5_ILS_500_IDX | M29: =IF($B29="","","Paternidade") -> Paternidade | N29: =IF($B29="","","Fusion") -> Fusion
A30: A04 | B30: =IF((IPCMS!$E13)="",0,IPCMS!$E13) -> 0 | D30: =IF($B30="","",100) -> 100 | E30: =IF($B30="FUSION","Allelic Ladder","Sample") -> Sample | G30: =IF($B30="","","Fusion") -> Fusion | H30: =IF($B30="","","PowerPlex_Fusion_Panels_IDX_v2.0") -> PowerPlex_Fusion_Panels_IDX_v2.0 | J30: =IF($B30="","","CC5_ILS_500_IDX") -> CC5_ILS_500_IDX | M30: =IF($B30="","","Paternidade") -> Paternidade | N30: =IF($B30="","","Fusion") -> Fusion
A31: B04 | B31: =IF((IPCMS!$E14)="",0,IPCMS!$E14) -> 0 | D31: =IF($B31="","",100) -> 100 | E31: =IF($B31="FUSION","Allelic Ladder","Sample") -> Sample | G31: =IF($B31="","","Fusion") -> Fusion | H31: =IF($B31="","","PowerPlex_Fusion_Panels_IDX_v2.0") -> PowerPlex_Fusion_Panels_IDX_v2.0 | J31: =IF($B31="","","CC5_ILS_500_IDX") -> CC5_ILS_500_IDX | M31: =IF($B31="","","Paternidade") -> Paternidade | N31: =IF($B31="","","Fusion") -> Fusion
A32: C04 | B32: =IF((IPCMS!$E15)="",0,IPCMS!$E15) -> 0 | D32: =IF($B32="","",100) -> 100 | E32: =IF($B32="FUSION","Allelic Ladder","Sample") -> Sample | G32: =IF($B32="","","Fusion") -> Fusion | H32: =IF($B32="","","PowerPlex_Fusion_Panels_IDX_v2.0") -> PowerPlex_Fusion_Panels_IDX_v2.0 | J32: =IF($B32="","","CC5_ILS_500_IDX") -> CC5_ILS_500_IDX | M32: =IF($B32="","","Paternidade") -> Paternidade | N32: =IF($B32="","","Fusion") -> Fusion
A33: D04 | B33: =IF((IPCMS!$E16)="",0,IPCMS!$E16) -> 0 | D33: =IF($B33="","",100) -> 100 | E33: =IF($B33="FUSION","Allelic Ladder","Sample") -> Sample | G33: =IF($B33="","","Fusion") -> Fusion | H33: =IF($B33="","","PowerPlex_Fusion_Panels_IDX_v2.0") -> PowerPlex_Fusion_Panels_IDX_v2.0 | J33: =IF($B33="","","CC5_ILS_500_IDX") -> CC5_ILS_500_IDX | M33: =IF($B33="","","Paternidade") -> Paternidade | N33: =IF($B33="","","Fusion") -> Fusion
A34: E04 | B34: =IF((IPCMS!$E17)="",0,IPCMS!$E17) -> 0 | D34: =IF($B34="","",100) -> 100 | E34: =IF($B34="FUSION","Allelic Ladder","Sample") -> Sample | G34: =IF($B34="","","Fusion") -> Fusion | H34: =IF($B34="","","PowerPlex_Fusion_Panels_IDX_v2.0") -> PowerPlex_Fusion_Panels_IDX_v2.0 | J34: =IF($B34="","","CC5_ILS_500_IDX") -> CC5_ILS_500_IDX | M34: =IF($B34="","","Paternidade") -> Paternidade | N34: =IF($B34="","","Fusion") -> Fusion
A35: F04 | B35: =IF((IPCMS!$E18)="",0,IPCMS!$E18) -> 0 | D35: =IF($B35="","",100) -> 100 | E35: =IF($B35="FUSION","Allelic Ladder","Sample") -> Sample | G35: =IF($B35="","","Fusion") -> Fusion | H35: =IF($B35="","","PowerPlex_Fusion_Panels_IDX_v2.0") -> PowerPlex_Fusion_Panels_IDX_v2.0 | J35: =IF($B35="","","CC5_ILS_500_IDX") -> CC5_ILS_500_IDX | M35: =IF($B35="","","Paternidade") -> Paternidade | N35: =IF($B35="","","Fusion") -> Fusion
A36: G04 | B36: =IF((IPCMS!$E19)="",0,IPCMS!$E19) -> 0 | D36: =IF($B36="","",100) -> 100 | E36: =IF($B36="FUSION","Allelic Ladder","Sample") -> Sample | G36: =IF($B36="","","Fusion") -> Fusion | H36: =IF($B36="","","PowerPlex_Fusion_Panels_IDX_v2.0") -> PowerPlex_Fusion_Panels_IDX_v2.0 | J36: =IF($B36="","","CC5_ILS_500_IDX") -> CC5_ILS_500_IDX | M36: =IF($B36="","","Paternidade") -> Paternidade | N36: =IF($B36="","","Fusion") -> Fusion
A37: H04 | B37: =IF((IPCMS!$E20)="",0,IPCMS!$E20) -> 0 | D37: =IF($B37="","",100) -> 100 | E37: =IF($B37="FUSION","Allelic Ladder","Sample") -> Sample | G37: =IF($B37="","","Fusion") -> Fusion | H37: =IF($B37="","","PowerPlex_Fusion_Panels_IDX_v2.0") -> PowerPlex_Fusion_Panels_IDX_v2.0 | J37: =IF($B37="","","CC5_ILS_500_IDX") -> CC5_ILS_500_IDX | M37: =IF($B37="","","Paternidade") -> Paternidade | N37: =IF($B37="","","Fusion") -> Fusion
A38: A05 | B38: =IF((IPCMS!$F13)="",0,IPCMS!$F13) -> 0 | D38: =IF($B38="","",100) -> 100 | E38: =IF($B38="FUSION","Allelic Ladder","Sample") -> Sample | G38: =IF($B38="","","Fusion") -> Fusion | H38: =IF($B38="","","PowerPlex_Fusion_Panels_IDX_v2.0") -> PowerPlex_Fusion_Panels_IDX_v2.0 | J38: =IF($B38="","","CC5_ILS_500_IDX") -> CC5_ILS_500_IDX | M38: =IF($B38="","","Paternidade") -> Paternidade | N38: =IF($B38="","","Fusion") -> Fusion
A39: B05 | B39: =IF((IPCMS!$F14)="",0,IPCMS!$F14) -> 0 | D39: =IF($B39="","",100) -> 100 | E39: =IF($B39="FUSION","Allelic Ladder","Sample") -> Sample | G39: =IF($B39="","","Fusion") -> Fusion | H39: =IF($B39="","","PowerPlex_Fusion_Panels_IDX_v2.0") -> PowerPlex_Fusion_Panels_IDX_v2.0 | J39: =IF($B39="","","CC5_ILS_500_IDX") -> CC5_ILS_500_IDX | M39: =IF($B39="","","Paternidade") -> Paternidade | N39: =IF($B39="","","Fusion") -> Fusion
A40: C05 | B40: =IF((IPCMS!$F15)="",0,IPCMS!$F15) -> 0 | D40: =IF($B40="","",100) -> 100 | E40: =IF($B40="FUSION","Allelic Ladder","Sample") -> Sample | G40: =IF($B40="","","Fusion") -> Fusion | H40: =IF($B40="","","PowerPlex_Fusion_Panels_IDX_v2.0") -> PowerPlex_Fusion_Panels_IDX_v2.0 | J40: =IF($B40="","","CC5_ILS_500_IDX") -> CC5_ILS_500_IDX | M40: =IF($B40="","","Paternidade") -> Paternidade | N40: =IF($B40="","","Fusion") -> Fusion
A41: D05 | B41: =IF((IPCMS!$F16)="",0,IPCMS!$F16) -> 0 | D41: =IF($B41="","",100) -> 100 | E41: =IF($B41="FUSION","Allelic Ladder","Sample") -> Sample | G41: =IF($B41="","","Fusion") -> Fusion | H41: =IF($B41="","","PowerPlex_Fusion_Panels_IDX_v2.0") -> PowerPlex_Fusion_Panels_IDX_v2.0 | J41: =IF($B41="","","CC5_ILS_500_IDX") -> CC5_ILS_500_IDX | M41: =IF($B41="","","Paternidade") -> Paternidade | N41: =IF($B41="","","Fusion") -> Fusion
A42: E05 | B42: =IF((IPCMS!$F17)="",0,IPCMS!$F17) -> 0 | D42: =IF($B42="","",100) -> 100 | E42: =IF($B42="FUSION","Allelic Ladder","Sample") -> Sample | G42: =IF($B42="","","Fusion") -> Fusion | H42: =IF($B42="","","PowerPlex_Fusion_Panels_IDX_v2.0") -> PowerPlex_Fusion_Panels_IDX_v2.0 | J42: =IF($B42="","","CC5_ILS_500_IDX") -> CC5_ILS_500_IDX | M42: =IF($B42="","","Paternidade") -> Paternidade | N42: =IF($B42="","","Fusion") -> Fusion
A43: F05 | B43: =IF((IPCMS!$F18)="",0,IPCMS!$F18) -> 0 | D43: =IF($B43="","",100) -> 100 | E43: =IF($B43="FUSION","Allelic Ladder","Sample") -> Sample | G43: =IF($B43="","","Fusion") -> Fusion | H43: =IF($B43="","","PowerPlex_Fusion_Panels_IDX_v2.0") -> PowerPlex_Fusion_Panels_IDX_v2.0 | J43: =IF($B43="","","CC5_ILS_500_IDX") -> CC5_ILS_500_IDX | M43: =IF($B43="","","Paternidade") -> Paternidade | N43: =IF($B43="","","Fusion") -> Fusion
A44: G05 | B44: =IF((IPCMS!$F19)="",0,IPCMS!$F19) -> 0 | D44: =IF($B44="","",100) -> 100 | E44: =IF($B44="FUSION","Allelic Ladder","Sample") -> Sample | G44: =IF($B44="","","Fusion") -> Fusion | H44: =IF($B44="","","PowerPlex_Fusion_Panels_IDX_v2.0") -> PowerPlex_Fusion_Panels_IDX_v2.0 | J44: =IF($B44="","","CC5_ILS_500_IDX") -> CC5_ILS_500_IDX | M44: =IF($B44="","","Paternidade") -> Paternidade | N44: =IF($B44="","","Fusion") -> Fusion
A45: H05 | B45: =IF((IPCMS!$F20)="",0,IPCMS!$F20) -> 0 | D45: =IF($B45="","",100) -> 100 | E45: =IF($B45="FUSION","Allelic Ladder","Sample") -> Sample | G45: =IF($B45="","","Fusion") -> Fusion | H45: =IF($B45="","","PowerPlex_Fusion_Panels_IDX_v2.0") -> PowerPlex_Fusion_Panels_IDX_v2.0 | J45: =IF($B45="","","CC5_ILS_500_IDX") -> CC5_ILS_500_IDX | M45: =IF($B45="","","Paternidade") -> Paternidade | N45: =IF($B45="","","Fusion") -> Fusion
A46: A06 | B46: =IF((IPCMS!$G13)="",0,IPCMS!$G13) -> 0 | D46: =IF($B46="","",100) -> 100 | E46: =IF($B46="FUSION","Allelic Ladder","Sample") -> Sample | G46: =IF($B46="","","Fusion") -> Fusion | H46: =IF($B46="","","PowerPlex_Fusion_Panels_IDX_v2.0") -> PowerPlex_Fusion_Panels_IDX_v2.0 | J46: =IF($B46="","","CC5_ILS_500_IDX") -> CC5_ILS_500_IDX | M46: =IF($B46="","","Paternidade") -> Paternidade | N46: =IF($B46="","","Fusion") -> Fusion
A47: B06 | B47: =IF((IPCMS!$G14)="",0,IPCMS!$G14) -> 0 | D47: =IF($B47="","",100) -> 100 | E47: =IF($B47="FUSION","Allelic Ladder","Sample") -> Sample | G47: =IF($B47="","","Fusion") -> Fusion | H47: =IF($B47="","","PowerPlex_Fusion_Panels_IDX_v2.0") -> PowerPlex_Fusion_Panels_IDX_v2.0 | J47: =IF($B47="","","CC5_ILS_500_IDX") -> CC5_ILS_500_IDX | M47: =IF($B47="","","Paternidade") -> Paternidade | N47: =IF($B47="","","Fusion") -> Fusion
A48: C06 | B48: =IF((IPCMS!$G15)="",0,IPCMS!$G15) -> 0 | D48: =IF($B48="","",100) -> 100 | E48: =IF($B48="FUSION","Allelic Ladder","Sample") -> Sample | G48: =IF($B48="","","Fusion") -> Fusion | H48: =IF($B48="","","PowerPlex_Fusion_Panels_IDX_v2.0") -> PowerPlex_Fusion_Panels_IDX_v2.0 | J48: =IF($B48="","","CC5_ILS_500_IDX") -> CC5_ILS_500_IDX | M48: =IF($B48="","","Paternidade") -> Paternidade | N48: =IF($B48="","","Fusion") -> Fusion
A49: D06 | B49: =IF((IPCMS!$G16)="",0,IPCMS!$G16) -> 0 | D49: =IF($B49="","",100) -> 100 | E49: =IF($B49="FUSION","Allelic Ladder","Sample") -> Sample | G49: =IF($B49="","","Fusion") -> Fusion | H49: =IF($B49="","","PowerPlex_Fusion_Panels_IDX_v2.0") -> PowerPlex_Fusion_Panels_IDX_v2.0 | J49: =IF($B49="","","CC5_ILS_500_IDX") -> CC5_ILS_500_IDX | M49: =IF($B49="","","Paternidade") -> Paternidade | N49: =IF($B49="","","Fusion") -> Fusion
A50: E06 | B50: =IF((IPCMS!$G17)="",0,IPCMS!$G17) -> 0 | D50: =IF($B50="","",100) -> 100 | E50: =IF($B50="FUSION","Allelic Ladder","Sample") -> Sample | G50: =IF($B50="","","Fusion") -> Fusion | H50: =IF($B50="","","PowerPlex_Fusion_Panels_IDX_v2.0") -> PowerPlex_Fusion_Panels_IDX_v2.0 | J50: =IF($B50="","","CC5_ILS_500_IDX") -> CC5_ILS_500_IDX | M50: =IF($B50="","","Paternidade") -> Paternidade | N50: =IF($B50="","","Fusion") -> Fusion
A51: F06 | B51: =IF((IPCMS!$G18)="",0,IPCMS!$G18) -> 0 | D51: =IF($B51="","",100) -> 100 | E51: =IF($B51="FUSION","Allelic Ladder","Sample") -> Sample | G51: =IF($B51="","","Fusion") -> Fusion | H51: =IF($B51="","","PowerPlex_Fusion_Panels_IDX_v2.0") -> PowerPlex_Fusion_Panels_IDX_v2.0 | J51: =IF($B51="","","CC5_ILS_500_IDX") -> CC5_ILS_500_IDX | M51: =IF($B51="","","Paternidade") -> Paternidade | N51: =IF($B51="","","Fusion") -> Fusion
A52: G06 | B52: =IF((IPCMS!$G19)="",0,IPCMS!$G19) -> 0 | D52: =IF($B52="","",100) -> 100 | E52: =IF($B52="FUSION","Allelic Ladder","Sample") -> Sample | G52: =IF($B52="","","Fusion") -> Fusion | H52: =IF($B52="","","PowerPlex_Fusion_Panels_IDX_v2.0") -> PowerPlex_Fusion_Panels_IDX_v2.0 | J52: =IF($B52="","","CC5_ILS_500_IDX") -> CC5_ILS_500_IDX | M52: =IF($B52="","","Paternidade") -> Paternidade | N52: =IF($B52="","","Fusion") -> Fusion
A53: H06 | B53: =IF((IPCMS!$G20)="",0,IPCMS!$G20) -> 0 | D53: =IF($B53="","",100) -> 100 | E53: =IF($B53="FUSION","Allelic Ladder","Sample") -> Sample | G53: =IF($B53="","","Fusion") -> Fusion | H53: =IF($B53="","","PowerPlex_Fusion_Panels_IDX_v2.0") -> PowerPlex_Fusion_Panels_IDX_v2.0 | J53: =IF($B53="","","CC5_ILS_500_IDX") -> CC5_ILS_500_IDX | M53: =IF($B53="","","Paternidade") -> Paternidade | N53: =IF($B53="","","Fusion") -> Fusion
A54: A07 | B54: =IF((IPCMS!$H13)="",0,IPCMS!$H13) -> 0 | D54: =IF($B54="","",100) -> 100 | E54: =IF($B54="FUSION","Allelic Ladder","Sample") -> Sample | G54: =IF($B54="","","Fusion") -> Fusion | H54: =IF($B54="","","PowerPlex_Fusion_Panels_IDX_v2.0") -> PowerPlex_Fusion_Panels_IDX_v2.0 | J54: =IF($B54="","","CC5_ILS_500_IDX") -> CC5_ILS_500_IDX | M54: =IF($B54="","","Paternidade") -> Paternidade | N54: =IF($B54="","","Fusion") -> Fusion
A55: B07 | B55: =IF((IPCMS!$H14)="",0,IPCMS!$H14) -> 0 | D55: =IF($B55="","",100) -> 100 | E55: =IF($B55="FUSION","Allelic Ladder","Sample") -> Sample | G55: =IF($B55="","","Fusion") -> Fusion | H55: =IF($B55="","","PowerPlex_Fusion_Panels_IDX_v2.0") -> PowerPlex_Fusion_Panels_IDX_v2.0 | J55: =IF($B55="","","CC5_ILS_500_IDX") -> CC5_ILS_500_IDX | M55: =IF($B55="","","Paternidade") -> Paternidade | N55: =IF($B55="","","Fusion") -> Fusion
A56: C07 | B56: =IF((IPCMS!$H15)="",0,IPCMS!$H15) -> 0 | D56: =IF($B56="","",100) -> 100 | E56: =IF($B56="FUSION","Allelic Ladder","Sample") -> Sample | G56: =IF($B56="","","Fusion") -> Fusion | H56: =IF($B56="","","PowerPlex_Fusion_Panels_IDX_v2.0") -> PowerPlex_Fusion_Panels_IDX_v2.0 | J56: =IF($B56="","","CC5_ILS_500_IDX") -> CC5_ILS_500_IDX | M56: =IF($B56="","","Paternidade") -> Paternidade | N56: =IF($B56="","","Fusion") -> Fusion
A57: D07 | B57: =IF((IPCMS!$H16)="",0,IPCMS!$H16) -> 0 | D57: =IF($B57="","",100) -> 100 | E57: =IF($B57="FUSION","Allelic Ladder","Sample") -> Sample | G57: =IF($B57="","","Fusion") -> Fusion | H57: =IF($B57="","","PowerPlex_Fusion_Panels_IDX_v2.0") -> PowerPlex_Fusion_Panels_IDX_v2.0 | J57: =IF($B57="","","CC5_ILS_500_IDX") -> CC5_ILS_500_IDX | M57: =IF($B57="","","Paternidade") -> Paternidade | N57: =IF($B57="","","Fusion") -> Fusion
A58: E07 | B58: =IF((IPCMS!$H17)="",0,IPCMS!$H17) -> 0 | D58: =IF($B58="","",100) -> 100 | E58: =IF($B58="FUSION","Allelic Ladder","Sample") -> Sample | G58: =IF($B58="","","Fusion") -> Fusion | H58: =IF($B58="","","PowerPlex_Fusion_Panels_IDX_v2.0") -> PowerPlex_Fusion_Panels_IDX_v2.0 | J58: =IF($B58="","","CC5_ILS_500_IDX") -> CC5_ILS_500_IDX | M58: =IF($B58="","","Paternidade") -> Paternidade | N58: =IF($B58="","","Fusion") -> Fusion
A59: F07 | B59: =IF((IPCMS!$H18)="",0,IPCMS!$H18) -> 0 | D59: =IF($B59="","",100) -> 100 | E59: =IF($B59="FUSION","Allelic Ladder","Sample") -> Sample | G59: =IF($B59="","","Fusion") -> Fusion | H59: =IF($B59="","","PowerPlex_Fusion_Panels_IDX_v2.0") -> PowerPlex_Fusion_Panels_IDX_v2.0 | J59: =IF($B59="","","CC5_ILS_500_IDX") -> CC5_ILS_500_IDX | M59: =IF($B59="","","Paternidade") -> Paternidade | N59: =IF($B59="","","Fusion") -> Fusion
A60: G07 | B60: =IF((IPCMS!$H19)="",0,IPCMS!$H19) -> 0 | D60: =IF($B60="","",100) -> 100 | E60: =IF($B60="FUSION","Allelic Ladder","Sample") -> Sample | G60: =IF($B60="","","Fusion") -> Fusion | H60: =IF($B60="","","PowerPlex_Fusion_Panels_IDX_v2.0") -> PowerPlex_Fusion_Panels_IDX_v2.0 | J60: =IF($B60="","","CC5_ILS_500_IDX") -> CC5_ILS_500_IDX | M60: =IF($B60="","","Paternidade") -> Paternidade | N60: =IF($B60="","","Fusion") -> Fusion
A61: H07 | B61: =IF((IPCMS!$H20)="",0,IPCMS!$H20) -> 0 | D61: =IF($B61="","",100) -> 100 | E61: =IF($B61="FUSION","Allelic Ladder","Sample") -> Sample | G61: =IF($B61="","","Fusion") -> Fusion | H61: =IF($B61="","","PowerPlex_Fusion_Panels_IDX_v2.0") -> PowerPlex_Fusion_Panels_IDX_v2.0 | J61: =IF($B61="","","CC5_ILS_500_IDX") -> CC5_ILS_500_IDX | M61: =IF($B61="","","Paternidade") -> Paternidade | N61: =IF($B61="","","Fusion") -> Fusion
A62: A08 | B62: =IF((IPCMS!$I13)="",0,IPCMS!$I13) -> 0 | D62: =IF($B62="","",100) -> 100 | E62: =IF($B62="FUSION","Allelic Ladder","Sample") -> Sample | G62: =IF($B62="","","Fusion") -> Fusion | H62: =IF($B62="","","PowerPlex_Fusion_Panels_IDX_v2.0") -> PowerPlex_Fusion_Panels_IDX_v2.0 | J62: =IF($B62="","","CC5_ILS_500_IDX") -> CC5_ILS_500_IDX | M62: =IF($B62="","","Paternidade") -> Paternidade | N62: =IF($B62="","","Fusion") -> Fusion
A63: B08 | B63: =IF((IPCMS!$I14)="",0,IPCMS!$I14) -> 0 | D63: =IF($B63="","",100) -> 100 | E63: =IF($B63="FUSION","Allelic Ladder","Sample") -> Sample | G63: =IF($B63="","","Fusion") -> Fusion | H63: =IF($B63="","","PowerPlex_Fusion_Panels_IDX_v2.0") -> PowerPlex_Fusion_Panels_IDX_v2.0 | J63: =IF($B63="","","CC5_ILS_500_IDX") -> CC5_ILS_500_IDX | M63: =IF($B63="","","Paternidade") -> Paternidade | N63: =IF($B63="","","Fusion") -> Fusion
A64: C08 | B64: =IF((IPCMS!$I15)="",0,IPCMS!$I15) -> 0 | D64: =IF($B64="","",100) -> 100 | E64: =IF($B64="FUSION","Allelic Ladder","Sample") -> Sample | G64: =IF($B64="","","Fusion") -> Fusion | H64: =IF($B64="","","PowerPlex_Fusion_Panels_IDX_v2.0") -> PowerPlex_Fusion_Panels_IDX_v2.0 | J64: =IF($B64="","","CC5_ILS_500_IDX") -> CC5_ILS_500_IDX | M64: =IF($B64="","","Paternidade") -> Paternidade | N64: =IF($B64="","","Fusion") -> Fusion
A65: D08 | B65: =IF((IPCMS!$I16)="",0,IPCMS!$I16) -> 0 | D65: =IF($B65="","",100) -> 100 | E65: =IF($B65="FUSION","Allelic Ladder","Sample") -> Sample | G65: =IF($B65="","","Fusion") -> Fusion | H65: =IF($B65="","","PowerPlex_Fusion_Panels_IDX_v2.0") -> PowerPlex_Fusion_Panels_IDX_v2.0 | J65: =IF($B65="","","CC5_ILS_500_IDX") -> CC5_ILS_500_IDX | M65: =IF($B65="","","Paternidade") -> Paternidade | N65: =IF($B65="","","Fusion") -> Fusion
A66: E08 | B66: =IF((IPCMS!$I17)="",0,IPCMS!$I17) -> 0 | D66: =IF($B66="","",100) -> 100 | E66: =IF($B66="FUSION","Allelic Ladder","Sample") -> Sample | G66: =IF($B66="","","Fusion") -> Fusion | H66: =IF($B66="","","PowerPlex_Fusion_Panels_IDX_v2.0") -> PowerPlex_Fusion_Panels_IDX_v2.0 | J66: =IF($B66="","","CC5_ILS_500_IDX") -> CC5_ILS_500_IDX | M66: =IF($B66="","","Paternidade") -> Paternidade | N66: =IF($B66="","","Fusion") -> Fusion
A67: F08 | B67: =IF((IPCMS!$I18)="",0,IPCMS!$I18) -> 0 | D67: =IF($B67="","",100) -> 100 | E67: =IF($B67="FUSION","Allelic Ladder","Sample") -> Sample | G67: =IF($B67="","","Fusion") -> Fusion | H67: =IF($B67="","","PowerPlex_Fusion_Panels_IDX_v2.0") -> PowerPlex_Fusion_Panels_IDX_v2.0 | J67: =IF($B67="","","CC5_ILS_500_IDX") -> CC5_ILS_500_IDX | M67: =IF($B67="","","Paternidade") -> Paternidade | N67: =IF($B67="","","Fusion") -> Fusion
A68: G08 | B68: =IF((IPCMS!$I19)="",0,IPCMS!$I19) -> 0 | D68: =IF($B68="","",100) -> 100 | E68: =IF($B68="FUSION","Allelic Ladder","Sample") -> Sample | G68: =IF($B68="","","Fusion") -> Fusion | H68: =IF($B68="","","PowerPlex_Fusion_Panels_IDX_v2.0") -> PowerPlex_Fusion_Panels_IDX_v2.0 | J68: =IF($B68="","","CC5_ILS_500_IDX") -> CC5_ILS_500_IDX | M68: =IF($B68="","","Paternidade") -> Paternidade | N68: =IF($B68="","","Fusion") -> Fusion
A69: H08 | B69: =IF((IPCMS!$I20)="",0,IPCMS!$I20) -> 0 | D69: =IF($B69="","",100) -> 100 | E69: =IF($B69="FUSION","Allelic Ladder","Sample") -> Sample | G69: =IF($B69="","","Fusion") -> Fusion | H69: =IF($B69="","","PowerPlex_Fusion_Panels_IDX_v2.0") -> PowerPlex_Fusion_Panels_IDX_v2.0 | J69: =IF($B69="","","CC5_ILS_500_IDX") -> CC5_ILS_500_IDX | M69: =IF($B69="","","Paternidade") -> Paternidade | N69: =IF($B69="","","Fusion") -> Fusion
A70: A09 | B70: =IF((IPCMS!$J13)="",0,IPCMS!$J13) -> 0 | D70: =IF($B70="","",100) -> 100 | E70: =IF($B70="FUSION","Allelic Ladder","Sample") -> Sample | G70: =IF($B70="","","Fusion") -> Fusion | H70: =IF($B70="","","PowerPlex_Fusion_Panels_IDX_v2.0") -> PowerPlex_Fusion_Panels_IDX_v2.0 | J70: =IF($B70="","","CC5_ILS_500_IDX") -> CC5_ILS_500_IDX | M70: =IF($B70="","","Paternidade") -> Paternidade | N70: =IF($B70="","","Fusion") -> Fusion
A71: B09 | B71: =IF((IPCMS!$J14)="",0,IPCMS!$J14) -> 0 | D71: =IF($B71="","",100) -> 100 | E71: =IF($B71="FUSION","Allelic Ladder","Sample") -> Sample | G71: =IF($B71="","","Fusion") -> Fusion | H71: =IF($B71="","","PowerPlex_Fusion_Panels_IDX_v2.0") -> PowerPlex_Fusion_Panels_IDX_v2.0 | J71: =IF($B71="","","CC5_ILS_500_IDX") -> CC5_ILS_500_IDX | M71: =IF($B71="","","Paternidade") -> Paternidade | N71: =IF($B71="","","Fusion") -> Fusion
A72: C09 | B72: =IF((IPCMS!$J15)="",0,IPCMS!$J15) -> 0 | D72: =IF($B72="","",100) -> 100 | E72: =IF($B72="FUSION","Allelic Ladder","Sample") -> Sample | G72: =IF($B72="","","Fusion") -> Fusion | H72: =IF($B72="","","PowerPlex_Fusion_Panels_IDX_v2.0") -> PowerPlex_Fusion_Panels_IDX_v2.0 | J72: =IF($B72="","","CC5_ILS_500_IDX") -> CC5_ILS_500_IDX | M72: =IF($B72="","","Paternidade") -> Paternidade | N72: =IF($B72="","","Fusion") -> Fusion
A73: D09 | B73: =IF((IPCMS!$J16)="",0,IPCMS!$J16) -> 0 | D73: =IF($B73="","",100) -> 100 | E73: =IF($B73="FUSION","Allelic Ladder","Sample") -> Sample | G73: =IF($B73="","","Fusion") -> Fusion | H73: =IF($B73="","","PowerPlex_Fusion_Panels_IDX_v2.0") -> PowerPlex_Fusion_Panels_IDX_v2.0 | J73: =IF($B73="","","CC5_ILS_500_IDX") -> CC5_ILS_500_IDX | M73: =IF($B73="","","Paternidade") -> Paternidade | N73: =IF($B73="","","Fusion") -> Fusion
A74: E09 | B74: =IF((IPCMS!$J17)="",0,IPCMS!$J17) -> 0 | D74: =IF($B74="","",100) -> 100 | E74: =IF($B74="FUSION","Allelic Ladder","Sample") -> Sample | G74: =IF($B74="","","Fusion") -> Fusion | H74: =IF($B74="","","PowerPlex_Fusion_Panels_IDX_v2.0") -> PowerPlex_Fusion_Panels_IDX_v2.0 | J74: =IF($B74="","","CC5_ILS_500_IDX") -> CC5_ILS_500_IDX | M74: =IF($B74="","","Paternidade") -> Paternidade | N74: =IF($B74="","","Fusion") -> Fusion
A75: F09 | B75: =IF((IPCMS!$J18)="",0,IPCMS!$J18) -> 0 | D75: =IF($B75="","",100) -> 100 | E75: =IF($B75="FUSION","Allelic Ladder","Sample") -> Sample | G75: =IF($B75="","","Fusion") -> Fusion | H75: =IF($B75="","","PowerPlex_Fusion_Panels_IDX_v2.0") -> PowerPlex_Fusion_Panels_IDX_v2.0 | J75: =IF($B75="","","CC5_ILS_500_IDX") -> CC5_ILS_500_IDX | M75: =IF($B75="","","Paternidade") -> Paternidade | N75: =IF($B75="","","Fusion") -> Fusion
A76: G09 | B76: =IF((IPCMS!$J19)="",0,IPCMS!$J19) -> 0 | D76: =IF($B76="","",100) -> 100 | E76: =IF($B76="FUSION","Allelic Ladder","Sample") -> Sample | G76: =IF($B76="","","Fusion") -> Fusion | H76: =IF($B76="","","PowerPlex_Fusion_Panels_IDX_v2.0") -> PowerPlex_Fusion_Panels_IDX_v2.0 | J76: =IF($B76="","","CC5_ILS_500_IDX") -> CC5_ILS_500_IDX | M76: =IF($B76="","","Paternidade") -> Paternidade | N76: =IF($B76="","","Fusion") -> Fusion
A77: H09 | B77: =IF((IPCMS!$J20)="",0,IPCMS!$J20) -> 0 | D77: =IF($B77="","",100) -> 100 | E77: =IF($B77="FUSION","Allelic Ladder","Sample") -> Sample | G77: =IF($B77="","","Fusion") -> Fusion | H77: =IF($B77="","","PowerPlex_Fusion_Panels_IDX_v2.0") -> PowerPlex_Fusion_Panels_IDX_v2.0 | J77: =IF($B77="","","CC5_ILS_500_IDX") -> CC5_ILS_500_IDX | M77: =IF($B77="","","Paternidade") -> Paternidade | N77: =IF($B77="","","Fusion") -> Fusion
A78: A10 | B78: =IF((IPCMS!$K13)="",0,IPCMS!$K13) -> 0 | D78: =IF($B78="","",100) -> 100 | E78: =IF($B78="FUSION","Allelic Ladder","Sample") -> Sample | G78: =IF($B78="","","Fusion") -> Fusion | H78: =IF($B78="","","PowerPlex_Fusion_Panels_IDX_v2.0") -> PowerPlex_Fusion_Panels_IDX_v2.0 | J78: =IF($B78="","","CC5_ILS_500_IDX") -> CC5_ILS_500_IDX | M78: =IF($B78="","","Paternidade") -> Paternidade | N78: =IF($B78="","","Fusion") -> Fusion
A79: B10 | B79: =IF((IPCMS!$K14)="",0,IPCMS!$K14) -> 0 | D79: =IF($B79="","",100) -> 100 | E79: =IF($B79="FUSION","Allelic Ladder","Sample") -> Sample | G79: =IF($B79="","","Fusion") -> Fusion | H79: =IF($B79="","","PowerPlex_Fusion_Panels_IDX_v2.0") -> PowerPlex_Fusion_Panels_IDX_v2.0 | J79: =IF($B79="","","CC5_ILS_500_IDX") -> CC5_ILS_500_IDX | M79: =IF($B79="","","Paternidade") -> Paternidade | N79: =IF($B79="","","Fusion") -> Fusion
A80: C10 | B80: =IF((IPCMS!$K15)="",0,IPCMS!$K15) -> 0 | D80: =IF($B80="","",100) -> 100 | E80: =IF($B80="FUSION","Allelic Ladder","Sample") -> Sample | G80: =IF($B80="","","Fusion") -> Fusion | H80: =IF($B80="","","PowerPlex_Fusion_Panels_IDX_v2.0") -> PowerPlex_Fusion_Panels_IDX_v2.0 | J80: =IF($B80="","","CC5_ILS_500_IDX") -> CC5_ILS_500_IDX | M80: =IF($B80="","","Paternidade") -> Paternidade | N80: =IF($B80="","","Fusion") -> Fusion
A81: D10 | B81: =IF((IPCMS!$K16)="",0,IPCMS!$K16) -> 0 | D81: =IF($B81="","",100) -> 100 | E81: =IF($B81="FUSION","Allelic Ladder","Sample") -> Sample | G81: =IF($B81="","","Fusion") -> Fusion | H81: =IF($B81="","","PowerPlex_Fusion_Panels_IDX_v2.0") -> PowerPlex_Fusion_Panels_IDX_v2.0 | J81: =IF($B81="","","CC5_ILS_500_IDX") -> CC5_ILS_500_IDX | M81: =IF($B81="","","Paternidade") -> Paternidade | N81: =IF($B81="","","Fusion") -> Fusion
A82: E10 | B82: =IF((IPCMS!$K17)="",0,IPCMS!$K17) -> 0 | D82: =IF($B82="","",100) -> 100 | E82: =IF($B82="FUSION","Allelic Ladder","Sample") -> Sample | G82: =IF($B82="","","Fusion") -> Fusion | H82: =IF($B82="","","PowerPlex_Fusion_Panels_IDX_v2.0") -> PowerPlex_Fusion_Panels_IDX_v2.0 | J82: =IF($B82="","","CC5_ILS_500_IDX") -> CC5_ILS_500_IDX | M82: =IF($B82="","","Paternidade") -> Paternidade | N82: =IF($B82="","","Fusion") -> Fusion
A83: F10 | B83: =IF((IPCMS!$K18)="",0,IPCMS!$K18) -> 0 | D83: =IF($B83="","",100) -> 100 | E83: =IF($B83="FUSION","Allelic Ladder","Sample") -> Sample | G83: =IF($B83="","","Fusion") -> Fusion | H83: =IF($B83="","","PowerPlex_Fusion_Panels_IDX_v2.0") -> PowerPlex_Fusion_Panels_IDX_v2.0 | J83: =IF($B83="","","CC5_ILS_500_IDX") -> CC5_ILS_500_IDX | M83: =IF($B83="","","Paternidade") -> Paternidade | N83: =IF($B83="","","Fusion") -> Fusion
A84: G10 | B84: =IF((IPCMS!$K19)="",0,IPCMS!$K19) -> 0 | D84: =IF($B84="","",100) -> 100 | E84: =IF($B84="FUSION","Allelic Ladder","Sample") -> Sample | G84: =IF($B84="","","Fusion") -> Fusion | H84: =IF($B84="","","PowerPlex_Fusion_Panels_IDX_v2.0") -> PowerPlex_Fusion_Panels_IDX_v2.0 | J84: =IF($B84="","","CC5_ILS_500_IDX") -> CC5_ILS_500_IDX | M84: =IF($B84="","","Paternidade") -> Paternidade | N84: =IF($B84="","","Fusion") -> Fusion
A85: H10 | B85: =IF((IPCMS!$K20)="",0,IPCMS!$K20) -> 0 | D85: =IF($B85="","",100) -> 100 | E85: =IF($B85="FUSION","Allelic Ladder","Sample") -> Sample | G85: =IF($B85="","","Fusion") -> Fusion | H85: =IF($B85="","","PowerPlex_Fusion_Panels_IDX_v2.0") -> PowerPlex_Fusion_Panels_IDX_v2.0 | J85: =IF($B85="","","CC5_ILS_500_IDX") -> CC5_ILS_500_IDX | M85: =IF($B85="","","Paternidade") -> Paternidade | N85: =IF($B85="","","Fusion") -> Fusion
A86: A11 | B86: =IF((IPCMS!$L13)="",0,IPCMS!$L13) -> 0 | D86: =IF($B86="","",100) -> 100 | E86: =IF($B86="FUSION","Allelic Ladder","Sample") -> Sample | G86: =IF($B86="","","Fusion") -> Fusion | H86: =IF($B86="","","PowerPlex_Fusion_Panels_IDX_v2.0") -> PowerPlex_Fusion_Panels_IDX_v2.0 | J86: =IF($B86="","","CC5_ILS_500_IDX") -> CC5_ILS_500_IDX | M86: =IF($B86="","","Paternidade") -> Paternidade | N86: =IF($B86="","","Fusion") -> Fusion
A87: B11 | B87: =IF((IPCMS!$L14)="",0,IPCMS!$L14) -> 0 | D87: =IF($B87="","",100) -> 100 | E87: =IF($B87="FUSION","Allelic Ladder","Sample") -> Sample | G87: =IF($B87="","","Fusion") -> Fusion | H87: =IF($B87="","","PowerPlex_Fusion_Panels_IDX_v2.0") -> PowerPlex_Fusion_Panels_IDX_v2.0 | J87: =IF($B87="","","CC5_ILS_500_IDX") -> CC5_ILS_500_IDX | M87: =IF($B87="","","Paternidade") -> Paternidade | N87: =IF($B87="","","Fusion") -> Fusion
A88: C11 | B88: =IF((IPCMS!$L15)="",0,IPCMS!$L15) -> 0 | D88: =IF($B88="","",100) -> 100 | E88: =IF($B88="FUSION","Allelic Ladder","Sample") -> Sample | G88: =IF($B88="","","Fusion") -> Fusion | H88: =IF($B88="","","PowerPlex_Fusion_Panels_IDX_v2.0") -> PowerPlex_Fusion_Panels_IDX_v2.0 | J88: =IF($B88="","","CC5_ILS_500_IDX") -> CC5_ILS_500_IDX | M88: =IF($B88="","","Paternidade") -> Paternidade | N88: =IF($B88="","","Fusion") -> Fusion
A89: D11 | B89: =IF((IPCMS!$L16)="",0,IPCMS!$L16) -> 0 | D89: =IF($B89="","",100) -> 100 | E89: =IF($B89="FUSION","Allelic Ladder","Sample") -> Sample | G89: =IF($B89="","","Fusion") -> Fusion | H89: =IF($B89="","","PowerPlex_Fusion_Panels_IDX_v2.0") -> PowerPlex_Fusion_Panels_IDX_v2.0 | J89: =IF($B89="","","CC5_ILS_500_IDX") -> CC5_ILS_500_IDX | M89: =IF($B89="","","Paternidade") -> Paternidade | N89: =IF($B89="","","Fusion") -> Fusion
A90: E11 | B90: =IF((IPCMS!$L17)="",0,IPCMS!$L17) -> 0 | D90: =IF($B90="","",100) -> 100 | E90: =IF($B90="FUSION","Allelic Ladder","Sample") -> Sample | G90: =IF($B90="","","Fusion") -> Fusion | H90: =IF($B90="","","PowerPlex_Fusion_Panels_IDX_v2.0") -> PowerPlex_Fusion_Panels_IDX_v2.0 | J90: =IF($B90="","","CC5_ILS_500_IDX") -> CC5_ILS_500_IDX | M90: =IF($B90="","","Paternidade") -> Paternidade | N90: =IF($B90="","","Fusion") -> Fusion
A91: F11 | B91: =IF((IPCMS!$L18)="",0,IPCMS!$L18) -> 0 | D91: =IF($B91="","",100) -> 100 | E91: =IF($B91="FUSION","Allelic Ladder","Sample") -> Sample | G91: =IF($B91="","","Fusion") -> Fusion | H91: =IF($B91="","","PowerPlex_Fusion_Panels_IDX_v2.0") -> PowerPlex_Fusion_Panels_IDX_v2.0 | J91: =IF($B91="","","CC5_ILS_500_IDX") -> CC5_ILS_500_IDX | M91: =IF($B91="","","Paternidade") -> Paternidade | N91: =IF($B91="","","Fusion") -> Fusion
A92: G11 | B92: =IF((IPCMS!$L19)="",0,IPCMS!$L19) -> 0 | D92: =IF($B92="","",100) -> 100 | E92: =IF($B92="FUSION","Allelic Ladder","Sample") -> Sample | G92: =IF($B92="","","Fusion") -> Fusion | H92: =IF($B92="","","PowerPlex_Fusion_Panels_IDX_v2.0") -> PowerPlex_Fusion_Panels_IDX_v2.0 | J92: =IF($B92="","","CC5_ILS_500_IDX") -> CC5_ILS_500_IDX | M92: =IF($B92="","","Paternidade") -> Paternidade | N92: =IF($B92="","","Fusion") -> Fusion
A93: H11 | B93: =IF((IPCMS!$L20)="",0,IPCMS!$L20) -> 0 | D93: =IF($B93="","",100) -> 100 | E93: =IF($B93="FUSION","Allelic Ladder","Sample") -> Sample | G93: =IF($B93="","","Fusion") -> Fusion | H93: =IF($B93="","","PowerPlex_Fusion_Panels_IDX_v2.0") -> PowerPlex_Fusion_Panels_IDX_v2.0 | J93: =IF($B93="","","CC5_ILS_500_IDX") -> CC5_ILS_500_IDX | M93: =IF($B93="","","Paternidade") -> Paternidade | N93: =IF($B93="","","Fusion") -> Fusion
A94: A12 | B94: =IF((IPCMS!$M13)="",0,IPCMS!$M13) -> 0 | D94: =IF($B94="","",100) -> 100 | E94: =IF($B94="FUSION","Allelic Ladder","Sample") -> Sample | G94: =IF($B94="","","Fusion") -> Fusion | H94: =IF($B94="","","PowerPlex_Fusion_Panels_IDX_v2.0") -> PowerPlex_Fusion_Panels_IDX_v2.0 | J94: =IF($B94="","","CC5_ILS_500_IDX") -> CC5_ILS_500_IDX | M94: =IF($B94="","","Paternidade") -> Paternidade | N94: =IF($B94="","","Fusion") -> Fusion
A95: B12 | B95: =IF((IPCMS!$M14)="",0,IPCMS!$M14) -> 0 | D95: =IF($B95="","",100) -> 100 | E95: =IF($B95="FUSION","Allelic Ladder","Sample") -> Sample | G95: =IF($B95="","","Fusion") -> Fusion | H95: =IF($B95="","","PowerPlex_Fusion_Panels_IDX_v2.0") -> PowerPlex_Fusion_Panels_IDX_v2.0 | J95: =IF($B95="","","CC5_ILS_500_IDX") -> CC5_ILS_500_IDX | M95: =IF($B95="","","Paternidade") -> Paternidade | N95: =IF($B95="","","Fusion") -> Fusion
A96: C12 | B96: =IF((IPCMS!$M15)="",0,IPCMS!$M15) -> 0 | D96: =IF($B96="","",100) -> 100 | E96: =IF($B96="FUSION","Allelic Ladder","Sample") -> Sample | G96: =IF($B96="","","Fusion") -> Fusion | H96: =IF($B96="","","PowerPlex_Fusion_Panels_IDX_v2.0") -> PowerPlex_Fusion_Panels_IDX_v2.0 | J96: =IF($B96="","","CC5_ILS_500_IDX") -> CC5_ILS_500_IDX | M96: =IF($B96="","","Paternidade") -> Paternidade | N96: =IF($B96="","","Fusion") -> Fusion
A97: D12 | B97: =IF((IPCMS!$M16)="",0,IPCMS!$M16) -> 0 | D97: =IF($B97="","",100) -> 100 | E97: =IF($B97="FUSION","Allelic Ladder","Sample") -> Sample | G97: =IF($B97="","","Fusion") -> Fusion | H97: =IF($B97="","","PowerPlex_Fusion_Panels_IDX_v2.0") -> PowerPlex_Fusion_Panels_IDX_v2.0 | J97: =IF($B97="","","CC5_ILS_500_IDX") -> CC5_ILS_500_IDX | M97: =IF($B97="","","Paternidade") -> Paternidade | N97: =IF($B97="","","Fusion") -> Fusion
A98: E12 | B98: =IF((IPCMS!$M17)="",0,IPCMS!$M17) -> 0 | D98: =IF($B98="","",100) -> 100 | E98: =IF($B98="FUSION","Allelic Ladder","Sample") -> Sample | G98: =IF($B98="","","Fusion") -> Fusion | H98: =IF($B98="","","PowerPlex_Fusion_Panels_IDX_v2.0") -> PowerPlex_Fusion_Panels_IDX_v2.0 | J98: =IF($B98="","","CC5_ILS_500_IDX") -> CC5_ILS_500_IDX | M98: =IF($B98="","","Paternidade") -> Paternidade | N98: =IF($B98="","","Fusion") -> Fusion
A99: F12 | B99: =IF((IPCMS!$M18)="",0,IPCMS!$M18) -> 0 | D99: =IF($B99="","",100) -> 100 | E99: =IF($B99="FUSION","Allelic Ladder","Sample") -> Sample | G99: =IF($B99="","","Fusion") -> Fusion | H99: =IF($B99="","","PowerPlex_Fusion_Panels_IDX_v2.0") -> PowerPlex_Fusion_Panels_IDX_v2.0 | J99: =IF($B99="","","CC5_ILS_500_IDX") -> CC5_ILS_500_IDX | M99: =IF($B99="","","Paternidade") -> Paternidade | N99: =IF($B99="","","Fusion") -> Fusion
A100: G12 | B100: =IF((IPCMS!$M19)="",0,IPCMS!$M19) -> 0 | D100: =IF($B100="","",100) -> 100 | E100: =IF($B100="FUSION","Allelic Ladder","Sample") -> Sample | G100: =IF($B100="","","Fusion") -> Fusion | H100: =IF($B100="","","PowerPlex_Fusion_Panels_IDX_v2.0") -> PowerPlex_Fusion_Panels_IDX_v2.0 | J100: =IF($B100="","","CC5_ILS_500_IDX") -> CC5_ILS_500_IDX | M100: =IF($B100="","","Paternidade") -> Paternidade | N100: =IF($B100="","","Fusion") -> Fusion
...

Sheet IMPRIMIR
C1: MAPA DE AMPLIFICAÇÃO | H1: DATA: | I1: =EXPORTAR!B2 -> 10_09_20
B4: H | C4: G | D4: F | E4: E | F4: D | G4: C | H4: B | I4: A
A5: 1 | J5: 1
A6: 2 | J6: 2
A7: 3 | J7: 3
A8: 4 | J8: 4
A9: 5 | J9: 5
A10: 6 | J10: 6
A11: 7 | B11: =IPCMS!H20 -> 0 | C11: =IPCMS!H19 -> 0 | D11: =IPCMS!H18 -> 0 | E11: =IPCMS!H17 -> 0 | F11: =IPCMS!H16 -> 0 | G11: =IPCMS!H15 -> 0 | H11: =IPCMS!H14 -> 0 | I11: =IPCMS!H13 -> 0 | J11: 7
A12: 8 | B12: =IPCMS!I20 -> 0 | C12: =IPCMS!I19 -> 0 | D12: =IPCMS!I18 -> 0 | E12: =IPCMS!I17 -> 0 | F12: =IPCMS!I16 -> 0 | G12: =IPCMS!I15 -> 0 | H12: =IPCMS!I14 -> 0 | I12: =IPCMS!I13 -> 0 | J12: 8
A13: 9 | B13: =IPCMS!J20 -> 0 | C13: =IPCMS!J19 -> 0 | D13: =IPCMS!J18 -> 0 | E13: =IPCMS!J17 -> 0 | F13: =IPCMS!J16 -> 0 | G13: =IPCMS!J15 -> 0 | H13: =IPCMS!J14 -> 0 | I13: =IPCMS!J13 -> 0 | J13: 9
A14: 10 | B14: =IPCMS!K20 -> 0 | C14: =IPCMS!K19 -> 0 | D14: =IPCMS!K18 -> 0 | E14: =IPCMS!K17 -> 0 | F14: =IPCMS!K16 -> 0 | G14: =IPCMS!K15 -> 0 | H14: =IPCMS!K14 -> 0 | I14: =IPCMS!K13 -> 0 | J14: 10
A15: 11 | F15: =IPCMS!L16 -> 0 | G15: =IPCMS!L15 -> 0 | H15: =IPCMS!L14 -> 0 | I15: =IPCMS!L13 -> 0 | J15: 11
A16: 12 | J16: 12
A18: Pipetagem e desnaturação: ____/____/20____ Responsáveis: ___________
A19: Corrida: ____/____/20____ Responsáveis: ___________
A20: Micropipetas: 16-2A ( ) 17 -2A ( ) 5 - 1C ( ) outros ( ) __________
A21: Lote: FOR + LIZ: ___________ Ladder: _____________ Outros: ____________
A22: Termociclador: 9600 ( ) 9700 ( )
